2026-08-11 08:33:31.905 +06:00 [INF] [Microsoft.Hosting.Lifetime] Now listening on: http://localhost:5000
2026-08-11 08:33:31.928 +06:00 [INF] [Microsoft.Hosting.Lifetime] Application started. Press Ctrl+C to shut down.
2026-08-11 08:33:31.929 +06:00 [INF] [Microsoft.Hosting.Lifetime] Hosting environment: Production
2026-08-11 08:33:31.930 +06:00 [INF] [Microsoft.Hosting.Lifetime] Content root path: C:\Users\Tarek\Desktop\assignment\src\AssignmentManagement.Api
2026-08-11 08:33:40.446 +06:00 [WRN] [Microsoft.AspNetCore.HttpsPolicy.HttpsRedirectionMiddleware] Failed to determine the https port for redirect.
2026-08-11 08:33:40.609 +06:00 [INF] [AssignmentManagement.Application.Services.AuthService] Tokens refreshed successfully for user 31 (student15@school.edu.bd)
2026-08-11 08:33:53.879 +06:00 [ERR] [AssignmentManagement.Api.Middleware.ExceptionMiddleware] Unhandled exception occurred while processing request GET /api/submissions/15395/preview
AssignmentManagement.Application.Common.NotFoundException: The specified submission file does not exist on disk.
   at AssignmentManagement.Infrastructure.Services.StorageService.GetFileAsync(String relativePath, Boolean isDownload, CancellationToken cancellationToken) in C:\Users\Tarek\Desktop\assignment\src\AssignmentManagement.Infrastructure\Services\StorageService.cs:line 139
   at AssignmentManagement.Application.Services.SubmissionService.GetSubmissionFileStreamAsync(Int32 submissionId, Boolean isPreview, CancellationToken cancellationToken) in C:\Users\Tarek\Desktop\assignment\src\AssignmentManagement.Application\Services\SubmissionService.cs:line 230
   at AssignmentManagement.Api.Controllers.SubmissionsController.Preview(Int32 id, CancellationToken cancellationToken) in C:\Users\Tarek\Desktop\assignment\src\AssignmentManagement.Api\Controllers\SubmissionsController.cs:line 88
   at Microsoft.AspNetCore.Mvc.Infrastructure.ActionMethodExecutor.TaskOfIActionResultExecutor.Execute(ActionContext actionContext, IActionResultTypeMapper mapper, ObjectMethodExecutor executor, Object controller, Object[] arguments)
   at Microsoft.AspNetCore.Mvc.Infrastructure.ControllerActionInvoker.<InvokeActionMethodAsync>g__Awaited|12_0(ControllerActionInvoker invoker, ValueTask`1 actionResultValueTask)
   at Microsoft.AspNetCore.Mvc.Infrastructure.ControllerActionInvoker.<InvokeNextActionFilterAsync>g__Awaited|10_0(ControllerActionInvoker invoker, Task lastTask, State next, Scope scope, Object state, Boolean isCompleted)
   at Microsoft.AspNetCore.Mvc.Infrastructure.ControllerActionInvoker.Rethrow(ActionExecutedContextSealed context)
   at Microsoft.AspNetCore.Mvc.Infrastructure.ControllerActionInvoker.Next(State& next, Scope& scope, Object& state, Boolean& isCompleted)
   at Microsoft.AspNetCore.Mvc.Infrastructure.ControllerActionInvoker.<InvokeInnerFilterAsync>g__Awaited|13_0(ControllerActionInvoker invoker, Task lastTask, State next, Scope scope, Object state, Boolean isCompleted)
   at Microsoft.AspNetCore.Mvc.Infrastructure.ResourceInvoker.<InvokeFilterPipelineAsync>g__Awaited|20_0(ResourceInvoker invoker, Task lastTask, State next, Scope scope, Object state, Boolean isCompleted)
   at Microsoft.AspNetCore.Mvc.Infrastructure.ResourceInvoker.<InvokeAsync>g__Awaited|17_0(ResourceInvoker invoker, Task task, IDisposable scope)
   at Microsoft.AspNetCore.Mvc.Infrastructure.ResourceInvoker.<InvokeAsync>g__Awaited|17_0(ResourceInvoker invoker, Task task, IDisposable scope)
   at Microsoft.AspNetCore.Authorization.AuthorizationMiddleware.Invoke(HttpContext context)
   at Microsoft.AspNetCore.Authentication.AuthenticationMiddleware.Invoke(HttpContext context)
   at Swashbuckle.AspNetCore.SwaggerUI.SwaggerUIMiddleware.Invoke(HttpContext httpContext)
   at Swashbuckle.AspNetCore.Swagger.SwaggerMiddleware.Invoke(HttpContext httpContext, ISwaggerProvider swaggerProvider)
   at AssignmentManagement.Api.Middleware.ExceptionMiddleware.InvokeAsync(HttpContext context) in C:\Users\Tarek\Desktop\assignment\src\AssignmentManagement.Api\Middleware\ExceptionMiddleware.cs:line 23
2026-08-11 08:33:53.907 +06:00 [ERR] [AssignmentManagement.Api.Middleware.ExceptionMiddleware] Unhandled exception occurred while processing request GET /api/submissions/15395/preview
AssignmentManagement.Application.Common.NotFoundException: The specified submission file does not exist on disk.
   at AssignmentManagement.Infrastructure.Services.StorageService.GetFileAsync(String relativePath, Boolean isDownload, CancellationToken cancellationToken) in C:\Users\Tarek\Desktop\assignment\src\AssignmentManagement.Infrastructure\Services\StorageService.cs:line 139
   at AssignmentManagement.Application.Services.SubmissionService.GetSubmissionFileStreamAsync(Int32 submissionId, Boolean isPreview, CancellationToken cancellationToken) in C:\Users\Tarek\Desktop\assignment\src\AssignmentManagement.Application\Services\SubmissionService.cs:line 230
   at AssignmentManagement.Api.Controllers.SubmissionsController.Preview(Int32 id, CancellationToken cancellationToken) in C:\Users\Tarek\Desktop\assignment\src\AssignmentManagement.Api\Controllers\SubmissionsController.cs:line 88
   at Microsoft.AspNetCore.Mvc.Infrastructure.ActionMethodExecutor.TaskOfIActionResultExecutor.Execute(ActionContext actionContext, IActionResultTypeMapper mapper, ObjectMethodExecutor executor, Object controller, Object[] arguments)
   at Microsoft.AspNetCore.Mvc.Infrastructure.ControllerActionInvoker.<InvokeActionMethodAsync>g__Awaited|12_0(ControllerActionInvoker invoker, ValueTask`1 actionResultValueTask)
   at Microsoft.AspNetCore.Mvc.Infrastructure.ControllerActionInvoker.<InvokeNextActionFilterAsync>g__Awaited|10_0(ControllerActionInvoker invoker, Task lastTask, State next, Scope scope, Object state, Boolean isCompleted)
   at Microsoft.AspNetCore.Mvc.Infrastructure.ControllerActionInvoker.Rethrow(ActionExecutedContextSealed context)
   at Microsoft.AspNetCore.Mvc.Infrastructure.ControllerActionInvoker.Next(State& next, Scope& scope, Object& state, Boolean& isCompleted)
   at Microsoft.AspNetCore.Mvc.Infrastructure.ControllerActionInvoker.<InvokeInnerFilterAsync>g__Awaited|13_0(ControllerActionInvoker invoker, Task lastTask, State next, Scope scope, Object state, Boolean isCompleted)
   at Microsoft.AspNetCore.Mvc.Infrastructure.ResourceInvoker.<InvokeFilterPipelineAsync>g__Awaited|20_0(ResourceInvoker invoker, Task lastTask, State next, Scope scope, Object state, Boolean isCompleted)
   at Microsoft.AspNetCore.Mvc.Infrastructure.ResourceInvoker.<InvokeAsync>g__Awaited|17_0(ResourceInvoker invoker, Task task, IDisposable scope)
   at Microsoft.AspNetCore.Mvc.Infrastructure.ResourceInvoker.<InvokeAsync>g__Awaited|17_0(ResourceInvoker invoker, Task task, IDisposable scope)
   at Microsoft.AspNetCore.Authorization.AuthorizationMiddleware.Invoke(HttpContext context)
   at Microsoft.AspNetCore.Authentication.AuthenticationMiddleware.Invoke(HttpContext context)
   at Swashbuckle.AspNetCore.SwaggerUI.SwaggerUIMiddleware.Invoke(HttpContext httpContext)
   at Swashbuckle.AspNetCore.Swagger.SwaggerMiddleware.Invoke(HttpContext httpContext, ISwaggerProvider swaggerProvider)
   at AssignmentManagement.Api.Middleware.ExceptionMiddleware.InvokeAsync(HttpContext context) in C:\Users\Tarek\Desktop\assignment\src\AssignmentManagement.Api\Middleware\ExceptionMiddleware.cs:line 23
2026-08-11 08:34:15.604 +06:00 [INF] [AssignmentManagement.Application.Services.AuthService] User 31 (student15@school.edu.bd) logged out
2026-08-11 08:34:18.316 +06:00 [INF] [AssignmentManagement.Application.Services.AuthService] Login attempt received for email 'student25@school.edu.bd' (length 12)
2026-08-11 08:34:18.436 +06:00 [INF] [AssignmentManagement.Application.Services.AuthService] User 41 (student25@school.edu.bd) logged in successfully with role "Student"
2026-08-11 08:34:29.615 +06:00 [INF] [AssignmentManagement.Application.Services.AuthService] User 41 (student25@school.edu.bd) logged out
2026-08-11 08:34:32.082 +06:00 [INF] [AssignmentManagement.Application.Services.AuthService] Login attempt received for email 'admin@school.edu.bd' (length 12)
2026-08-11 08:34:32.204 +06:00 [INF] [AssignmentManagement.Application.Services.AuthService] User 117 (admin@school.edu.bd) logged in successfully with role "Admin"
2026-08-11 08:38:04.154 +06:00 [INF] [Microsoft.Hosting.Lifetime] Now listening on: http://localhost:5000
2026-08-11 08:38:04.176 +06:00 [INF] [Microsoft.Hosting.Lifetime] Application started. Press Ctrl+C to shut down.
2026-08-11 08:38:04.176 +06:00 [INF] [Microsoft.Hosting.Lifetime] Hosting environment: Production
2026-08-11 08:38:04.176 +06:00 [INF] [Microsoft.Hosting.Lifetime] Content root path: C:\Users\Tarek\Desktop\assignment\src\AssignmentManagement.Api
2026-08-11 08:38:54.071 +06:00 [WRN] [Microsoft.AspNetCore.HttpsPolicy.HttpsRedirectionMiddleware] Failed to determine the https port for redirect.
2026-08-11 08:38:54.273 +06:00 [INF] [AssignmentManagement.Application.Services.AuthService] Login attempt received for email 'admin@example.com' (length 12)
2026-08-11 08:38:54.478 +06:00 [WRN] [AssignmentManagement.Application.Services.AuthService] Login failed: Password mismatch for user 1 (admin@example.com). Input Pwd Len: 12, Hash: $2a$11$ZiwLqzti
2026-08-11 08:38:54.489 +06:00 [ERR] [AssignmentManagement.Api.Middleware.ExceptionMiddleware] Unhandled exception occurred while processing request POST /api/auth/login
System.UnauthorizedAccessException: Invalid email or password.
   at AssignmentManagement.Application.Services.AuthService.LoginAsync(LoginRequestDto request, CancellationToken cancellationToken) in C:\Users\Tarek\Desktop\assignment\src\AssignmentManagement.Application\Services\AuthService.cs:line 55
   at AssignmentManagement.Api.Controllers.AuthController.Login(LoginRequestDto request, CancellationToken cancellationToken) in C:\Users\Tarek\Desktop\assignment\src\AssignmentManagement.Api\Controllers\AuthController.cs:line 21
   at lambda_method557(Closure, Object)
   at Microsoft.AspNetCore.Mvc.Infrastructure.ActionMethodExecutor.AwaitableObjectResultExecutor.Execute(ActionContext actionContext, IActionResultTypeMapper mapper, ObjectMethodExecutor executor, Object controller, Object[] arguments)
   at Microsoft.AspNetCore.Mvc.Infrastructure.ControllerActionInvoker.<InvokeActionMethodAsync>g__Awaited|12_0(ControllerActionInvoker invoker, ValueTask`1 actionResultValueTask)
   at Microsoft.AspNetCore.Mvc.Infrastructure.ControllerActionInvoker.<InvokeNextActionFilterAsync>g__Awaited|10_0(ControllerActionInvoker invoker, Task lastTask, State next, Scope scope, Object state, Boolean isCompleted)
   at Microsoft.AspNetCore.Mvc.Infrastructure.ControllerActionInvoker.Rethrow(ActionExecutedContextSealed context)
   at Microsoft.AspNetCore.Mvc.Infrastructure.ControllerActionInvoker.Next(State& next, Scope& scope, Object& state, Boolean& isCompleted)
   at Microsoft.AspNetCore.Mvc.Infrastructure.ControllerActionInvoker.<InvokeInnerFilterAsync>g__Awaited|13_0(ControllerActionInvoker invoker, Task lastTask, State next, Scope scope, Object state, Boolean isCompleted)
   at Microsoft.AspNetCore.Mvc.Infrastructure.ResourceInvoker.<InvokeFilterPipelineAsync>g__Awaited|20_0(ResourceInvoker invoker, Task lastTask, State next, Scope scope, Object state, Boolean isCompleted)
   at Microsoft.AspNetCore.Mvc.Infrastructure.ResourceInvoker.<InvokeAsync>g__Awaited|17_0(ResourceInvoker invoker, Task task, IDisposable scope)
   at Microsoft.AspNetCore.Mvc.Infrastructure.ResourceInvoker.<InvokeAsync>g__Awaited|17_0(ResourceInvoker invoker, Task task, IDisposable scope)
   at Microsoft.AspNetCore.Authorization.AuthorizationMiddleware.Invoke(HttpContext context)
   at Microsoft.AspNetCore.Authentication.AuthenticationMiddleware.Invoke(HttpContext context)
   at Swashbuckle.AspNetCore.SwaggerUI.SwaggerUIMiddleware.Invoke(HttpContext httpContext)
   at Swashbuckle.AspNetCore.Swagger.SwaggerMiddleware.Invoke(HttpContext httpContext, ISwaggerProvider swaggerProvider)
   at AssignmentManagement.Api.Middleware.ExceptionMiddleware.InvokeAsync(HttpContext context) in C:\Users\Tarek\Desktop\assignment\src\AssignmentManagement.Api\Middleware\ExceptionMiddleware.cs:line 23
2026-08-11 08:45:46.883 +06:00 [INF] [Microsoft.Hosting.Lifetime] Now listening on: http://localhost:5000
2026-08-11 08:45:46.907 +06:00 [INF] [Microsoft.Hosting.Lifetime] Application started. Press Ctrl+C to shut down.
2026-08-11 08:45:46.908 +06:00 [INF] [Microsoft.Hosting.Lifetime] Hosting environment: Production
2026-08-11 08:45:46.908 +06:00 [INF] [Microsoft.Hosting.Lifetime] Content root path: C:\Users\Tarek\Desktop\assignment\src\AssignmentManagement.Api
2026-08-11 08:45:46.969 +06:00 [WRN] [Microsoft.AspNetCore.HttpsPolicy.HttpsRedirectionMiddleware] Failed to determine the https port for redirect.
2026-08-11 08:48:34.675 +06:00 [INF] [AssignmentManagement.Application.Services.AuthService] User 117 (admin@school.edu.bd) logged out
2026-08-11 08:48:36.344 +06:00 [INF] [AssignmentManagement.Application.Services.AuthService] Login attempt received for email 'student11@school.edu.bd' (length 12)
2026-08-11 08:48:36.530 +06:00 [WRN] [AssignmentManagement.Application.Services.AuthService] Login failed: Password mismatch for user 27 (student11@school.edu.bd). Input Pwd Len: 12, Hash: $2a$11$Pvux3O9H
2026-08-11 08:48:36.532 +06:00 [ERR] [AssignmentManagement.Api.Middleware.ExceptionMiddleware] Unhandled exception occurred while processing request POST /api/auth/login
System.UnauthorizedAccessException: Invalid email or password.
   at AssignmentManagement.Application.Services.AuthService.LoginAsync(LoginRequestDto request, CancellationToken cancellationToken) in C:\Users\Tarek\Desktop\assignment\src\AssignmentManagement.Application\Services\AuthService.cs:line 55
   at AssignmentManagement.Api.Controllers.AuthController.Login(LoginRequestDto request, CancellationToken cancellationToken) in C:\Users\Tarek\Desktop\assignment\src\AssignmentManagement.Api\Controllers\AuthController.cs:line 21
   at lambda_method1049(Closure, Object)
   at Microsoft.AspNetCore.Mvc.Infrastructure.ActionMethodExecutor.AwaitableObjectResultExecutor.Execute(ActionContext actionContext, IActionResultTypeMapper mapper, ObjectMethodExecutor executor, Object controller, Object[] arguments)
   at Microsoft.AspNetCore.Mvc.Infrastructure.ControllerActionInvoker.<InvokeActionMethodAsync>g__Awaited|12_0(ControllerActionInvoker invoker, ValueTask`1 actionResultValueTask)
   at Microsoft.AspNetCore.Mvc.Infrastructure.ControllerActionInvoker.<InvokeNextActionFilterAsync>g__Awaited|10_0(ControllerActionInvoker invoker, Task lastTask, State next, Scope scope, Object state, Boolean isCompleted)
   at Microsoft.AspNetCore.Mvc.Infrastructure.ControllerActionInvoker.Rethrow(ActionExecutedContextSealed context)
   at Microsoft.AspNetCore.Mvc.Infrastructure.ControllerActionInvoker.Next(State& next, Scope& scope, Object& state, Boolean& isCompleted)
   at Microsoft.AspNetCore.Mvc.Infrastructure.ControllerActionInvoker.<InvokeInnerFilterAsync>g__Awaited|13_0(ControllerActionInvoker invoker, Task lastTask, State next, Scope scope, Object state, Boolean isCompleted)
   at Microsoft.AspNetCore.Mvc.Infrastructure.ResourceInvoker.<InvokeFilterPipelineAsync>g__Awaited|20_0(ResourceInvoker invoker, Task lastTask, State next, Scope scope, Object state, Boolean isCompleted)
   at Microsoft.AspNetCore.Mvc.Infrastructure.ResourceInvoker.<InvokeAsync>g__Awaited|17_0(ResourceInvoker invoker, Task task, IDisposable scope)
   at Microsoft.AspNetCore.Mvc.Infrastructure.ResourceInvoker.<InvokeAsync>g__Awaited|17_0(ResourceInvoker invoker, Task task, IDisposable scope)
   at Microsoft.AspNetCore.Authorization.AuthorizationMiddleware.Invoke(HttpContext context)
   at Microsoft.AspNetCore.Authentication.AuthenticationMiddleware.Invoke(HttpContext context)
   at Swashbuckle.AspNetCore.SwaggerUI.SwaggerUIMiddleware.Invoke(HttpContext httpContext)
   at Swashbuckle.AspNetCore.Swagger.SwaggerMiddleware.Invoke(HttpContext httpContext, ISwaggerProvider swaggerProvider)
   at AssignmentManagement.Api.Middleware.ExceptionMiddleware.InvokeAsync(HttpContext context) in C:\Users\Tarek\Desktop\assignment\src\AssignmentManagement.Api\Middleware\ExceptionMiddleware.cs:line 23
2026-08-11 08:48:39.177 +06:00 [INF] [AssignmentManagement.Application.Services.AuthService] Login attempt received for email 'student11@school.edu.bd' (length 12)
2026-08-11 08:48:39.302 +06:00 [WRN] [AssignmentManagement.Application.Services.AuthService] Login failed: Password mismatch for user 27 (student11@school.edu.bd). Input Pwd Len: 12, Hash: $2a$11$Pvux3O9H
2026-08-11 08:48:39.303 +06:00 [ERR] [AssignmentManagement.Api.Middleware.ExceptionMiddleware] Unhandled exception occurred while processing request POST /api/auth/login
System.UnauthorizedAccessException: Invalid email or password.
   at AssignmentManagement.Application.Services.AuthService.LoginAsync(LoginRequestDto request, CancellationToken cancellationToken) in C:\Users\Tarek\Desktop\assignment\src\AssignmentManagement.Application\Services\AuthService.cs:line 55
   at AssignmentManagement.Api.Controllers.AuthController.Login(LoginRequestDto request, CancellationToken cancellationToken) in C:\Users\Tarek\Desktop\assignment\src\AssignmentManagement.Api\Controllers\AuthController.cs:line 21
   at lambda_method1049(Closure, Object)
   at Microsoft.AspNetCore.Mvc.Infrastructure.ActionMethodExecutor.AwaitableObjectResultExecutor.Execute(ActionContext actionContext, IActionResultTypeMapper mapper, ObjectMethodExecutor executor, Object controller, Object[] arguments)
   at Microsoft.AspNetCore.Mvc.Infrastructure.ControllerActionInvoker.<InvokeActionMethodAsync>g__Awaited|12_0(ControllerActionInvoker invoker, ValueTask`1 actionResultValueTask)
   at Microsoft.AspNetCore.Mvc.Infrastructure.ControllerActionInvoker.<InvokeNextActionFilterAsync>g__Awaited|10_0(ControllerActionInvoker invoker, Task lastTask, State next, Scope scope, Object state, Boolean isCompleted)
   at Microsoft.AspNetCore.Mvc.Infrastructure.ControllerActionInvoker.Rethrow(ActionExecutedContextSealed context)
   at Microsoft.AspNetCore.Mvc.Infrastructure.ControllerActionInvoker.Next(State& next, Scope& scope, Object& state, Boolean& isCompleted)
   at Microsoft.AspNetCore.Mvc.Infrastructure.ControllerActionInvoker.<InvokeInnerFilterAsync>g__Awaited|13_0(ControllerActionInvoker invoker, Task lastTask, State next, Scope scope, Object state, Boolean isCompleted)
   at Microsoft.AspNetCore.Mvc.Infrastructure.ResourceInvoker.<InvokeFilterPipelineAsync>g__Awaited|20_0(ResourceInvoker invoker, Task lastTask, State next, Scope scope, Object state, Boolean isCompleted)
   at Microsoft.AspNetCore.Mvc.Infrastructure.ResourceInvoker.<InvokeAsync>g__Awaited|17_0(ResourceInvoker invoker, Task task, IDisposable scope)
   at Microsoft.AspNetCore.Mvc.Infrastructure.ResourceInvoker.<InvokeAsync>g__Awaited|17_0(ResourceInvoker invoker, Task task, IDisposable scope)
   at Microsoft.AspNetCore.Authorization.AuthorizationMiddleware.Invoke(HttpContext context)
   at Microsoft.AspNetCore.Authentication.AuthenticationMiddleware.Invoke(HttpContext context)
   at Swashbuckle.AspNetCore.SwaggerUI.SwaggerUIMiddleware.Invoke(HttpContext httpContext)
   at Swashbuckle.AspNetCore.Swagger.SwaggerMiddleware.Invoke(HttpContext httpContext, ISwaggerProvider swaggerProvider)
   at AssignmentManagement.Api.Middleware.ExceptionMiddleware.InvokeAsync(HttpContext context) in C:\Users\Tarek\Desktop\assignment\src\AssignmentManagement.Api\Middleware\ExceptionMiddleware.cs:line 23
2026-08-11 08:48:40.520 +06:00 [INF] [AssignmentManagement.Application.Services.AuthService] Login attempt received for email 'student11@school.edu.bd' (length 12)
2026-08-11 08:48:40.639 +06:00 [WRN] [AssignmentManagement.Application.Services.AuthService] Login failed: Password mismatch for user 27 (student11@school.edu.bd). Input Pwd Len: 12, Hash: $2a$11$Pvux3O9H
2026-08-11 08:48:40.639 +06:00 [ERR] [AssignmentManagement.Api.Middleware.ExceptionMiddleware] Unhandled exception occurred while processing request POST /api/auth/login
System.UnauthorizedAccessException: Invalid email or password.
   at AssignmentManagement.Application.Services.AuthService.LoginAsync(LoginRequestDto request, CancellationToken cancellationToken) in C:\Users\Tarek\Desktop\assignment\src\AssignmentManagement.Application\Services\AuthService.cs:line 55
   at AssignmentManagement.Api.Controllers.AuthController.Login(LoginRequestDto request, CancellationToken cancellationToken) in C:\Users\Tarek\Desktop\assignment\src\AssignmentManagement.Api\Controllers\AuthController.cs:line 21
   at lambda_method1049(Closure, Object)
   at Microsoft.AspNetCore.Mvc.Infrastructure.ActionMethodExecutor.AwaitableObjectResultExecutor.Execute(ActionContext actionContext, IActionResultTypeMapper mapper, ObjectMethodExecutor executor, Object controller, Object[] arguments)
   at Microsoft.AspNetCore.Mvc.Infrastructure.ControllerActionInvoker.<InvokeActionMethodAsync>g__Awaited|12_0(ControllerActionInvoker invoker, ValueTask`1 actionResultValueTask)
   at Microsoft.AspNetCore.Mvc.Infrastructure.ControllerActionInvoker.<InvokeNextActionFilterAsync>g__Awaited|10_0(ControllerActionInvoker invoker, Task lastTask, State next, Scope scope, Object state, Boolean isCompleted)
   at Microsoft.AspNetCore.Mvc.Infrastructure.ControllerActionInvoker.Rethrow(ActionExecutedContextSealed context)
   at Microsoft.AspNetCore.Mvc.Infrastructure.ControllerActionInvoker.Next(State& next, Scope& scope, Object& state, Boolean& isCompleted)
   at Microsoft.AspNetCore.Mvc.Infrastructure.ControllerActionInvoker.<InvokeInnerFilterAsync>g__Awaited|13_0(ControllerActionInvoker invoker, Task lastTask, State next, Scope scope, Object state, Boolean isCompleted)
   at Microsoft.AspNetCore.Mvc.Infrastructure.ResourceInvoker.<InvokeFilterPipelineAsync>g__Awaited|20_0(ResourceInvoker invoker, Task lastTask, State next, Scope scope, Object state, Boolean isCompleted)
   at Microsoft.AspNetCore.Mvc.Infrastructure.ResourceInvoker.<InvokeAsync>g__Awaited|17_0(ResourceInvoker invoker, Task task, IDisposable scope)
   at Microsoft.AspNetCore.Mvc.Infrastructure.ResourceInvoker.<InvokeAsync>g__Awaited|17_0(ResourceInvoker invoker, Task task, IDisposable scope)
   at Microsoft.AspNetCore.Authorization.AuthorizationMiddleware.Invoke(HttpContext context)
   at Microsoft.AspNetCore.Authentication.AuthenticationMiddleware.Invoke(HttpContext context)
   at Swashbuckle.AspNetCore.SwaggerUI.SwaggerUIMiddleware.Invoke(HttpContext httpContext)
   at Swashbuckle.AspNetCore.Swagger.SwaggerMiddleware.Invoke(HttpContext httpContext, ISwaggerProvider swaggerProvider)
   at AssignmentManagement.Api.Middleware.ExceptionMiddleware.InvokeAsync(HttpContext context) in C:\Users\Tarek\Desktop\assignment\src\AssignmentManagement.Api\Middleware\ExceptionMiddleware.cs:line 23
2026-08-11 08:48:45.385 +06:00 [INF] [AssignmentManagement.Application.Services.AuthService] Login attempt received for email 'student11@school.edu.bd' (length 8)
2026-08-11 08:48:45.511 +06:00 [WRN] [AssignmentManagement.Application.Services.AuthService] Login failed: Password mismatch for user 27 (student11@school.edu.bd). Input Pwd Len: 8, Hash: $2a$11$Pvux3O9H
2026-08-11 08:48:45.512 +06:00 [ERR] [AssignmentManagement.Api.Middleware.ExceptionMiddleware] Unhandled exception occurred while processing request POST /api/auth/login
System.UnauthorizedAccessException: Invalid email or password.
   at AssignmentManagement.Application.Services.AuthService.LoginAsync(LoginRequestDto request, CancellationToken cancellationToken) in C:\Users\Tarek\Desktop\assignment\src\AssignmentManagement.Application\Services\AuthService.cs:line 55
   at AssignmentManagement.Api.Controllers.AuthController.Login(LoginRequestDto request, CancellationToken cancellationToken) in C:\Users\Tarek\Desktop\assignment\src\AssignmentManagement.Api\Controllers\AuthController.cs:line 21
   at lambda_method1049(Closure, Object)
   at Microsoft.AspNetCore.Mvc.Infrastructure.ActionMethodExecutor.AwaitableObjectResultExecutor.Execute(ActionContext actionContext, IActionResultTypeMapper mapper, ObjectMethodExecutor executor, Object controller, Object[] arguments)
   at Microsoft.AspNetCore.Mvc.Infrastructure.ControllerActionInvoker.<InvokeActionMethodAsync>g__Awaited|12_0(ControllerActionInvoker invoker, ValueTask`1 actionResultValueTask)
   at Microsoft.AspNetCore.Mvc.Infrastructure.ControllerActionInvoker.<InvokeNextActionFilterAsync>g__Awaited|10_0(ControllerActionInvoker invoker, Task lastTask, State next, Scope scope, Object state, Boolean isCompleted)
   at Microsoft.AspNetCore.Mvc.Infrastructure.ControllerActionInvoker.Rethrow(ActionExecutedContextSealed context)
   at Microsoft.AspNetCore.Mvc.Infrastructure.ControllerActionInvoker.Next(State& next, Scope& scope, Object& state, Boolean& isCompleted)
   at Microsoft.AspNetCore.Mvc.Infrastructure.ControllerActionInvoker.<InvokeInnerFilterAsync>g__Awaited|13_0(ControllerActionInvoker invoker, Task lastTask, State next, Scope scope, Object state, Boolean isCompleted)
   at Microsoft.AspNetCore.Mvc.Infrastructure.ResourceInvoker.<InvokeFilterPipelineAsync>g__Awaited|20_0(ResourceInvoker invoker, Task lastTask, State next, Scope scope, Object state, Boolean isCompleted)
   at Microsoft.AspNetCore.Mvc.Infrastructure.ResourceInvoker.<InvokeAsync>g__Awaited|17_0(ResourceInvoker invoker, Task task, IDisposable scope)
   at Microsoft.AspNetCore.Mvc.Infrastructure.ResourceInvoker.<InvokeAsync>g__Awaited|17_0(ResourceInvoker invoker, Task task, IDisposable scope)
   at Microsoft.AspNetCore.Authorization.AuthorizationMiddleware.Invoke(HttpContext context)
   at Microsoft.AspNetCore.Authentication.AuthenticationMiddleware.Invoke(HttpContext context)
   at Swashbuckle.AspNetCore.SwaggerUI.SwaggerUIMiddleware.Invoke(HttpContext httpContext)
   at Swashbuckle.AspNetCore.Swagger.SwaggerMiddleware.Invoke(HttpContext httpContext, ISwaggerProvider swaggerProvider)
   at AssignmentManagement.Api.Middleware.ExceptionMiddleware.InvokeAsync(HttpContext context) in C:\Users\Tarek\Desktop\assignment\src\AssignmentManagement.Api\Middleware\ExceptionMiddleware.cs:line 23
2026-08-11 08:48:49.802 +06:00 [INF] [AssignmentManagement.Application.Services.AuthService] Login attempt received for email 'student15@school.edu.bd' (length 12)
2026-08-11 08:48:49.931 +06:00 [INF] [AssignmentManagement.Application.Services.AuthService] User 31 (student15@school.edu.bd) logged in successfully with role "Student"
2026-08-11 08:53:37.525 +06:00 [INF] [AssignmentManagement.Application.Services.AuthService] User 31 (student15@school.edu.bd) logged out
2026-08-11 08:53:39.018 +06:00 [INF] [AssignmentManagement.Application.Services.AuthService] Login attempt received for email 'student15@school.edu.bd' (length 12)
2026-08-11 08:53:39.139 +06:00 [INF] [AssignmentManagement.Application.Services.AuthService] User 31 (student15@school.edu.bd) logged in successfully with role "Student"
2026-08-11 09:03:40.740 +06:00 [INF] [AssignmentManagement.Application.Services.AuthService] User 31 (student15@school.edu.bd) logged out
2026-08-11 09:03:42.671 +06:00 [INF] [AssignmentManagement.Application.Services.AuthService] Login attempt received for email 'admin@school.edu.bd' (length 12)
2026-08-11 09:03:42.793 +06:00 [INF] [AssignmentManagement.Application.Services.AuthService] User 117 (admin@school.edu.bd) logged in successfully with role "Admin"
2026-08-11 09:04:10.868 +06:00 [INF] [AssignmentManagement.Application.Services.AuthService] User 117 (admin@school.edu.bd) logged out
2026-08-11 09:04:16.064 +06:00 [INF] [AssignmentManagement.Application.Services.AuthService] Login attempt received for email 'student15@school.edu.bd' (length 12)
2026-08-11 09:04:16.187 +06:00 [INF] [AssignmentManagement.Application.Services.AuthService] User 31 (student15@school.edu.bd) logged in successfully with role "Student"
2026-08-11 09:04:22.245 +06:00 [INF] [AssignmentManagement.Application.Services.AuthService] User 31 (student15@school.edu.bd) logged out
2026-08-11 09:04:25.865 +06:00 [INF] [AssignmentManagement.Application.Services.AuthService] Login attempt received for email 'admin@school.edu.bd' (length 12)
2026-08-11 09:04:25.987 +06:00 [INF] [AssignmentManagement.Application.Services.AuthService] User 117 (admin@school.edu.bd) logged in successfully with role "Admin"
2026-08-11 09:08:16.405 +06:00 [INF] [Microsoft.Hosting.Lifetime] Now listening on: http://localhost:5000
2026-08-11 09:08:16.428 +06:00 [INF] [Microsoft.Hosting.Lifetime] Application started. Press Ctrl+C to shut down.
2026-08-11 09:08:16.428 +06:00 [INF] [Microsoft.Hosting.Lifetime] Hosting environment: Production
2026-08-11 09:08:16.428 +06:00 [INF] [Microsoft.Hosting.Lifetime] Content root path: C:\Users\Tarek\Desktop\assignment\src\AssignmentManagement.Api
2026-08-11 09:08:42.405 +06:00 [WRN] [Microsoft.AspNetCore.HttpsPolicy.HttpsRedirectionMiddleware] Failed to determine the https port for redirect.
2026-08-11 09:37:01.826 +06:00 [INF] [AssignmentManagement.Application.Services.AuthService] User 117 (admin@school.edu.bd) logged out
2026-08-11 09:37:06.741 +06:00 [INF] [AssignmentManagement.Application.Services.AuthService] Login attempt received for email 'student15@school.edu.bd' (length 12)
2026-08-11 09:37:06.938 +06:00 [INF] [AssignmentManagement.Application.Services.AuthService] User 31 (student15@school.edu.bd) logged in successfully with role "Student"
2026-08-11 09:37:06.948 +06:00 [INF] [AssignmentManagement.Application.Services.AuthService] User 31 (student15@school.edu.bd) logged out
2026-08-11 09:37:12.385 +06:00 [INF] [AssignmentManagement.Application.Services.AuthService] Login attempt received for email 'admin@school.edu.bd' (length 12)
2026-08-11 09:37:12.506 +06:00 [INF] [AssignmentManagement.Application.Services.AuthService] User 117 (admin@school.edu.bd) logged in successfully with role "Admin"
2026-08-11 09:41:18.946 +06:00 [INF] [AssignmentManagement.Application.Services.AuthService] User 117 (admin@school.edu.bd) logged out
2026-08-11 09:41:21.022 +06:00 [INF] [AssignmentManagement.Application.Services.AuthService] Login attempt received for email 'student15@school.edu.bd' (length 12)
2026-08-11 09:41:21.142 +06:00 [INF] [AssignmentManagement.Application.Services.AuthService] User 31 (student15@school.edu.bd) logged in successfully with role "Student"
2026-08-11 09:42:45.498 +06:00 [ERR] [AssignmentManagement.Api.Middleware.ExceptionMiddleware] Unhandled exception occurred while processing request GET /api/submissions/24380/preview
AssignmentManagement.Application.Common.NotFoundException: The specified submission file does not exist on disk.
   at AssignmentManagement.Infrastructure.Services.StorageService.GetFileAsync(String relativePath, Boolean isDownload, CancellationToken cancellationToken) in C:\Users\Tarek\Desktop\assignment\src\AssignmentManagement.Infrastructure\Services\StorageService.cs:line 139
   at AssignmentManagement.Application.Services.SubmissionService.GetSubmissionFileStreamAsync(Int32 submissionId, Boolean isPreview, CancellationToken cancellationToken) in C:\Users\Tarek\Desktop\assignment\src\AssignmentManagement.Application\Services\SubmissionService.cs:line 230
   at AssignmentManagement.Api.Controllers.SubmissionsController.Preview(Int32 id, CancellationToken cancellationToken) in C:\Users\Tarek\Desktop\assignment\src\AssignmentManagement.Api\Controllers\SubmissionsController.cs:line 88
   at Microsoft.AspNetCore.Mvc.Infrastructure.ActionMethodExecutor.TaskOfIActionResultExecutor.Execute(ActionContext actionContext, IActionResultTypeMapper mapper, ObjectMethodExecutor executor, Object controller, Object[] arguments)
   at Microsoft.AspNetCore.Mvc.Infrastructure.ControllerActionInvoker.<InvokeActionMethodAsync>g__Awaited|12_0(ControllerActionInvoker invoker, ValueTask`1 actionResultValueTask)
   at Microsoft.AspNetCore.Mvc.Infrastructure.ControllerActionInvoker.<InvokeNextActionFilterAsync>g__Awaited|10_0(ControllerActionInvoker invoker, Task lastTask, State next, Scope scope, Object state, Boolean isCompleted)
   at Microsoft.AspNetCore.Mvc.Infrastructure.ControllerActionInvoker.Rethrow(ActionExecutedContextSealed context)
   at Microsoft.AspNetCore.Mvc.Infrastructure.ControllerActionInvoker.Next(State& next, Scope& scope, Object& state, Boolean& isCompleted)
   at Microsoft.AspNetCore.Mvc.Infrastructure.ControllerActionInvoker.<InvokeInnerFilterAsync>g__Awaited|13_0(ControllerActionInvoker invoker, Task lastTask, State next, Scope scope, Object state, Boolean isCompleted)
   at Microsoft.AspNetCore.Mvc.Infrastructure.ResourceInvoker.<InvokeFilterPipelineAsync>g__Awaited|20_0(ResourceInvoker invoker, Task lastTask, State next, Scope scope, Object state, Boolean isCompleted)
   at Microsoft.AspNetCore.Mvc.Infrastructure.ResourceInvoker.<InvokeAsync>g__Awaited|17_0(ResourceInvoker invoker, Task task, IDisposable scope)
   at Microsoft.AspNetCore.Mvc.Infrastructure.ResourceInvoker.<InvokeAsync>g__Awaited|17_0(ResourceInvoker invoker, Task task, IDisposable scope)
   at Microsoft.AspNetCore.Authorization.AuthorizationMiddleware.Invoke(HttpContext context)
   at Microsoft.AspNetCore.Authentication.AuthenticationMiddleware.Invoke(HttpContext context)
   at Swashbuckle.AspNetCore.SwaggerUI.SwaggerUIMiddleware.Invoke(HttpContext httpContext)
   at Swashbuckle.AspNetCore.Swagger.SwaggerMiddleware.Invoke(HttpContext httpContext, ISwaggerProvider swaggerProvider)
   at AssignmentManagement.Api.Middleware.ExceptionMiddleware.InvokeAsync(HttpContext context) in C:\Users\Tarek\Desktop\assignment\src\AssignmentManagement.Api\Middleware\ExceptionMiddleware.cs:line 23
2026-08-11 09:42:45.518 +06:00 [ERR] [AssignmentManagement.Api.Middleware.ExceptionMiddleware] Unhandled exception occurred while processing request GET /api/submissions/24380/preview
AssignmentManagement.Application.Common.NotFoundException: The specified submission file does not exist on disk.
   at AssignmentManagement.Infrastructure.Services.StorageService.GetFileAsync(String relativePath, Boolean isDownload, CancellationToken cancellationToken) in C:\Users\Tarek\Desktop\assignment\src\AssignmentManagement.Infrastructure\Services\StorageService.cs:line 139
   at AssignmentManagement.Application.Services.SubmissionService.GetSubmissionFileStreamAsync(Int32 submissionId, Boolean isPreview, CancellationToken cancellationToken) in C:\Users\Tarek\Desktop\assignment\src\AssignmentManagement.Application\Services\SubmissionService.cs:line 230
   at AssignmentManagement.Api.Controllers.SubmissionsController.Preview(Int32 id, CancellationToken cancellationToken) in C:\Users\Tarek\Desktop\assignment\src\AssignmentManagement.Api\Controllers\SubmissionsController.cs:line 88
   at Microsoft.AspNetCore.Mvc.Infrastructure.ActionMethodExecutor.TaskOfIActionResultExecutor.Execute(ActionContext actionContext, IActionResultTypeMapper mapper, ObjectMethodExecutor executor, Object controller, Object[] arguments)
   at Microsoft.AspNetCore.Mvc.Infrastructure.ControllerActionInvoker.<InvokeActionMethodAsync>g__Awaited|12_0(ControllerActionInvoker invoker, ValueTask`1 actionResultValueTask)
   at Microsoft.AspNetCore.Mvc.Infrastructure.ControllerActionInvoker.<InvokeNextActionFilterAsync>g__Awaited|10_0(ControllerActionInvoker invoker, Task lastTask, State next, Scope scope, Object state, Boolean isCompleted)
   at Microsoft.AspNetCore.Mvc.Infrastructure.ControllerActionInvoker.Rethrow(ActionExecutedContextSealed context)
   at Microsoft.AspNetCore.Mvc.Infrastructure.ControllerActionInvoker.Next(State& next, Scope& scope, Object& state, Boolean& isCompleted)
   at Microsoft.AspNetCore.Mvc.Infrastructure.ControllerActionInvoker.<InvokeInnerFilterAsync>g__Awaited|13_0(ControllerActionInvoker invoker, Task lastTask, State next, Scope scope, Object state, Boolean isCompleted)
   at Microsoft.AspNetCore.Mvc.Infrastructure.ResourceInvoker.<InvokeFilterPipelineAsync>g__Awaited|20_0(ResourceInvoker invoker, Task lastTask, State next, Scope scope, Object state, Boolean isCompleted)
   at Microsoft.AspNetCore.Mvc.Infrastructure.ResourceInvoker.<InvokeAsync>g__Awaited|17_0(ResourceInvoker invoker, Task task, IDisposable scope)
   at Microsoft.AspNetCore.Mvc.Infrastructure.ResourceInvoker.<InvokeAsync>g__Awaited|17_0(ResourceInvoker invoker, Task task, IDisposable scope)
   at Microsoft.AspNetCore.Authorization.AuthorizationMiddleware.Invoke(HttpContext context)
   at Microsoft.AspNetCore.Authentication.AuthenticationMiddleware.Invoke(HttpContext context)
   at Swashbuckle.AspNetCore.SwaggerUI.SwaggerUIMiddleware.Invoke(HttpContext httpContext)
   at Swashbuckle.AspNetCore.Swagger.SwaggerMiddleware.Invoke(HttpContext httpContext, ISwaggerProvider swaggerProvider)
   at AssignmentManagement.Api.Middleware.ExceptionMiddleware.InvokeAsync(HttpContext context) in C:\Users\Tarek\Desktop\assignment\src\AssignmentManagement.Api\Middleware\ExceptionMiddleware.cs:line 23
2026-08-11 09:42:50.648 +06:00 [ERR] [AssignmentManagement.Api.Middleware.ExceptionMiddleware] Unhandled exception occurred while processing request GET /api/submissions/24380/preview
AssignmentManagement.Application.Common.NotFoundException: The specified submission file does not exist on disk.
   at AssignmentManagement.Infrastructure.Services.StorageService.GetFileAsync(String relativePath, Boolean isDownload, CancellationToken cancellationToken) in C:\Users\Tarek\Desktop\assignment\src\AssignmentManagement.Infrastructure\Services\StorageService.cs:line 139
   at AssignmentManagement.Application.Services.SubmissionService.GetSubmissionFileStreamAsync(Int32 submissionId, Boolean isPreview, CancellationToken cancellationToken) in C:\Users\Tarek\Desktop\assignment\src\AssignmentManagement.Application\Services\SubmissionService.cs:line 230
   at AssignmentManagement.Api.Controllers.SubmissionsController.Preview(Int32 id, CancellationToken cancellationToken) in C:\Users\Tarek\Desktop\assignment\src\AssignmentManagement.Api\Controllers\SubmissionsController.cs:line 88
   at Microsoft.AspNetCore.Mvc.Infrastructure.ActionMethodExecutor.TaskOfIActionResultExecutor.Execute(ActionContext actionContext, IActionResultTypeMapper mapper, ObjectMethodExecutor executor, Object controller, Object[] arguments)
   at Microsoft.AspNetCore.Mvc.Infrastructure.ControllerActionInvoker.<InvokeActionMethodAsync>g__Awaited|12_0(ControllerActionInvoker invoker, ValueTask`1 actionResultValueTask)
   at Microsoft.AspNetCore.Mvc.Infrastructure.ControllerActionInvoker.<InvokeNextActionFilterAsync>g__Awaited|10_0(ControllerActionInvoker invoker, Task lastTask, State next, Scope scope, Object state, Boolean isCompleted)
   at Microsoft.AspNetCore.Mvc.Infrastructure.ControllerActionInvoker.Rethrow(ActionExecutedContextSealed context)
   at Microsoft.AspNetCore.Mvc.Infrastructure.ControllerActionInvoker.Next(State& next, Scope& scope, Object& state, Boolean& isCompleted)
   at Microsoft.AspNetCore.Mvc.Infrastructure.ControllerActionInvoker.<InvokeInnerFilterAsync>g__Awaited|13_0(ControllerActionInvoker invoker, Task lastTask, State next, Scope scope, Object state, Boolean isCompleted)
   at Microsoft.AspNetCore.Mvc.Infrastructure.ResourceInvoker.<InvokeFilterPipelineAsync>g__Awaited|20_0(ResourceInvoker invoker, Task lastTask, State next, Scope scope, Object state, Boolean isCompleted)
   at Microsoft.AspNetCore.Mvc.Infrastructure.ResourceInvoker.<InvokeAsync>g__Awaited|17_0(ResourceInvoker invoker, Task task, IDisposable scope)
   at Microsoft.AspNetCore.Mvc.Infrastructure.ResourceInvoker.<InvokeAsync>g__Awaited|17_0(ResourceInvoker invoker, Task task, IDisposable scope)
   at Microsoft.AspNetCore.Authorization.AuthorizationMiddleware.Invoke(HttpContext context)
   at Microsoft.AspNetCore.Authentication.AuthenticationMiddleware.Invoke(HttpContext context)
   at Swashbuckle.AspNetCore.SwaggerUI.SwaggerUIMiddleware.Invoke(HttpContext httpContext)
   at Swashbuckle.AspNetCore.Swagger.SwaggerMiddleware.Invoke(HttpContext httpContext, ISwaggerProvider swaggerProvider)
   at AssignmentManagement.Api.Middleware.ExceptionMiddleware.InvokeAsync(HttpContext context) in C:\Users\Tarek\Desktop\assignment\src\AssignmentManagement.Api\Middleware\ExceptionMiddleware.cs:line 23
2026-08-11 09:42:52.806 +06:00 [ERR] [AssignmentManagement.Api.Middleware.ExceptionMiddleware] Unhandled exception occurred while processing request GET /api/submissions/24380/preview
AssignmentManagement.Application.Common.NotFoundException: The specified submission file does not exist on disk.
   at AssignmentManagement.Infrastructure.Services.StorageService.GetFileAsync(String relativePath, Boolean isDownload, CancellationToken cancellationToken) in C:\Users\Tarek\Desktop\assignment\src\AssignmentManagement.Infrastructure\Services\StorageService.cs:line 139
   at AssignmentManagement.Application.Services.SubmissionService.GetSubmissionFileStreamAsync(Int32 submissionId, Boolean isPreview, CancellationToken cancellationToken) in C:\Users\Tarek\Desktop\assignment\src\AssignmentManagement.Application\Services\SubmissionService.cs:line 230
   at AssignmentManagement.Api.Controllers.SubmissionsController.Preview(Int32 id, CancellationToken cancellationToken) in C:\Users\Tarek\Desktop\assignment\src\AssignmentManagement.Api\Controllers\SubmissionsController.cs:line 88
   at Microsoft.AspNetCore.Mvc.Infrastructure.ActionMethodExecutor.TaskOfIActionResultExecutor.Execute(ActionContext actionContext, IActionResultTypeMapper mapper, ObjectMethodExecutor executor, Object controller, Object[] arguments)
   at Microsoft.AspNetCore.Mvc.Infrastructure.ControllerActionInvoker.<InvokeActionMethodAsync>g__Awaited|12_0(ControllerActionInvoker invoker, ValueTask`1 actionResultValueTask)
   at Microsoft.AspNetCore.Mvc.Infrastructure.ControllerActionInvoker.<InvokeNextActionFilterAsync>g__Awaited|10_0(ControllerActionInvoker invoker, Task lastTask, State next, Scope scope, Object state, Boolean isCompleted)
   at Microsoft.AspNetCore.Mvc.Infrastructure.ControllerActionInvoker.Rethrow(ActionExecutedContextSealed context)
   at Microsoft.AspNetCore.Mvc.Infrastructure.ControllerActionInvoker.Next(State& next, Scope& scope, Object& state, Boolean& isCompleted)
   at Microsoft.AspNetCore.Mvc.Infrastructure.ControllerActionInvoker.<InvokeInnerFilterAsync>g__Awaited|13_0(ControllerActionInvoker invoker, Task lastTask, State next, Scope scope, Object state, Boolean isCompleted)
   at Microsoft.AspNetCore.Mvc.Infrastructure.ResourceInvoker.<InvokeFilterPipelineAsync>g__Awaited|20_0(ResourceInvoker invoker, Task lastTask, State next, Scope scope, Object state, Boolean isCompleted)
   at Microsoft.AspNetCore.Mvc.Infrastructure.ResourceInvoker.<InvokeAsync>g__Awaited|17_0(ResourceInvoker invoker, Task task, IDisposable scope)
   at Microsoft.AspNetCore.Mvc.Infrastructure.ResourceInvoker.<InvokeAsync>g__Awaited|17_0(ResourceInvoker invoker, Task task, IDisposable scope)
   at Microsoft.AspNetCore.Authorization.AuthorizationMiddleware.Invoke(HttpContext context)
   at Microsoft.AspNetCore.Authentication.AuthenticationMiddleware.Invoke(HttpContext context)
   at Swashbuckle.AspNetCore.SwaggerUI.SwaggerUIMiddleware.Invoke(HttpContext httpContext)
   at Swashbuckle.AspNetCore.Swagger.SwaggerMiddleware.Invoke(HttpContext httpContext, ISwaggerProvider swaggerProvider)
   at AssignmentManagement.Api.Middleware.ExceptionMiddleware.InvokeAsync(HttpContext context) in C:\Users\Tarek\Desktop\assignment\src\AssignmentManagement.Api\Middleware\ExceptionMiddleware.cs:line 23
2026-08-11 09:44:37.898 +06:00 [INF] [AssignmentManagement.Application.Services.AuthService] User 31 (student15@school.edu.bd) logged out
2026-08-11 09:44:40.453 +06:00 [INF] [AssignmentManagement.Application.Services.AuthService] Login attempt received for email 'teacher4@school.edu.bd' (length 12)
2026-08-11 09:44:40.572 +06:00 [INF] [AssignmentManagement.Application.Services.AuthService] User 5 (teacher4@school.edu.bd) logged in successfully with role "Teacher"
2026-08-11 09:45:41.419 +06:00 [INF] [AssignmentManagement.Application.Services.AuthService] User 5 (teacher4@school.edu.bd) logged out
2026-08-11 09:45:44.270 +06:00 [INF] [AssignmentManagement.Application.Services.AuthService] Login attempt received for email 'student15@school.edu.bd' (length 12)
2026-08-11 09:45:44.388 +06:00 [INF] [AssignmentManagement.Application.Services.AuthService] User 31 (student15@school.edu.bd) logged in successfully with role "Student"
2026-08-11 09:46:33.411 +06:00 [INF] [AssignmentManagement.Application.Services.AuthService] User 31 (student15@school.edu.bd) logged out
2026-08-11 09:46:34.901 +06:00 [INF] [AssignmentManagement.Application.Services.AuthService] Login attempt received for email 'student15@school.edu.bd' (length 12)
2026-08-11 09:46:35.026 +06:00 [INF] [AssignmentManagement.Application.Services.AuthService] User 31 (student15@school.edu.bd) logged in successfully with role "Student"
2026-08-11 09:46:44.259 +06:00 [INF] [AssignmentManagement.Application.Services.AuthService] User 31 (student15@school.edu.bd) logged out
2026-08-11 09:46:49.613 +06:00 [INF] [AssignmentManagement.Application.Services.AuthService] Login attempt received for email 'tarek@gmail.com' (length 12)
2026-08-11 09:46:49.614 +06:00 [WRN] [AssignmentManagement.Application.Services.AuthService] Login failed: No user found for email 'tarek@gmail.com'
2026-08-11 09:46:49.615 +06:00 [ERR] [AssignmentManagement.Api.Middleware.ExceptionMiddleware] Unhandled exception occurred while processing request POST /api/auth/login
System.UnauthorizedAccessException: Invalid email or password.
   at AssignmentManagement.Application.Services.AuthService.LoginAsync(LoginRequestDto request, CancellationToken cancellationToken) in C:\Users\Tarek\Desktop\assignment\src\AssignmentManagement.Application\Services\AuthService.cs:line 42
   at AssignmentManagement.Api.Controllers.AuthController.Login(LoginRequestDto request, CancellationToken cancellationToken) in C:\Users\Tarek\Desktop\assignment\src\AssignmentManagement.Api\Controllers\AuthController.cs:line 21
   at lambda_method1169(Closure, Object)
   at Microsoft.AspNetCore.Mvc.Infrastructure.ActionMethodExecutor.AwaitableObjectResultExecutor.Execute(ActionContext actionContext, IActionResultTypeMapper mapper, ObjectMethodExecutor executor, Object controller, Object[] arguments)
   at Microsoft.AspNetCore.Mvc.Infrastructure.ControllerActionInvoker.<InvokeActionMethodAsync>g__Awaited|12_0(ControllerActionInvoker invoker, ValueTask`1 actionResultValueTask)
   at Microsoft.AspNetCore.Mvc.Infrastructure.ControllerActionInvoker.<InvokeNextActionFilterAsync>g__Awaited|10_0(ControllerActionInvoker invoker, Task lastTask, State next, Scope scope, Object state, Boolean isCompleted)
   at Microsoft.AspNetCore.Mvc.Infrastructure.ControllerActionInvoker.Rethrow(ActionExecutedContextSealed context)
   at Microsoft.AspNetCore.Mvc.Infrastructure.ControllerActionInvoker.Next(State& next, Scope& scope, Object& state, Boolean& isCompleted)
   at Microsoft.AspNetCore.Mvc.Infrastructure.ControllerActionInvoker.<InvokeInnerFilterAsync>g__Awaited|13_0(ControllerActionInvoker invoker, Task lastTask, State next, Scope scope, Object state, Boolean isCompleted)
   at Microsoft.AspNetCore.Mvc.Infrastructure.ResourceInvoker.<InvokeFilterPipelineAsync>g__Awaited|20_0(ResourceInvoker invoker, Task lastTask, State next, Scope scope, Object state, Boolean isCompleted)
   at Microsoft.AspNetCore.Mvc.Infrastructure.ResourceInvoker.<InvokeAsync>g__Awaited|17_0(ResourceInvoker invoker, Task task, IDisposable scope)
   at Microsoft.AspNetCore.Mvc.Infrastructure.ResourceInvoker.<InvokeAsync>g__Awaited|17_0(ResourceInvoker invoker, Task task, IDisposable scope)
   at Microsoft.AspNetCore.Authorization.AuthorizationMiddleware.Invoke(HttpContext context)
   at Microsoft.AspNetCore.Authentication.AuthenticationMiddleware.Invoke(HttpContext context)
   at Swashbuckle.AspNetCore.SwaggerUI.SwaggerUIMiddleware.Invoke(HttpContext httpContext)
   at Swashbuckle.AspNetCore.Swagger.SwaggerMiddleware.Invoke(HttpContext httpContext, ISwaggerProvider swaggerProvider)
   at AssignmentManagement.Api.Middleware.ExceptionMiddleware.InvokeAsync(HttpContext context) in C:\Users\Tarek\Desktop\assignment\src\AssignmentManagement.Api\Middleware\ExceptionMiddleware.cs:line 23
2026-08-11 09:46:53.151 +06:00 [INF] [AssignmentManagement.Application.Services.AuthService] Login attempt received for email 'tarek@gmail.com' (length 8)
2026-08-11 09:46:53.152 +06:00 [WRN] [AssignmentManagement.Application.Services.AuthService] Login failed: No user found for email 'tarek@gmail.com'
2026-08-11 09:46:53.153 +06:00 [ERR] [AssignmentManagement.Api.Middleware.ExceptionMiddleware] Unhandled exception occurred while processing request POST /api/auth/login
System.UnauthorizedAccessException: Invalid email or password.
   at AssignmentManagement.Application.Services.AuthService.LoginAsync(LoginRequestDto request, CancellationToken cancellationToken) in C:\Users\Tarek\Desktop\assignment\src\AssignmentManagement.Application\Services\AuthService.cs:line 42
   at AssignmentManagement.Api.Controllers.AuthController.Login(LoginRequestDto request, CancellationToken cancellationToken) in C:\Users\Tarek\Desktop\assignment\src\AssignmentManagement.Api\Controllers\AuthController.cs:line 21
   at lambda_method1169(Closure, Object)
   at Microsoft.AspNetCore.Mvc.Infrastructure.ActionMethodExecutor.AwaitableObjectResultExecutor.Execute(ActionContext actionContext, IActionResultTypeMapper mapper, ObjectMethodExecutor executor, Object controller, Object[] arguments)
   at Microsoft.AspNetCore.Mvc.Infrastructure.ControllerActionInvoker.<InvokeActionMethodAsync>g__Awaited|12_0(ControllerActionInvoker invoker, ValueTask`1 actionResultValueTask)
   at Microsoft.AspNetCore.Mvc.Infrastructure.ControllerActionInvoker.<InvokeNextActionFilterAsync>g__Awaited|10_0(ControllerActionInvoker invoker, Task lastTask, State next, Scope scope, Object state, Boolean isCompleted)
   at Microsoft.AspNetCore.Mvc.Infrastructure.ControllerActionInvoker.Rethrow(ActionExecutedContextSealed context)
   at Microsoft.AspNetCore.Mvc.Infrastructure.ControllerActionInvoker.Next(State& next, Scope& scope, Object& state, Boolean& isCompleted)
   at Microsoft.AspNetCore.Mvc.Infrastructure.ControllerActionInvoker.<InvokeInnerFilterAsync>g__Awaited|13_0(ControllerActionInvoker invoker, Task lastTask, State next, Scope scope, Object state, Boolean isCompleted)
   at Microsoft.AspNetCore.Mvc.Infrastructure.ResourceInvoker.<InvokeFilterPipelineAsync>g__Awaited|20_0(ResourceInvoker invoker, Task lastTask, State next, Scope scope, Object state, Boolean isCompleted)
   at Microsoft.AspNetCore.Mvc.Infrastructure.ResourceInvoker.<InvokeAsync>g__Awaited|17_0(ResourceInvoker invoker, Task task, IDisposable scope)
   at Microsoft.AspNetCore.Mvc.Infrastructure.ResourceInvoker.<InvokeAsync>g__Awaited|17_0(ResourceInvoker invoker, Task task, IDisposable scope)
   at Microsoft.AspNetCore.Authorization.AuthorizationMiddleware.Invoke(HttpContext context)
   at Microsoft.AspNetCore.Authentication.AuthenticationMiddleware.Invoke(HttpContext context)
   at Swashbuckle.AspNetCore.SwaggerUI.SwaggerUIMiddleware.Invoke(HttpContext httpContext)
   at Swashbuckle.AspNetCore.Swagger.SwaggerMiddleware.Invoke(HttpContext httpContext, ISwaggerProvider swaggerProvider)
   at AssignmentManagement.Api.Middleware.ExceptionMiddleware.InvokeAsync(HttpContext context) in C:\Users\Tarek\Desktop\assignment\src\AssignmentManagement.Api\Middleware\ExceptionMiddleware.cs:line 23
2026-08-11 09:46:58.451 +06:00 [INF] [AssignmentManagement.Application.Services.AuthService] Login attempt received for email 'tarek@gmail.com' (length 8)
2026-08-11 09:46:58.453 +06:00 [WRN] [AssignmentManagement.Application.Services.AuthService] Login failed: No user found for email 'tarek@gmail.com'
2026-08-11 09:46:58.453 +06:00 [ERR] [AssignmentManagement.Api.Middleware.ExceptionMiddleware] Unhandled exception occurred while processing request POST /api/auth/login
System.UnauthorizedAccessException: Invalid email or password.
   at AssignmentManagement.Application.Services.AuthService.LoginAsync(LoginRequestDto request, CancellationToken cancellationToken) in C:\Users\Tarek\Desktop\assignment\src\AssignmentManagement.Application\Services\AuthService.cs:line 42
   at AssignmentManagement.Api.Controllers.AuthController.Login(LoginRequestDto request, CancellationToken cancellationToken) in C:\Users\Tarek\Desktop\assignment\src\AssignmentManagement.Api\Controllers\AuthController.cs:line 21
   at lambda_method1169(Closure, Object)
   at Microsoft.AspNetCore.Mvc.Infrastructure.ActionMethodExecutor.AwaitableObjectResultExecutor.Execute(ActionContext actionContext, IActionResultTypeMapper mapper, ObjectMethodExecutor executor, Object controller, Object[] arguments)
   at Microsoft.AspNetCore.Mvc.Infrastructure.ControllerActionInvoker.<InvokeActionMethodAsync>g__Awaited|12_0(ControllerActionInvoker invoker, ValueTask`1 actionResultValueTask)
   at Microsoft.AspNetCore.Mvc.Infrastructure.ControllerActionInvoker.<InvokeNextActionFilterAsync>g__Awaited|10_0(ControllerActionInvoker invoker, Task lastTask, State next, Scope scope, Object state, Boolean isCompleted)
   at Microsoft.AspNetCore.Mvc.Infrastructure.ControllerActionInvoker.Rethrow(ActionExecutedContextSealed context)
   at Microsoft.AspNetCore.Mvc.Infrastructure.ControllerActionInvoker.Next(State& next, Scope& scope, Object& state, Boolean& isCompleted)
   at Microsoft.AspNetCore.Mvc.Infrastructure.ControllerActionInvoker.<InvokeInnerFilterAsync>g__Awaited|13_0(ControllerActionInvoker invoker, Task lastTask, State next, Scope scope, Object state, Boolean isCompleted)
   at Microsoft.AspNetCore.Mvc.Infrastructure.ResourceInvoker.<InvokeFilterPipelineAsync>g__Awaited|20_0(ResourceInvoker invoker, Task lastTask, State next, Scope scope, Object state, Boolean isCompleted)
   at Microsoft.AspNetCore.Mvc.Infrastructure.ResourceInvoker.<InvokeAsync>g__Awaited|17_0(ResourceInvoker invoker, Task task, IDisposable scope)
   at Microsoft.AspNetCore.Mvc.Infrastructure.ResourceInvoker.<InvokeAsync>g__Awaited|17_0(ResourceInvoker invoker, Task task, IDisposable scope)
   at Microsoft.AspNetCore.Authorization.AuthorizationMiddleware.Invoke(HttpContext context)
   at Microsoft.AspNetCore.Authentication.AuthenticationMiddleware.Invoke(HttpContext context)
   at Swashbuckle.AspNetCore.SwaggerUI.SwaggerUIMiddleware.Invoke(HttpContext httpContext)
   at Swashbuckle.AspNetCore.Swagger.SwaggerMiddleware.Invoke(HttpContext httpContext, ISwaggerProvider swaggerProvider)
   at AssignmentManagement.Api.Middleware.ExceptionMiddleware.InvokeAsync(HttpContext context) in C:\Users\Tarek\Desktop\assignment\src\AssignmentManagement.Api\Middleware\ExceptionMiddleware.cs:line 23
2026-08-11 09:47:03.647 +06:00 [INF] [AssignmentManagement.Application.Services.AuthService] Login attempt received for email 'teacher5@school.edu.bd' (length 12)
2026-08-11 09:47:03.769 +06:00 [INF] [AssignmentManagement.Application.Services.AuthService] User 6 (teacher5@school.edu.bd) logged in successfully with role "Teacher"
2026-08-11 09:50:03.322 +06:00 [INF] [AssignmentManagement.Application.Services.AuthService] User 6 (teacher5@school.edu.bd) logged out
2026-08-11 09:50:05.302 +06:00 [INF] [AssignmentManagement.Application.Services.AuthService] Login attempt received for email 'admin@school.edu.bd' (length 12)
2026-08-11 09:50:05.426 +06:00 [INF] [AssignmentManagement.Application.Services.AuthService] User 117 (admin@school.edu.bd) logged in successfully with role "Admin"
2026-08-11 09:51:28.913 +06:00 [INF] [AssignmentManagement.Application.Services.AuthService] User 117 (admin@school.edu.bd) logged out
2026-08-11 09:51:30.733 +06:00 [INF] [AssignmentManagement.Application.Services.AuthService] Login attempt received for email 'admin@school.edu.bd' (length 12)
2026-08-11 09:51:30.856 +06:00 [INF] [AssignmentManagement.Application.Services.AuthService] User 117 (admin@school.edu.bd) logged in successfully with role "Admin"
2026-08-11 09:52:46.714 +06:00 [INF] [AssignmentManagement.Application.Services.AuthService] User 117 (admin@school.edu.bd) logged out
2026-08-11 09:52:48.621 +06:00 [INF] [AssignmentManagement.Application.Services.AuthService] Login attempt received for email 'teacher5@school.edu.bd' (length 12)
2026-08-11 09:52:48.739 +06:00 [INF] [AssignmentManagement.Application.Services.AuthService] User 6 (teacher5@school.edu.bd) logged in successfully with role "Teacher"
2026-08-11 09:58:08.059 +06:00 [INF] [AssignmentManagement.Application.Services.AuthService] User 6 (teacher5@school.edu.bd) logged out
2026-08-11 09:58:12.425 +06:00 [INF] [AssignmentManagement.Application.Services.AuthService] Login attempt received for email 'student15@school.edu.bd' (length 12)
2026-08-11 09:58:12.571 +06:00 [INF] [AssignmentManagement.Application.Services.AuthService] User 31 (student15@school.edu.bd) logged in successfully with role "Student"
2026-08-11 09:59:43.753 +06:00 [INF] [AssignmentManagement.Application.Services.AuthService] User 31 (student15@school.edu.bd) logged out
2026-08-11 09:59:45.816 +06:00 [INF] [AssignmentManagement.Application.Services.AuthService] Login attempt received for email 'teacher4@school.edu.bd' (length 12)
2026-08-11 09:59:45.942 +06:00 [INF] [AssignmentManagement.Application.Services.AuthService] User 5 (teacher4@school.edu.bd) logged in successfully with role "Teacher"
2026-08-11 09:59:53.253 +06:00 [ERR] [AssignmentManagement.Api.Middleware.ExceptionMiddleware] Unhandled exception occurred while processing request GET /api/submissions/27006/preview
AssignmentManagement.Application.Common.NotFoundException: The specified submission file does not exist on disk.
   at AssignmentManagement.Infrastructure.Services.StorageService.GetFileAsync(String relativePath, Boolean isDownload, CancellationToken cancellationToken) in C:\Users\Tarek\Desktop\assignment\src\AssignmentManagement.Infrastructure\Services\StorageService.cs:line 139
   at AssignmentManagement.Application.Services.SubmissionService.GetSubmissionFileStreamAsync(Int32 submissionId, Boolean isPreview, CancellationToken cancellationToken) in C:\Users\Tarek\Desktop\assignment\src\AssignmentManagement.Application\Services\SubmissionService.cs:line 230
   at AssignmentManagement.Api.Controllers.SubmissionsController.Preview(Int32 id, CancellationToken cancellationToken) in C:\Users\Tarek\Desktop\assignment\src\AssignmentManagement.Api\Controllers\SubmissionsController.cs:line 88
   at Microsoft.AspNetCore.Mvc.Infrastructure.ActionMethodExecutor.TaskOfIActionResultExecutor.Execute(ActionContext actionContext, IActionResultTypeMapper mapper, ObjectMethodExecutor executor, Object controller, Object[] arguments)
   at Microsoft.AspNetCore.Mvc.Infrastructure.ControllerActionInvoker.<InvokeActionMethodAsync>g__Awaited|12_0(ControllerActionInvoker invoker, ValueTask`1 actionResultValueTask)
   at Microsoft.AspNetCore.Mvc.Infrastructure.ControllerActionInvoker.<InvokeNextActionFilterAsync>g__Awaited|10_0(ControllerActionInvoker invoker, Task lastTask, State next, Scope scope, Object state, Boolean isCompleted)
   at Microsoft.AspNetCore.Mvc.Infrastructure.ControllerActionInvoker.Rethrow(ActionExecutedContextSealed context)
   at Microsoft.AspNetCore.Mvc.Infrastructure.ControllerActionInvoker.Next(State& next, Scope& scope, Object& state, Boolean& isCompleted)
   at Microsoft.AspNetCore.Mvc.Infrastructure.ControllerActionInvoker.<InvokeInnerFilterAsync>g__Awaited|13_0(ControllerActionInvoker invoker, Task lastTask, State next, Scope scope, Object state, Boolean isCompleted)
   at Microsoft.AspNetCore.Mvc.Infrastructure.ResourceInvoker.<InvokeFilterPipelineAsync>g__Awaited|20_0(ResourceInvoker invoker, Task lastTask, State next, Scope scope, Object state, Boolean isCompleted)
   at Microsoft.AspNetCore.Mvc.Infrastructure.ResourceInvoker.<InvokeAsync>g__Awaited|17_0(ResourceInvoker invoker, Task task, IDisposable scope)
   at Microsoft.AspNetCore.Mvc.Infrastructure.ResourceInvoker.<InvokeAsync>g__Awaited|17_0(ResourceInvoker invoker, Task task, IDisposable scope)
   at Microsoft.AspNetCore.Authorization.AuthorizationMiddleware.Invoke(HttpContext context)
   at Microsoft.AspNetCore.Authentication.AuthenticationMiddleware.Invoke(HttpContext context)
   at Swashbuckle.AspNetCore.SwaggerUI.SwaggerUIMiddleware.Invoke(HttpContext httpContext)
   at Swashbuckle.AspNetCore.Swagger.SwaggerMiddleware.Invoke(HttpContext httpContext, ISwaggerProvider swaggerProvider)
   at AssignmentManagement.Api.Middleware.ExceptionMiddleware.InvokeAsync(HttpContext context) in C:\Users\Tarek\Desktop\assignment\src\AssignmentManagement.Api\Middleware\ExceptionMiddleware.cs:line 23
2026-08-11 09:59:53.257 +06:00 [ERR] [AssignmentManagement.Api.Middleware.ExceptionMiddleware] Unhandled exception occurred while processing request GET /api/submissions/27006/preview
AssignmentManagement.Application.Common.NotFoundException: The specified submission file does not exist on disk.
   at AssignmentManagement.Infrastructure.Services.StorageService.GetFileAsync(String relativePath, Boolean isDownload, CancellationToken cancellationToken) in C:\Users\Tarek\Desktop\assignment\src\AssignmentManagement.Infrastructure\Services\StorageService.cs:line 139
   at AssignmentManagement.Application.Services.SubmissionService.GetSubmissionFileStreamAsync(Int32 submissionId, Boolean isPreview, CancellationToken cancellationToken) in C:\Users\Tarek\Desktop\assignment\src\AssignmentManagement.Application\Services\SubmissionService.cs:line 230
   at AssignmentManagement.Api.Controllers.SubmissionsController.Preview(Int32 id, CancellationToken cancellationToken) in C:\Users\Tarek\Desktop\assignment\src\AssignmentManagement.Api\Controllers\SubmissionsController.cs:line 88
   at Microsoft.AspNetCore.Mvc.Infrastructure.ActionMethodExecutor.TaskOfIActionResultExecutor.Execute(ActionContext actionContext, IActionResultTypeMapper mapper, ObjectMethodExecutor executor, Object controller, Object[] arguments)
   at Microsoft.AspNetCore.Mvc.Infrastructure.ControllerActionInvoker.<InvokeActionMethodAsync>g__Awaited|12_0(ControllerActionInvoker invoker, ValueTask`1 actionResultValueTask)
   at Microsoft.AspNetCore.Mvc.Infrastructure.ControllerActionInvoker.<InvokeNextActionFilterAsync>g__Awaited|10_0(ControllerActionInvoker invoker, Task lastTask, State next, Scope scope, Object state, Boolean isCompleted)
   at Microsoft.AspNetCore.Mvc.Infrastructure.ControllerActionInvoker.Rethrow(ActionExecutedContextSealed context)
   at Microsoft.AspNetCore.Mvc.Infrastructure.ControllerActionInvoker.Next(State& next, Scope& scope, Object& state, Boolean& isCompleted)
   at Microsoft.AspNetCore.Mvc.Infrastructure.ControllerActionInvoker.<InvokeInnerFilterAsync>g__Awaited|13_0(ControllerActionInvoker invoker, Task lastTask, State next, Scope scope, Object state, Boolean isCompleted)
   at Microsoft.AspNetCore.Mvc.Infrastructure.ResourceInvoker.<InvokeFilterPipelineAsync>g__Awaited|20_0(ResourceInvoker invoker, Task lastTask, State next, Scope scope, Object state, Boolean isCompleted)
   at Microsoft.AspNetCore.Mvc.Infrastructure.ResourceInvoker.<InvokeAsync>g__Awaited|17_0(ResourceInvoker invoker, Task task, IDisposable scope)
   at Microsoft.AspNetCore.Mvc.Infrastructure.ResourceInvoker.<InvokeAsync>g__Awaited|17_0(ResourceInvoker invoker, Task task, IDisposable scope)
   at Microsoft.AspNetCore.Authorization.AuthorizationMiddleware.Invoke(HttpContext context)
   at Microsoft.AspNetCore.Authentication.AuthenticationMiddleware.Invoke(HttpContext context)
   at Swashbuckle.AspNetCore.SwaggerUI.SwaggerUIMiddleware.Invoke(HttpContext httpContext)
   at Swashbuckle.AspNetCore.Swagger.SwaggerMiddleware.Invoke(HttpContext httpContext, ISwaggerProvider swaggerProvider)
   at AssignmentManagement.Api.Middleware.ExceptionMiddleware.InvokeAsync(HttpContext context) in C:\Users\Tarek\Desktop\assignment\src\AssignmentManagement.Api\Middleware\ExceptionMiddleware.cs:line 23
2026-08-11 09:59:56.570 +06:00 [INF] [AssignmentManagement.Application.Services.AuthService] User 5 (teacher4@school.edu.bd) logged out
2026-08-11 09:59:58.612 +06:00 [INF] [AssignmentManagement.Application.Services.AuthService] Login attempt received for email 'student15@school.edu.bd' (length 12)
2026-08-11 09:59:58.734 +06:00 [INF] [AssignmentManagement.Application.Services.AuthService] User 31 (student15@school.edu.bd) logged in successfully with role "Student"
2026-08-11 10:31:46.798 +06:00 [ERR] [AssignmentManagement.Api.Middleware.ExceptionMiddleware] Unhandled exception occurred while processing request GET /api/submissions/24380/preview
AssignmentManagement.Application.Common.NotFoundException: The specified submission file does not exist on disk.
   at AssignmentManagement.Infrastructure.Services.StorageService.GetFileAsync(String relativePath, Boolean isDownload, CancellationToken cancellationToken) in C:\Users\Tarek\Desktop\assignment\src\AssignmentManagement.Infrastructure\Services\StorageService.cs:line 139
   at AssignmentManagement.Application.Services.SubmissionService.GetSubmissionFileStreamAsync(Int32 submissionId, Boolean isPreview, CancellationToken cancellationToken) in C:\Users\Tarek\Desktop\assignment\src\AssignmentManagement.Application\Services\SubmissionService.cs:line 230
   at AssignmentManagement.Api.Controllers.SubmissionsController.Preview(Int32 id, CancellationToken cancellationToken) in C:\Users\Tarek\Desktop\assignment\src\AssignmentManagement.Api\Controllers\SubmissionsController.cs:line 88
   at Microsoft.AspNetCore.Mvc.Infrastructure.ActionMethodExecutor.TaskOfIActionResultExecutor.Execute(ActionContext actionContext, IActionResultTypeMapper mapper, ObjectMethodExecutor executor, Object controller, Object[] arguments)
   at Microsoft.AspNetCore.Mvc.Infrastructure.ControllerActionInvoker.<InvokeActionMethodAsync>g__Awaited|12_0(ControllerActionInvoker invoker, ValueTask`1 actionResultValueTask)
   at Microsoft.AspNetCore.Mvc.Infrastructure.ControllerActionInvoker.<InvokeNextActionFilterAsync>g__Awaited|10_0(ControllerActionInvoker invoker, Task lastTask, State next, Scope scope, Object state, Boolean isCompleted)
   at Microsoft.AspNetCore.Mvc.Infrastructure.ControllerActionInvoker.Rethrow(ActionExecutedContextSealed context)
   at Microsoft.AspNetCore.Mvc.Infrastructure.ControllerActionInvoker.Next(State& next, Scope& scope, Object& state, Boolean& isCompleted)
   at Microsoft.AspNetCore.Mvc.Infrastructure.ControllerActionInvoker.<InvokeInnerFilterAsync>g__Awaited|13_0(ControllerActionInvoker invoker, Task lastTask, State next, Scope scope, Object state, Boolean isCompleted)
   at Microsoft.AspNetCore.Mvc.Infrastructure.ResourceInvoker.<InvokeFilterPipelineAsync>g__Awaited|20_0(ResourceInvoker invoker, Task lastTask, State next, Scope scope, Object state, Boolean isCompleted)
   at Microsoft.AspNetCore.Mvc.Infrastructure.ResourceInvoker.<InvokeAsync>g__Awaited|17_0(ResourceInvoker invoker, Task task, IDisposable scope)
   at Microsoft.AspNetCore.Mvc.Infrastructure.ResourceInvoker.<InvokeAsync>g__Awaited|17_0(ResourceInvoker invoker, Task task, IDisposable scope)
   at Microsoft.AspNetCore.Authorization.AuthorizationMiddleware.Invoke(HttpContext context)
   at Microsoft.AspNetCore.Authentication.AuthenticationMiddleware.Invoke(HttpContext context)
   at Swashbuckle.AspNetCore.SwaggerUI.SwaggerUIMiddleware.Invoke(HttpContext httpContext)
   at Swashbuckle.AspNetCore.Swagger.SwaggerMiddleware.Invoke(HttpContext httpContext, ISwaggerProvider swaggerProvider)
   at AssignmentManagement.Api.Middleware.ExceptionMiddleware.InvokeAsync(HttpContext context) in C:\Users\Tarek\Desktop\assignment\src\AssignmentManagement.Api\Middleware\ExceptionMiddleware.cs:line 23
2026-08-11 10:33:46.358 +06:00 [ERR] [AssignmentManagement.Api.Middleware.ExceptionMiddleware] Unhandled exception occurred while processing request GET /api/submissions/24380/preview
AssignmentManagement.Application.Common.NotFoundException: The specified submission file does not exist on disk.
   at AssignmentManagement.Infrastructure.Services.StorageService.GetFileAsync(String relativePath, Boolean isDownload, CancellationToken cancellationToken) in C:\Users\Tarek\Desktop\assignment\src\AssignmentManagement.Infrastructure\Services\StorageService.cs:line 139
   at AssignmentManagement.Application.Services.SubmissionService.GetSubmissionFileStreamAsync(Int32 submissionId, Boolean isPreview, CancellationToken cancellationToken) in C:\Users\Tarek\Desktop\assignment\src\AssignmentManagement.Application\Services\SubmissionService.cs:line 230
   at AssignmentManagement.Api.Controllers.SubmissionsController.Preview(Int32 id, CancellationToken cancellationToken) in C:\Users\Tarek\Desktop\assignment\src\AssignmentManagement.Api\Controllers\SubmissionsController.cs:line 88
   at Microsoft.AspNetCore.Mvc.Infrastructure.ActionMethodExecutor.TaskOfIActionResultExecutor.Execute(ActionContext actionContext, IActionResultTypeMapper mapper, ObjectMethodExecutor executor, Object controller, Object[] arguments)
   at Microsoft.AspNetCore.Mvc.Infrastructure.ControllerActionInvoker.<InvokeActionMethodAsync>g__Awaited|12_0(ControllerActionInvoker invoker, ValueTask`1 actionResultValueTask)
   at Microsoft.AspNetCore.Mvc.Infrastructure.ControllerActionInvoker.<InvokeNextActionFilterAsync>g__Awaited|10_0(ControllerActionInvoker invoker, Task lastTask, State next, Scope scope, Object state, Boolean isCompleted)
   at Microsoft.AspNetCore.Mvc.Infrastructure.ControllerActionInvoker.Rethrow(ActionExecutedContextSealed context)
   at Microsoft.AspNetCore.Mvc.Infrastructure.ControllerActionInvoker.Next(State& next, Scope& scope, Object& state, Boolean& isCompleted)
   at Microsoft.AspNetCore.Mvc.Infrastructure.ControllerActionInvoker.<InvokeInnerFilterAsync>g__Awaited|13_0(ControllerActionInvoker invoker, Task lastTask, State next, Scope scope, Object state, Boolean isCompleted)
   at Microsoft.AspNetCore.Mvc.Infrastructure.ResourceInvoker.<InvokeFilterPipelineAsync>g__Awaited|20_0(ResourceInvoker invoker, Task lastTask, State next, Scope scope, Object state, Boolean isCompleted)
   at Microsoft.AspNetCore.Mvc.Infrastructure.ResourceInvoker.<InvokeAsync>g__Awaited|17_0(ResourceInvoker invoker, Task task, IDisposable scope)
   at Microsoft.AspNetCore.Mvc.Infrastructure.ResourceInvoker.<InvokeAsync>g__Awaited|17_0(ResourceInvoker invoker, Task task, IDisposable scope)
   at Microsoft.AspNetCore.Authorization.AuthorizationMiddleware.Invoke(HttpContext context)
   at Microsoft.AspNetCore.Authentication.AuthenticationMiddleware.Invoke(HttpContext context)
   at Swashbuckle.AspNetCore.SwaggerUI.SwaggerUIMiddleware.Invoke(HttpContext httpContext)
   at Swashbuckle.AspNetCore.Swagger.SwaggerMiddleware.Invoke(HttpContext httpContext, ISwaggerProvider swaggerProvider)
   at AssignmentManagement.Api.Middleware.ExceptionMiddleware.InvokeAsync(HttpContext context) in C:\Users\Tarek\Desktop\assignment\src\AssignmentManagement.Api\Middleware\ExceptionMiddleware.cs:line 23
2026-08-11 10:35:29.926 +06:00 [ERR] [AssignmentManagement.Api.Middleware.ExceptionMiddleware] Unhandled exception occurred while processing request GET /api/submissions/24320/preview
AssignmentManagement.Application.Common.NotFoundException: The specified submission file does not exist on disk.
   at AssignmentManagement.Infrastructure.Services.StorageService.GetFileAsync(String relativePath, Boolean isDownload, CancellationToken cancellationToken) in C:\Users\Tarek\Desktop\assignment\src\AssignmentManagement.Infrastructure\Services\StorageService.cs:line 139
   at AssignmentManagement.Application.Services.SubmissionService.GetSubmissionFileStreamAsync(Int32 submissionId, Boolean isPreview, CancellationToken cancellationToken) in C:\Users\Tarek\Desktop\assignment\src\AssignmentManagement.Application\Services\SubmissionService.cs:line 230
   at AssignmentManagement.Api.Controllers.SubmissionsController.Preview(Int32 id, CancellationToken cancellationToken) in C:\Users\Tarek\Desktop\assignment\src\AssignmentManagement.Api\Controllers\SubmissionsController.cs:line 88
   at Microsoft.AspNetCore.Mvc.Infrastructure.ActionMethodExecutor.TaskOfIActionResultExecutor.Execute(ActionContext actionContext, IActionResultTypeMapper mapper, ObjectMethodExecutor executor, Object controller, Object[] arguments)
   at Microsoft.AspNetCore.Mvc.Infrastructure.ControllerActionInvoker.<InvokeActionMethodAsync>g__Awaited|12_0(ControllerActionInvoker invoker, ValueTask`1 actionResultValueTask)
   at Microsoft.AspNetCore.Mvc.Infrastructure.ControllerActionInvoker.<InvokeNextActionFilterAsync>g__Awaited|10_0(ControllerActionInvoker invoker, Task lastTask, State next, Scope scope, Object state, Boolean isCompleted)
   at Microsoft.AspNetCore.Mvc.Infrastructure.ControllerActionInvoker.Rethrow(ActionExecutedContextSealed context)
   at Microsoft.AspNetCore.Mvc.Infrastructure.ControllerActionInvoker.Next(State& next, Scope& scope, Object& state, Boolean& isCompleted)
   at Microsoft.AspNetCore.Mvc.Infrastructure.ControllerActionInvoker.<InvokeInnerFilterAsync>g__Awaited|13_0(ControllerActionInvoker invoker, Task lastTask, State next, Scope scope, Object state, Boolean isCompleted)
   at Microsoft.AspNetCore.Mvc.Infrastructure.ResourceInvoker.<InvokeFilterPipelineAsync>g__Awaited|20_0(ResourceInvoker invoker, Task lastTask, State next, Scope scope, Object state, Boolean isCompleted)
   at Microsoft.AspNetCore.Mvc.Infrastructure.ResourceInvoker.<InvokeAsync>g__Awaited|17_0(ResourceInvoker invoker, Task task, IDisposable scope)
   at Microsoft.AspNetCore.Mvc.Infrastructure.ResourceInvoker.<InvokeAsync>g__Awaited|17_0(ResourceInvoker invoker, Task task, IDisposable scope)
   at Microsoft.AspNetCore.Authorization.AuthorizationMiddleware.Invoke(HttpContext context)
   at Microsoft.AspNetCore.Authentication.AuthenticationMiddleware.Invoke(HttpContext context)
   at Swashbuckle.AspNetCore.SwaggerUI.SwaggerUIMiddleware.Invoke(HttpContext httpContext)
   at Swashbuckle.AspNetCore.Swagger.SwaggerMiddleware.Invoke(HttpContext httpContext, ISwaggerProvider swaggerProvider)
   at AssignmentManagement.Api.Middleware.ExceptionMiddleware.InvokeAsync(HttpContext context) in C:\Users\Tarek\Desktop\assignment\src\AssignmentManagement.Api\Middleware\ExceptionMiddleware.cs:line 23
2026-08-11 10:35:31.085 +06:00 [ERR] [AssignmentManagement.Api.Middleware.ExceptionMiddleware] Unhandled exception occurred while processing request GET /api/submissions/24320/preview
AssignmentManagement.Application.Common.NotFoundException: The specified submission file does not exist on disk.
   at AssignmentManagement.Infrastructure.Services.StorageService.GetFileAsync(String relativePath, Boolean isDownload, CancellationToken cancellationToken) in C:\Users\Tarek\Desktop\assignment\src\AssignmentManagement.Infrastructure\Services\StorageService.cs:line 139
   at AssignmentManagement.Application.Services.SubmissionService.GetSubmissionFileStreamAsync(Int32 submissionId, Boolean isPreview, CancellationToken cancellationToken) in C:\Users\Tarek\Desktop\assignment\src\AssignmentManagement.Application\Services\SubmissionService.cs:line 230
   at AssignmentManagement.Api.Controllers.SubmissionsController.Preview(Int32 id, CancellationToken cancellationToken) in C:\Users\Tarek\Desktop\assignment\src\AssignmentManagement.Api\Controllers\SubmissionsController.cs:line 88
   at Microsoft.AspNetCore.Mvc.Infrastructure.ActionMethodExecutor.TaskOfIActionResultExecutor.Execute(ActionContext actionContext, IActionResultTypeMapper mapper, ObjectMethodExecutor executor, Object controller, Object[] arguments)
   at Microsoft.AspNetCore.Mvc.Infrastructure.ControllerActionInvoker.<InvokeActionMethodAsync>g__Awaited|12_0(ControllerActionInvoker invoker, ValueTask`1 actionResultValueTask)
   at Microsoft.AspNetCore.Mvc.Infrastructure.ControllerActionInvoker.<InvokeNextActionFilterAsync>g__Awaited|10_0(ControllerActionInvoker invoker, Task lastTask, State next, Scope scope, Object state, Boolean isCompleted)
   at Microsoft.AspNetCore.Mvc.Infrastructure.ControllerActionInvoker.Rethrow(ActionExecutedContextSealed context)
   at Microsoft.AspNetCore.Mvc.Infrastructure.ControllerActionInvoker.Next(State& next, Scope& scope, Object& state, Boolean& isCompleted)
   at Microsoft.AspNetCore.Mvc.Infrastructure.ControllerActionInvoker.<InvokeInnerFilterAsync>g__Awaited|13_0(ControllerActionInvoker invoker, Task lastTask, State next, Scope scope, Object state, Boolean isCompleted)
   at Microsoft.AspNetCore.Mvc.Infrastructure.ResourceInvoker.<InvokeFilterPipelineAsync>g__Awaited|20_0(ResourceInvoker invoker, Task lastTask, State next, Scope scope, Object state, Boolean isCompleted)
   at Microsoft.AspNetCore.Mvc.Infrastructure.ResourceInvoker.<InvokeAsync>g__Awaited|17_0(ResourceInvoker invoker, Task task, IDisposable scope)
   at Microsoft.AspNetCore.Mvc.Infrastructure.ResourceInvoker.<InvokeAsync>g__Awaited|17_0(ResourceInvoker invoker, Task task, IDisposable scope)
   at Microsoft.AspNetCore.Authorization.AuthorizationMiddleware.Invoke(HttpContext context)
   at Microsoft.AspNetCore.Authentication.AuthenticationMiddleware.Invoke(HttpContext context)
   at Swashbuckle.AspNetCore.SwaggerUI.SwaggerUIMiddleware.Invoke(HttpContext httpContext)
   at Swashbuckle.AspNetCore.Swagger.SwaggerMiddleware.Invoke(HttpContext httpContext, ISwaggerProvider swaggerProvider)
   at AssignmentManagement.Api.Middleware.ExceptionMiddleware.InvokeAsync(HttpContext context) in C:\Users\Tarek\Desktop\assignment\src\AssignmentManagement.Api\Middleware\ExceptionMiddleware.cs:line 23
2026-08-11 10:39:17.896 +06:00 [INF] [AssignmentManagement.Application.Services.AuthService] User 31 (student15@school.edu.bd) logged out
2026-08-11 10:39:20.844 +06:00 [INF] [AssignmentManagement.Application.Services.AuthService] Login attempt received for email 'admin@school.edu.bd' (length 12)
2026-08-11 10:39:20.962 +06:00 [INF] [AssignmentManagement.Application.Services.AuthService] User 117 (admin@school.edu.bd) logged in successfully with role "Admin"
2026-08-11 10:40:41.023 +06:00 [INF] [AssignmentManagement.Application.Services.AuthService] User 117 (admin@school.edu.bd) logged out
2026-08-11 10:40:43.590 +06:00 [INF] [AssignmentManagement.Application.Services.AuthService] Login attempt received for email 'student15@school.edu.bd' (length 12)
2026-08-11 10:40:43.707 +06:00 [INF] [AssignmentManagement.Application.Services.AuthService] User 31 (student15@school.edu.bd) logged in successfully with role "Student"
2026-08-11 10:45:04.054 +06:00 [ERR] [AssignmentManagement.Api.Middleware.ExceptionMiddleware] Unhandled exception occurred while processing request GET /api/submissions/24290/preview
AssignmentManagement.Application.Common.NotFoundException: The specified submission file does not exist on disk.
   at AssignmentManagement.Infrastructure.Services.StorageService.GetFileAsync(String relativePath, Boolean isDownload, CancellationToken cancellationToken) in C:\Users\Tarek\Desktop\assignment\src\AssignmentManagement.Infrastructure\Services\StorageService.cs:line 139
   at AssignmentManagement.Application.Services.SubmissionService.GetSubmissionFileStreamAsync(Int32 submissionId, Boolean isPreview, CancellationToken cancellationToken) in C:\Users\Tarek\Desktop\assignment\src\AssignmentManagement.Application\Services\SubmissionService.cs:line 230
   at AssignmentManagement.Api.Controllers.SubmissionsController.Preview(Int32 id, CancellationToken cancellationToken) in C:\Users\Tarek\Desktop\assignment\src\AssignmentManagement.Api\Controllers\SubmissionsController.cs:line 88
   at Microsoft.AspNetCore.Mvc.Infrastructure.ActionMethodExecutor.TaskOfIActionResultExecutor.Execute(ActionContext actionContext, IActionResultTypeMapper mapper, ObjectMethodExecutor executor, Object controller, Object[] arguments)
   at Microsoft.AspNetCore.Mvc.Infrastructure.ControllerActionInvoker.<InvokeActionMethodAsync>g__Awaited|12_0(ControllerActionInvoker invoker, ValueTask`1 actionResultValueTask)
   at Microsoft.AspNetCore.Mvc.Infrastructure.ControllerActionInvoker.<InvokeNextActionFilterAsync>g__Awaited|10_0(ControllerActionInvoker invoker, Task lastTask, State next, Scope scope, Object state, Boolean isCompleted)
   at Microsoft.AspNetCore.Mvc.Infrastructure.ControllerActionInvoker.Rethrow(ActionExecutedContextSealed context)
   at Microsoft.AspNetCore.Mvc.Infrastructure.ControllerActionInvoker.Next(State& next, Scope& scope, Object& state, Boolean& isCompleted)
   at Microsoft.AspNetCore.Mvc.Infrastructure.ControllerActionInvoker.<InvokeInnerFilterAsync>g__Awaited|13_0(ControllerActionInvoker invoker, Task lastTask, State next, Scope scope, Object state, Boolean isCompleted)
   at Microsoft.AspNetCore.Mvc.Infrastructure.ResourceInvoker.<InvokeFilterPipelineAsync>g__Awaited|20_0(ResourceInvoker invoker, Task lastTask, State next, Scope scope, Object state, Boolean isCompleted)
   at Microsoft.AspNetCore.Mvc.Infrastructure.ResourceInvoker.<InvokeAsync>g__Awaited|17_0(ResourceInvoker invoker, Task task, IDisposable scope)
   at Microsoft.AspNetCore.Mvc.Infrastructure.ResourceInvoker.<InvokeAsync>g__Awaited|17_0(ResourceInvoker invoker, Task task, IDisposable scope)
   at Microsoft.AspNetCore.Authorization.AuthorizationMiddleware.Invoke(HttpContext context)
   at Microsoft.AspNetCore.Authentication.AuthenticationMiddleware.Invoke(HttpContext context)
   at Swashbuckle.AspNetCore.SwaggerUI.SwaggerUIMiddleware.Invoke(HttpContext httpContext)
   at Swashbuckle.AspNetCore.Swagger.SwaggerMiddleware.Invoke(HttpContext httpContext, ISwaggerProvider swaggerProvider)
   at AssignmentManagement.Api.Middleware.ExceptionMiddleware.InvokeAsync(HttpContext context) in C:\Users\Tarek\Desktop\assignment\src\AssignmentManagement.Api\Middleware\ExceptionMiddleware.cs:line 23
2026-08-11 10:45:12.444 +06:00 [ERR] [AssignmentManagement.Api.Middleware.ExceptionMiddleware] Unhandled exception occurred while processing request GET /api/submissions/24290/preview
AssignmentManagement.Application.Common.NotFoundException: The specified submission file does not exist on disk.
   at AssignmentManagement.Infrastructure.Services.StorageService.GetFileAsync(String relativePath, Boolean isDownload, CancellationToken cancellationToken) in C:\Users\Tarek\Desktop\assignment\src\AssignmentManagement.Infrastructure\Services\StorageService.cs:line 139
   at AssignmentManagement.Application.Services.SubmissionService.GetSubmissionFileStreamAsync(Int32 submissionId, Boolean isPreview, CancellationToken cancellationToken) in C:\Users\Tarek\Desktop\assignment\src\AssignmentManagement.Application\Services\SubmissionService.cs:line 230
   at AssignmentManagement.Api.Controllers.SubmissionsController.Preview(Int32 id, CancellationToken cancellationToken) in C:\Users\Tarek\Desktop\assignment\src\AssignmentManagement.Api\Controllers\SubmissionsController.cs:line 88
   at Microsoft.AspNetCore.Mvc.Infrastructure.ActionMethodExecutor.TaskOfIActionResultExecutor.Execute(ActionContext actionContext, IActionResultTypeMapper mapper, ObjectMethodExecutor executor, Object controller, Object[] arguments)
   at Microsoft.AspNetCore.Mvc.Infrastructure.ControllerActionInvoker.<InvokeActionMethodAsync>g__Awaited|12_0(ControllerActionInvoker invoker, ValueTask`1 actionResultValueTask)
   at Microsoft.AspNetCore.Mvc.Infrastructure.ControllerActionInvoker.<InvokeNextActionFilterAsync>g__Awaited|10_0(ControllerActionInvoker invoker, Task lastTask, State next, Scope scope, Object state, Boolean isCompleted)
   at Microsoft.AspNetCore.Mvc.Infrastructure.ControllerActionInvoker.Rethrow(ActionExecutedContextSealed context)
   at Microsoft.AspNetCore.Mvc.Infrastructure.ControllerActionInvoker.Next(State& next, Scope& scope, Object& state, Boolean& isCompleted)
   at Microsoft.AspNetCore.Mvc.Infrastructure.ControllerActionInvoker.<InvokeInnerFilterAsync>g__Awaited|13_0(ControllerActionInvoker invoker, Task lastTask, State next, Scope scope, Object state, Boolean isCompleted)
   at Microsoft.AspNetCore.Mvc.Infrastructure.ResourceInvoker.<InvokeFilterPipelineAsync>g__Awaited|20_0(ResourceInvoker invoker, Task lastTask, State next, Scope scope, Object state, Boolean isCompleted)
   at Microsoft.AspNetCore.Mvc.Infrastructure.ResourceInvoker.<InvokeAsync>g__Awaited|17_0(ResourceInvoker invoker, Task task, IDisposable scope)
   at Microsoft.AspNetCore.Mvc.Infrastructure.ResourceInvoker.<InvokeAsync>g__Awaited|17_0(ResourceInvoker invoker, Task task, IDisposable scope)
   at Microsoft.AspNetCore.Authorization.AuthorizationMiddleware.Invoke(HttpContext context)
   at Microsoft.AspNetCore.Authentication.AuthenticationMiddleware.Invoke(HttpContext context)
   at Swashbuckle.AspNetCore.SwaggerUI.SwaggerUIMiddleware.Invoke(HttpContext httpContext)
   at Swashbuckle.AspNetCore.Swagger.SwaggerMiddleware.Invoke(HttpContext httpContext, ISwaggerProvider swaggerProvider)
   at AssignmentManagement.Api.Middleware.ExceptionMiddleware.InvokeAsync(HttpContext context) in C:\Users\Tarek\Desktop\assignment\src\AssignmentManagement.Api\Middleware\ExceptionMiddleware.cs:line 23
2026-08-11 10:45:46.124 +06:00 [ERR] [AssignmentManagement.Api.Middleware.ExceptionMiddleware] Unhandled exception occurred while processing request GET /api/submissions/24140/preview
AssignmentManagement.Application.Common.NotFoundException: The specified submission file does not exist on disk.
   at AssignmentManagement.Infrastructure.Services.StorageService.GetFileAsync(String relativePath, Boolean isDownload, CancellationToken cancellationToken) in C:\Users\Tarek\Desktop\assignment\src\AssignmentManagement.Infrastructure\Services\StorageService.cs:line 139
   at AssignmentManagement.Application.Services.SubmissionService.GetSubmissionFileStreamAsync(Int32 submissionId, Boolean isPreview, CancellationToken cancellationToken) in C:\Users\Tarek\Desktop\assignment\src\AssignmentManagement.Application\Services\SubmissionService.cs:line 230
   at AssignmentManagement.Api.Controllers.SubmissionsController.Preview(Int32 id, CancellationToken cancellationToken) in C:\Users\Tarek\Desktop\assignment\src\AssignmentManagement.Api\Controllers\SubmissionsController.cs:line 88
   at Microsoft.AspNetCore.Mvc.Infrastructure.ActionMethodExecutor.TaskOfIActionResultExecutor.Execute(ActionContext actionContext, IActionResultTypeMapper mapper, ObjectMethodExecutor executor, Object controller, Object[] arguments)
   at Microsoft.AspNetCore.Mvc.Infrastructure.ControllerActionInvoker.<InvokeActionMethodAsync>g__Awaited|12_0(ControllerActionInvoker invoker, ValueTask`1 actionResultValueTask)
   at Microsoft.AspNetCore.Mvc.Infrastructure.ControllerActionInvoker.<InvokeNextActionFilterAsync>g__Awaited|10_0(ControllerActionInvoker invoker, Task lastTask, State next, Scope scope, Object state, Boolean isCompleted)
   at Microsoft.AspNetCore.Mvc.Infrastructure.ControllerActionInvoker.Rethrow(ActionExecutedContextSealed context)
   at Microsoft.AspNetCore.Mvc.Infrastructure.ControllerActionInvoker.Next(State& next, Scope& scope, Object& state, Boolean& isCompleted)
   at Microsoft.AspNetCore.Mvc.Infrastructure.ControllerActionInvoker.<InvokeInnerFilterAsync>g__Awaited|13_0(ControllerActionInvoker invoker, Task lastTask, State next, Scope scope, Object state, Boolean isCompleted)
   at Microsoft.AspNetCore.Mvc.Infrastructure.ResourceInvoker.<InvokeFilterPipelineAsync>g__Awaited|20_0(ResourceInvoker invoker, Task lastTask, State next, Scope scope, Object state, Boolean isCompleted)
   at Microsoft.AspNetCore.Mvc.Infrastructure.ResourceInvoker.<InvokeAsync>g__Awaited|17_0(ResourceInvoker invoker, Task task, IDisposable scope)
   at Microsoft.AspNetCore.Mvc.Infrastructure.ResourceInvoker.<InvokeAsync>g__Awaited|17_0(ResourceInvoker invoker, Task task, IDisposable scope)
   at Microsoft.AspNetCore.Authorization.AuthorizationMiddleware.Invoke(HttpContext context)
   at Microsoft.AspNetCore.Authentication.AuthenticationMiddleware.Invoke(HttpContext context)
   at Swashbuckle.AspNetCore.SwaggerUI.SwaggerUIMiddleware.Invoke(HttpContext httpContext)
   at Swashbuckle.AspNetCore.Swagger.SwaggerMiddleware.Invoke(HttpContext httpContext, ISwaggerProvider swaggerProvider)
   at AssignmentManagement.Api.Middleware.ExceptionMiddleware.InvokeAsync(HttpContext context) in C:\Users\Tarek\Desktop\assignment\src\AssignmentManagement.Api\Middleware\ExceptionMiddleware.cs:line 23
2026-08-11 10:46:46.648 +06:00 [INF] [AssignmentManagement.Application.Services.AuthService] User 31 (student15@school.edu.bd) logged out
2026-08-11 10:46:48.611 +06:00 [INF] [AssignmentManagement.Application.Services.AuthService] Login attempt received for email 'student25@school.edu.bd' (length 12)
2026-08-11 10:46:48.732 +06:00 [INF] [AssignmentManagement.Application.Services.AuthService] User 41 (student25@school.edu.bd) logged in successfully with role "Student"
2026-08-11 10:47:02.272 +06:00 [INF] [AssignmentManagement.Application.Services.AuthService] User 41 (student25@school.edu.bd) logged out
2026-08-11 10:47:04.948 +06:00 [INF] [AssignmentManagement.Application.Services.AuthService] Login attempt received for email 'admin@school.edu.bd' (length 12)
2026-08-11 10:47:05.066 +06:00 [INF] [AssignmentManagement.Application.Services.AuthService] User 117 (admin@school.edu.bd) logged in successfully with role "Admin"
2026-08-11 10:56:48.912 +06:00 [INF] [AssignmentManagement.Application.Services.AuthService] User 117 (admin@school.edu.bd) logged out
2026-08-11 10:56:51.116 +06:00 [INF] [AssignmentManagement.Application.Services.AuthService] Login attempt received for email 'teacher4@school.edu.bd' (length 12)
2026-08-11 10:56:51.234 +06:00 [INF] [AssignmentManagement.Application.Services.AuthService] User 5 (teacher4@school.edu.bd) logged in successfully with role "Teacher"
2026-08-11 10:57:24.040 +06:00 [INF] [AssignmentManagement.Application.Services.AuthService] User 5 (teacher4@school.edu.bd) logged out
2026-08-11 10:57:26.161 +06:00 [INF] [AssignmentManagement.Application.Services.AuthService] Login attempt received for email 'student15@school.edu.bd' (length 12)
2026-08-11 10:57:26.284 +06:00 [INF] [AssignmentManagement.Application.Services.AuthService] User 31 (student15@school.edu.bd) logged in successfully with role "Student"
2026-08-11 10:57:57.001 +06:00 [INF] [AssignmentManagement.Application.Services.AuthService] User 31 (student15@school.edu.bd) logged out
2026-08-11 10:58:03.556 +06:00 [INF] [AssignmentManagement.Application.Services.AuthService] Login attempt received for email 'teacher4@school.edu.bd' (length 12)
2026-08-11 10:58:03.675 +06:00 [INF] [AssignmentManagement.Application.Services.AuthService] User 5 (teacher4@school.edu.bd) logged in successfully with role "Teacher"
2026-08-11 10:58:09.055 +06:00 [INF] [AssignmentManagement.Application.Services.AuthService] User 5 (teacher4@school.edu.bd) logged out
2026-08-11 10:58:16.410 +06:00 [INF] [AssignmentManagement.Application.Services.AuthService] Login attempt received for email 'admin@school.edu.bd' (length 12)
2026-08-11 10:58:16.528 +06:00 [INF] [AssignmentManagement.Application.Services.AuthService] User 117 (admin@school.edu.bd) logged in successfully with role "Admin"
2026-08-11 10:59:39.168 +06:00 [INF] [AssignmentManagement.Application.Services.AuthService] User 117 (admin@school.edu.bd) logged out
2026-08-11 10:59:40.477 +06:00 [INF] [AssignmentManagement.Application.Services.AuthService] Login attempt received for email 'admin@school.edu.bd' (length 12)
2026-08-11 10:59:40.635 +06:00 [INF] [AssignmentManagement.Application.Services.AuthService] User 117 (admin@school.edu.bd) logged in successfully with role "Admin"
2026-08-11 11:01:32.601 +06:00 [INF] [AssignmentManagement.Application.Services.AuthService] User 117 (admin@school.edu.bd) logged out
2026-08-11 11:01:35.428 +06:00 [INF] [AssignmentManagement.Application.Services.AuthService] Login attempt received for email 'teacher4@school.edu.bd' (length 12)
2026-08-11 11:01:35.546 +06:00 [INF] [AssignmentManagement.Application.Services.AuthService] User 5 (teacher4@school.edu.bd) logged in successfully with role "Teacher"
2026-08-11 11:02:41.375 +06:00 [INF] [AssignmentManagement.Application.Services.AuthService] User 5 (teacher4@school.edu.bd) logged out
2026-08-11 11:02:45.349 +06:00 [INF] [AssignmentManagement.Application.Services.AuthService] Login attempt received for email 'student15@school.edu.bd' (length 12)
2026-08-11 11:02:45.468 +06:00 [INF] [AssignmentManagement.Application.Services.AuthService] User 31 (student15@school.edu.bd) logged in successfully with role "Student"
2026-08-11 11:03:02.239 +06:00 [INF] [AssignmentManagement.Application.Services.AuthService] User 31 (student15@school.edu.bd) logged out
2026-08-11 11:03:05.007 +06:00 [INF] [AssignmentManagement.Application.Services.AuthService] Login attempt received for email 'admin@school.edu.bd' (length 12)
2026-08-11 11:03:05.124 +06:00 [INF] [AssignmentManagement.Application.Services.AuthService] User 117 (admin@school.edu.bd) logged in successfully with role "Admin"
2026-08-11 11:21:35.860 +06:00 [ERR] [AssignmentManagement.Api.Middleware.ExceptionMiddleware] Unhandled exception occurred while processing request GET /api/submissions/24021/preview
AssignmentManagement.Application.Common.NotFoundException: The specified submission file does not exist on disk.
   at AssignmentManagement.Infrastructure.Services.StorageService.GetFileAsync(String relativePath, Boolean isDownload, CancellationToken cancellationToken) in C:\Users\Tarek\Desktop\assignment\src\AssignmentManagement.Infrastructure\Services\StorageService.cs:line 139
   at AssignmentManagement.Application.Services.SubmissionService.GetSubmissionFileStreamAsync(Int32 submissionId, Boolean isPreview, CancellationToken cancellationToken) in C:\Users\Tarek\Desktop\assignment\src\AssignmentManagement.Application\Services\SubmissionService.cs:line 230
   at AssignmentManagement.Api.Controllers.SubmissionsController.Preview(Int32 id, CancellationToken cancellationToken) in C:\Users\Tarek\Desktop\assignment\src\AssignmentManagement.Api\Controllers\SubmissionsController.cs:line 88
   at Microsoft.AspNetCore.Mvc.Infrastructure.ActionMethodExecutor.TaskOfIActionResultExecutor.Execute(ActionContext actionContext, IActionResultTypeMapper mapper, ObjectMethodExecutor executor, Object controller, Object[] arguments)
   at Microsoft.AspNetCore.Mvc.Infrastructure.ControllerActionInvoker.<InvokeActionMethodAsync>g__Awaited|12_0(ControllerActionInvoker invoker, ValueTask`1 actionResultValueTask)
   at Microsoft.AspNetCore.Mvc.Infrastructure.ControllerActionInvoker.<InvokeNextActionFilterAsync>g__Awaited|10_0(ControllerActionInvoker invoker, Task lastTask, State next, Scope scope, Object state, Boolean isCompleted)
   at Microsoft.AspNetCore.Mvc.Infrastructure.ControllerActionInvoker.Rethrow(ActionExecutedContextSealed context)
   at Microsoft.AspNetCore.Mvc.Infrastructure.ControllerActionInvoker.Next(State& next, Scope& scope, Object& state, Boolean& isCompleted)
   at Microsoft.AspNetCore.Mvc.Infrastructure.ControllerActionInvoker.<InvokeInnerFilterAsync>g__Awaited|13_0(ControllerActionInvoker invoker, Task lastTask, State next, Scope scope, Object state, Boolean isCompleted)
   at Microsoft.AspNetCore.Mvc.Infrastructure.ResourceInvoker.<InvokeFilterPipelineAsync>g__Awaited|20_0(ResourceInvoker invoker, Task lastTask, State next, Scope scope, Object state, Boolean isCompleted)
   at Microsoft.AspNetCore.Mvc.Infrastructure.ResourceInvoker.<InvokeAsync>g__Awaited|17_0(ResourceInvoker invoker, Task task, IDisposable scope)
   at Microsoft.AspNetCore.Mvc.Infrastructure.ResourceInvoker.<InvokeAsync>g__Awaited|17_0(ResourceInvoker invoker, Task task, IDisposable scope)
   at Microsoft.AspNetCore.Authorization.AuthorizationMiddleware.Invoke(HttpContext context)
   at Microsoft.AspNetCore.Authentication.AuthenticationMiddleware.Invoke(HttpContext context)
   at Swashbuckle.AspNetCore.SwaggerUI.SwaggerUIMiddleware.Invoke(HttpContext httpContext)
   at Swashbuckle.AspNetCore.Swagger.SwaggerMiddleware.Invoke(HttpContext httpContext, ISwaggerProvider swaggerProvider)
   at AssignmentManagement.Api.Middleware.ExceptionMiddleware.InvokeAsync(HttpContext context) in C:\Users\Tarek\Desktop\assignment\src\AssignmentManagement.Api\Middleware\ExceptionMiddleware.cs:line 23
2026-08-11 11:21:35.867 +06:00 [ERR] [AssignmentManagement.Api.Middleware.ExceptionMiddleware] Unhandled exception occurred while processing request GET /api/submissions/24021/preview
AssignmentManagement.Application.Common.NotFoundException: The specified submission file does not exist on disk.
   at AssignmentManagement.Infrastructure.Services.StorageService.GetFileAsync(String relativePath, Boolean isDownload, CancellationToken cancellationToken) in C:\Users\Tarek\Desktop\assignment\src\AssignmentManagement.Infrastructure\Services\StorageService.cs:line 139
   at AssignmentManagement.Application.Services.SubmissionService.GetSubmissionFileStreamAsync(Int32 submissionId, Boolean isPreview, CancellationToken cancellationToken) in C:\Users\Tarek\Desktop\assignment\src\AssignmentManagement.Application\Services\SubmissionService.cs:line 230
   at AssignmentManagement.Api.Controllers.SubmissionsController.Preview(Int32 id, CancellationToken cancellationToken) in C:\Users\Tarek\Desktop\assignment\src\AssignmentManagement.Api\Controllers\SubmissionsController.cs:line 88
   at Microsoft.AspNetCore.Mvc.Infrastructure.ActionMethodExecutor.TaskOfIActionResultExecutor.Execute(ActionContext actionContext, IActionResultTypeMapper mapper, ObjectMethodExecutor executor, Object controller, Object[] arguments)
   at Microsoft.AspNetCore.Mvc.Infrastructure.ControllerActionInvoker.<InvokeActionMethodAsync>g__Awaited|12_0(ControllerActionInvoker invoker, ValueTask`1 actionResultValueTask)
   at Microsoft.AspNetCore.Mvc.Infrastructure.ControllerActionInvoker.<InvokeNextActionFilterAsync>g__Awaited|10_0(ControllerActionInvoker invoker, Task lastTask, State next, Scope scope, Object state, Boolean isCompleted)
   at Microsoft.AspNetCore.Mvc.Infrastructure.ControllerActionInvoker.Rethrow(ActionExecutedContextSealed context)
   at Microsoft.AspNetCore.Mvc.Infrastructure.ControllerActionInvoker.Next(State& next, Scope& scope, Object& state, Boolean& isCompleted)
   at Microsoft.AspNetCore.Mvc.Infrastructure.ControllerActionInvoker.<InvokeInnerFilterAsync>g__Awaited|13_0(ControllerActionInvoker invoker, Task lastTask, State next, Scope scope, Object state, Boolean isCompleted)
   at Microsoft.AspNetCore.Mvc.Infrastructure.ResourceInvoker.<InvokeFilterPipelineAsync>g__Awaited|20_0(ResourceInvoker invoker, Task lastTask, State next, Scope scope, Object state, Boolean isCompleted)
   at Microsoft.AspNetCore.Mvc.Infrastructure.ResourceInvoker.<InvokeAsync>g__Awaited|17_0(ResourceInvoker invoker, Task task, IDisposable scope)
   at Microsoft.AspNetCore.Mvc.Infrastructure.ResourceInvoker.<InvokeAsync>g__Awaited|17_0(ResourceInvoker invoker, Task task, IDisposable scope)
   at Microsoft.AspNetCore.Authorization.AuthorizationMiddleware.Invoke(HttpContext context)
   at Microsoft.AspNetCore.Authentication.AuthenticationMiddleware.Invoke(HttpContext context)
   at Swashbuckle.AspNetCore.SwaggerUI.SwaggerUIMiddleware.Invoke(HttpContext httpContext)
   at Swashbuckle.AspNetCore.Swagger.SwaggerMiddleware.Invoke(HttpContext httpContext, ISwaggerProvider swaggerProvider)
   at AssignmentManagement.Api.Middleware.ExceptionMiddleware.InvokeAsync(HttpContext context) in C:\Users\Tarek\Desktop\assignment\src\AssignmentManagement.Api\Middleware\ExceptionMiddleware.cs:line 23
2026-08-11 11:21:46.429 +06:00 [ERR] [AssignmentManagement.Api.Middleware.ExceptionMiddleware] Unhandled exception occurred while processing request GET /api/submissions/27011/preview
AssignmentManagement.Application.Common.NotFoundException: The specified submission file does not exist on disk.
   at AssignmentManagement.Infrastructure.Services.StorageService.GetFileAsync(String relativePath, Boolean isDownload, CancellationToken cancellationToken) in C:\Users\Tarek\Desktop\assignment\src\AssignmentManagement.Infrastructure\Services\StorageService.cs:line 139
   at AssignmentManagement.Application.Services.SubmissionService.GetSubmissionFileStreamAsync(Int32 submissionId, Boolean isPreview, CancellationToken cancellationToken) in C:\Users\Tarek\Desktop\assignment\src\AssignmentManagement.Application\Services\SubmissionService.cs:line 230
   at AssignmentManagement.Api.Controllers.SubmissionsController.Preview(Int32 id, CancellationToken cancellationToken) in C:\Users\Tarek\Desktop\assignment\src\AssignmentManagement.Api\Controllers\SubmissionsController.cs:line 88
   at Microsoft.AspNetCore.Mvc.Infrastructure.ActionMethodExecutor.TaskOfIActionResultExecutor.Execute(ActionContext actionContext, IActionResultTypeMapper mapper, ObjectMethodExecutor executor, Object controller, Object[] arguments)
   at Microsoft.AspNetCore.Mvc.Infrastructure.ControllerActionInvoker.<InvokeActionMethodAsync>g__Awaited|12_0(ControllerActionInvoker invoker, ValueTask`1 actionResultValueTask)
   at Microsoft.AspNetCore.Mvc.Infrastructure.ControllerActionInvoker.<InvokeNextActionFilterAsync>g__Awaited|10_0(ControllerActionInvoker invoker, Task lastTask, State next, Scope scope, Object state, Boolean isCompleted)
   at Microsoft.AspNetCore.Mvc.Infrastructure.ControllerActionInvoker.Rethrow(ActionExecutedContextSealed context)
   at Microsoft.AspNetCore.Mvc.Infrastructure.ControllerActionInvoker.Next(State& next, Scope& scope, Object& state, Boolean& isCompleted)
   at Microsoft.AspNetCore.Mvc.Infrastructure.ControllerActionInvoker.<InvokeInnerFilterAsync>g__Awaited|13_0(ControllerActionInvoker invoker, Task lastTask, State next, Scope scope, Object state, Boolean isCompleted)
   at Microsoft.AspNetCore.Mvc.Infrastructure.ResourceInvoker.<InvokeFilterPipelineAsync>g__Awaited|20_0(ResourceInvoker invoker, Task lastTask, State next, Scope scope, Object state, Boolean isCompleted)
   at Microsoft.AspNetCore.Mvc.Infrastructure.ResourceInvoker.<InvokeAsync>g__Awaited|17_0(ResourceInvoker invoker, Task task, IDisposable scope)
   at Microsoft.AspNetCore.Mvc.Infrastructure.ResourceInvoker.<InvokeAsync>g__Awaited|17_0(ResourceInvoker invoker, Task task, IDisposable scope)
   at Microsoft.AspNetCore.Authorization.AuthorizationMiddleware.Invoke(HttpContext context)
   at Microsoft.AspNetCore.Authentication.AuthenticationMiddleware.Invoke(HttpContext context)
   at Swashbuckle.AspNetCore.SwaggerUI.SwaggerUIMiddleware.Invoke(HttpContext httpContext)
   at Swashbuckle.AspNetCore.Swagger.SwaggerMiddleware.Invoke(HttpContext httpContext, ISwaggerProvider swaggerProvider)
   at AssignmentManagement.Api.Middleware.ExceptionMiddleware.InvokeAsync(HttpContext context) in C:\Users\Tarek\Desktop\assignment\src\AssignmentManagement.Api\Middleware\ExceptionMiddleware.cs:line 23
2026-08-11 11:21:46.437 +06:00 [ERR] [AssignmentManagement.Api.Middleware.ExceptionMiddleware] Unhandled exception occurred while processing request GET /api/submissions/27011/preview
AssignmentManagement.Application.Common.NotFoundException: The specified submission file does not exist on disk.
   at AssignmentManagement.Infrastructure.Services.StorageService.GetFileAsync(String relativePath, Boolean isDownload, CancellationToken cancellationToken) in C:\Users\Tarek\Desktop\assignment\src\AssignmentManagement.Infrastructure\Services\StorageService.cs:line 139
   at AssignmentManagement.Application.Services.SubmissionService.GetSubmissionFileStreamAsync(Int32 submissionId, Boolean isPreview, CancellationToken cancellationToken) in C:\Users\Tarek\Desktop\assignment\src\AssignmentManagement.Application\Services\SubmissionService.cs:line 230
   at AssignmentManagement.Api.Controllers.SubmissionsController.Preview(Int32 id, CancellationToken cancellationToken) in C:\Users\Tarek\Desktop\assignment\src\AssignmentManagement.Api\Controllers\SubmissionsController.cs:line 88
   at Microsoft.AspNetCore.Mvc.Infrastructure.ActionMethodExecutor.TaskOfIActionResultExecutor.Execute(ActionContext actionContext, IActionResultTypeMapper mapper, ObjectMethodExecutor executor, Object controller, Object[] arguments)
   at Microsoft.AspNetCore.Mvc.Infrastructure.ControllerActionInvoker.<InvokeActionMethodAsync>g__Awaited|12_0(ControllerActionInvoker invoker, ValueTask`1 actionResultValueTask)
   at Microsoft.AspNetCore.Mvc.Infrastructure.ControllerActionInvoker.<InvokeNextActionFilterAsync>g__Awaited|10_0(ControllerActionInvoker invoker, Task lastTask, State next, Scope scope, Object state, Boolean isCompleted)
   at Microsoft.AspNetCore.Mvc.Infrastructure.ControllerActionInvoker.Rethrow(ActionExecutedContextSealed context)
   at Microsoft.AspNetCore.Mvc.Infrastructure.ControllerActionInvoker.Next(State& next, Scope& scope, Object& state, Boolean& isCompleted)
   at Microsoft.AspNetCore.Mvc.Infrastructure.ControllerActionInvoker.<InvokeInnerFilterAsync>g__Awaited|13_0(ControllerActionInvoker invoker, Task lastTask, State next, Scope scope, Object state, Boolean isCompleted)
   at Microsoft.AspNetCore.Mvc.Infrastructure.ResourceInvoker.<InvokeFilterPipelineAsync>g__Awaited|20_0(ResourceInvoker invoker, Task lastTask, State next, Scope scope, Object state, Boolean isCompleted)
   at Microsoft.AspNetCore.Mvc.Infrastructure.ResourceInvoker.<InvokeAsync>g__Awaited|17_0(ResourceInvoker invoker, Task task, IDisposable scope)
   at Microsoft.AspNetCore.Mvc.Infrastructure.ResourceInvoker.<InvokeAsync>g__Awaited|17_0(ResourceInvoker invoker, Task task, IDisposable scope)
   at Microsoft.AspNetCore.Authorization.AuthorizationMiddleware.Invoke(HttpContext context)
   at Microsoft.AspNetCore.Authentication.AuthenticationMiddleware.Invoke(HttpContext context)
   at Swashbuckle.AspNetCore.SwaggerUI.SwaggerUIMiddleware.Invoke(HttpContext httpContext)
   at Swashbuckle.AspNetCore.Swagger.SwaggerMiddleware.Invoke(HttpContext httpContext, ISwaggerProvider swaggerProvider)
   at AssignmentManagement.Api.Middleware.ExceptionMiddleware.InvokeAsync(HttpContext context) in C:\Users\Tarek\Desktop\assignment\src\AssignmentManagement.Api\Middleware\ExceptionMiddleware.cs:line 23
2026-08-11 11:23:35.351 +06:00 [INF] [AssignmentManagement.Application.Services.AuthService] User 117 (admin@school.edu.bd) logged out
2026-08-11 11:23:37.924 +06:00 [INF] [AssignmentManagement.Application.Services.AuthService] Login attempt received for email 'student15@school.edu.bd' (length 12)
2026-08-11 11:23:38.041 +06:00 [INF] [AssignmentManagement.Application.Services.AuthService] User 31 (student15@school.edu.bd) logged in successfully with role "Student"
2026-08-11 11:24:16.464 +06:00 [INF] [AssignmentManagement.Application.Services.AuthService] User 31 (student15@school.edu.bd) logged out
2026-08-11 11:24:19.307 +06:00 [INF] [AssignmentManagement.Application.Services.AuthService] Login attempt received for email 'admin@school.edu.bd' (length 12)
2026-08-11 11:24:19.425 +06:00 [INF] [AssignmentManagement.Application.Services.AuthService] User 117 (admin@school.edu.bd) logged in successfully with role "Admin"
2026-08-11 11:24:48.593 +06:00 [ERR] [AssignmentManagement.Api.Middleware.ExceptionMiddleware] Unhandled exception occurred while processing request GET /api/submissions/27011/preview
AssignmentManagement.Application.Common.NotFoundException: The specified submission file does not exist on disk.
   at AssignmentManagement.Infrastructure.Services.StorageService.GetFileAsync(String relativePath, Boolean isDownload, CancellationToken cancellationToken) in C:\Users\Tarek\Desktop\assignment\src\AssignmentManagement.Infrastructure\Services\StorageService.cs:line 139
   at AssignmentManagement.Application.Services.SubmissionService.GetSubmissionFileStreamAsync(Int32 submissionId, Boolean isPreview, CancellationToken cancellationToken) in C:\Users\Tarek\Desktop\assignment\src\AssignmentManagement.Application\Services\SubmissionService.cs:line 230
   at AssignmentManagement.Api.Controllers.SubmissionsController.Preview(Int32 id, CancellationToken cancellationToken) in C:\Users\Tarek\Desktop\assignment\src\AssignmentManagement.Api\Controllers\SubmissionsController.cs:line 88
   at Microsoft.AspNetCore.Mvc.Infrastructure.ActionMethodExecutor.TaskOfIActionResultExecutor.Execute(ActionContext actionContext, IActionResultTypeMapper mapper, ObjectMethodExecutor executor, Object controller, Object[] arguments)
   at Microsoft.AspNetCore.Mvc.Infrastructure.ControllerActionInvoker.<InvokeActionMethodAsync>g__Awaited|12_0(ControllerActionInvoker invoker, ValueTask`1 actionResultValueTask)
   at Microsoft.AspNetCore.Mvc.Infrastructure.ControllerActionInvoker.<InvokeNextActionFilterAsync>g__Awaited|10_0(ControllerActionInvoker invoker, Task lastTask, State next, Scope scope, Object state, Boolean isCompleted)
   at Microsoft.AspNetCore.Mvc.Infrastructure.ControllerActionInvoker.Rethrow(ActionExecutedContextSealed context)
   at Microsoft.AspNetCore.Mvc.Infrastructure.ControllerActionInvoker.Next(State& next, Scope& scope, Object& state, Boolean& isCompleted)
   at Microsoft.AspNetCore.Mvc.Infrastructure.ControllerActionInvoker.<InvokeInnerFilterAsync>g__Awaited|13_0(ControllerActionInvoker invoker, Task lastTask, State next, Scope scope, Object state, Boolean isCompleted)
   at Microsoft.AspNetCore.Mvc.Infrastructure.ResourceInvoker.<InvokeFilterPipelineAsync>g__Awaited|20_0(ResourceInvoker invoker, Task lastTask, State next, Scope scope, Object state, Boolean isCompleted)
   at Microsoft.AspNetCore.Mvc.Infrastructure.ResourceInvoker.<InvokeAsync>g__Awaited|17_0(ResourceInvoker invoker, Task task, IDisposable scope)
   at Microsoft.AspNetCore.Mvc.Infrastructure.ResourceInvoker.<InvokeAsync>g__Awaited|17_0(ResourceInvoker invoker, Task task, IDisposable scope)
   at Microsoft.AspNetCore.Authorization.AuthorizationMiddleware.Invoke(HttpContext context)
   at Microsoft.AspNetCore.Authentication.AuthenticationMiddleware.Invoke(HttpContext context)
   at Swashbuckle.AspNetCore.SwaggerUI.SwaggerUIMiddleware.Invoke(HttpContext httpContext)
   at Swashbuckle.AspNetCore.Swagger.SwaggerMiddleware.Invoke(HttpContext httpContext, ISwaggerProvider swaggerProvider)
   at AssignmentManagement.Api.Middleware.ExceptionMiddleware.InvokeAsync(HttpContext context) in C:\Users\Tarek\Desktop\assignment\src\AssignmentManagement.Api\Middleware\ExceptionMiddleware.cs:line 23
2026-08-11 11:24:48.599 +06:00 [ERR] [AssignmentManagement.Api.Middleware.ExceptionMiddleware] Unhandled exception occurred while processing request GET /api/submissions/27011/preview
AssignmentManagement.Application.Common.NotFoundException: The specified submission file does not exist on disk.
   at AssignmentManagement.Infrastructure.Services.StorageService.GetFileAsync(String relativePath, Boolean isDownload, CancellationToken cancellationToken) in C:\Users\Tarek\Desktop\assignment\src\AssignmentManagement.Infrastructure\Services\StorageService.cs:line 139
   at AssignmentManagement.Application.Services.SubmissionService.GetSubmissionFileStreamAsync(Int32 submissionId, Boolean isPreview, CancellationToken cancellationToken) in C:\Users\Tarek\Desktop\assignment\src\AssignmentManagement.Application\Services\SubmissionService.cs:line 230
   at AssignmentManagement.Api.Controllers.SubmissionsController.Preview(Int32 id, CancellationToken cancellationToken) in C:\Users\Tarek\Desktop\assignment\src\AssignmentManagement.Api\Controllers\SubmissionsController.cs:line 88
   at Microsoft.AspNetCore.Mvc.Infrastructure.ActionMethodExecutor.TaskOfIActionResultExecutor.Execute(ActionContext actionContext, IActionResultTypeMapper mapper, ObjectMethodExecutor executor, Object controller, Object[] arguments)
   at Microsoft.AspNetCore.Mvc.Infrastructure.ControllerActionInvoker.<InvokeActionMethodAsync>g__Awaited|12_0(ControllerActionInvoker invoker, ValueTask`1 actionResultValueTask)
   at Microsoft.AspNetCore.Mvc.Infrastructure.ControllerActionInvoker.<InvokeNextActionFilterAsync>g__Awaited|10_0(ControllerActionInvoker invoker, Task lastTask, State next, Scope scope, Object state, Boolean isCompleted)
   at Microsoft.AspNetCore.Mvc.Infrastructure.ControllerActionInvoker.Rethrow(ActionExecutedContextSealed context)
   at Microsoft.AspNetCore.Mvc.Infrastructure.ControllerActionInvoker.Next(State& next, Scope& scope, Object& state, Boolean& isCompleted)
   at Microsoft.AspNetCore.Mvc.Infrastructure.ControllerActionInvoker.<InvokeInnerFilterAsync>g__Awaited|13_0(ControllerActionInvoker invoker, Task lastTask, State next, Scope scope, Object state, Boolean isCompleted)
   at Microsoft.AspNetCore.Mvc.Infrastructure.ResourceInvoker.<InvokeFilterPipelineAsync>g__Awaited|20_0(ResourceInvoker invoker, Task lastTask, State next, Scope scope, Object state, Boolean isCompleted)
   at Microsoft.AspNetCore.Mvc.Infrastructure.ResourceInvoker.<InvokeAsync>g__Awaited|17_0(ResourceInvoker invoker, Task task, IDisposable scope)
   at Microsoft.AspNetCore.Mvc.Infrastructure.ResourceInvoker.<InvokeAsync>g__Awaited|17_0(ResourceInvoker invoker, Task task, IDisposable scope)
   at Microsoft.AspNetCore.Authorization.AuthorizationMiddleware.Invoke(HttpContext context)
   at Microsoft.AspNetCore.Authentication.AuthenticationMiddleware.Invoke(HttpContext context)
   at Swashbuckle.AspNetCore.SwaggerUI.SwaggerUIMiddleware.Invoke(HttpContext httpContext)
   at Swashbuckle.AspNetCore.Swagger.SwaggerMiddleware.Invoke(HttpContext httpContext, ISwaggerProvider swaggerProvider)
   at AssignmentManagement.Api.Middleware.ExceptionMiddleware.InvokeAsync(HttpContext context) in C:\Users\Tarek\Desktop\assignment\src\AssignmentManagement.Api\Middleware\ExceptionMiddleware.cs:line 23
2026-08-11 11:25:06.695 +06:00 [INF] [AssignmentManagement.Application.Services.AuthService] User 117 (admin@school.edu.bd) logged out
2026-08-11 11:25:12.378 +06:00 [INF] [AssignmentManagement.Application.Services.AuthService] Login attempt received for email 'admin@school.edu.bd' (length 12)
2026-08-11 11:25:12.497 +06:00 [INF] [AssignmentManagement.Application.Services.AuthService] User 117 (admin@school.edu.bd) logged in successfully with role "Admin"
2026-08-11 11:27:01.479 +06:00 [INF] [AssignmentManagement.Application.Services.AuthService] User 117 (admin@school.edu.bd) logged out
2026-08-11 11:27:03.873 +06:00 [INF] [AssignmentManagement.Application.Services.AuthService] Login attempt received for email 'student15@school.edu.bd' (length 12)
2026-08-11 11:27:03.991 +06:00 [INF] [AssignmentManagement.Application.Services.AuthService] User 31 (student15@school.edu.bd) logged in successfully with role "Student"
2026-08-11 11:27:29.879 +06:00 [INF] [AssignmentManagement.Application.Services.AuthService] User 31 (student15@school.edu.bd) logged out
2026-08-11 11:27:32.938 +06:00 [INF] [AssignmentManagement.Application.Services.AuthService] Login attempt received for email 'student85@school.edu.bd' (length 12)
2026-08-11 11:27:33.076 +06:00 [INF] [AssignmentManagement.Application.Services.AuthService] User 101 (student85@school.edu.bd) logged in successfully with role "Student"
2026-08-11 11:27:35.127 +06:00 [INF] [AssignmentManagement.Application.Services.AuthService] User 101 (student85@school.edu.bd) logged out
2026-08-11 11:27:39.386 +06:00 [INF] [AssignmentManagement.Application.Services.AuthService] Login attempt received for email 'student86@school.edu.bd' (length 12)
2026-08-11 11:27:39.503 +06:00 [INF] [AssignmentManagement.Application.Services.AuthService] User 102 (student86@school.edu.bd) logged in successfully with role "Student"
2026-08-11 11:28:36.038 +06:00 [INF] [AssignmentManagement.Application.Services.AuthService] User 102 (student86@school.edu.bd) logged out
2026-08-11 11:28:43.073 +06:00 [INF] [AssignmentManagement.Application.Services.AuthService] Login attempt received for email 'student15@school.edu.bd' (length 12)
2026-08-11 11:28:43.189 +06:00 [INF] [AssignmentManagement.Application.Services.AuthService] User 31 (student15@school.edu.bd) logged in successfully with role "Student"
2026-08-11 11:29:03.151 +06:00 [INF] [AssignmentManagement.Application.Services.AuthService] User 31 (student15@school.edu.bd) logged out
2026-08-11 11:29:04.203 +06:00 [INF] [AssignmentManagement.Application.Services.AuthService] Login attempt received for email 'student15@school.edu.bd' (length 12)
2026-08-11 11:29:04.321 +06:00 [INF] [AssignmentManagement.Application.Services.AuthService] User 31 (student15@school.edu.bd) logged in successfully with role "Student"
2026-08-11 11:29:35.615 +06:00 [INF] [AssignmentManagement.Application.Services.AuthService] User 31 (student15@school.edu.bd) logged out
2026-08-11 11:29:48.610 +06:00 [INF] [AssignmentManagement.Application.Services.AuthService] Login attempt received for email 'student15@school.edu.bd' (length 12)
2026-08-11 11:29:48.727 +06:00 [INF] [AssignmentManagement.Application.Services.AuthService] User 31 (student15@school.edu.bd) logged in successfully with role "Student"
2026-08-11 11:29:54.654 +06:00 [INF] [AssignmentManagement.Application.Services.AuthService] User 31 (student15@school.edu.bd) logged out
2026-08-11 11:31:49.355 +06:00 [INF] [AssignmentManagement.Application.Services.AuthService] Login attempt received for email 'student15@school.edu.bd' (length 12)
2026-08-11 11:31:49.475 +06:00 [INF] [AssignmentManagement.Application.Services.AuthService] User 31 (student15@school.edu.bd) logged in successfully with role "Student"
2026-08-11 11:59:42.382 +06:00 [INF] [AssignmentManagement.Application.Services.AuthService] User 31 (student15@school.edu.bd) logged out
2026-08-11 12:10:39.397 +06:00 [INF] [AssignmentManagement.Application.Services.AuthService] Login attempt received for email 'student15@school.edu.bd' (length 12)
2026-08-11 12:10:39.538 +06:00 [INF] [AssignmentManagement.Application.Services.AuthService] User 31 (student15@school.edu.bd) logged in successfully with role "Student"
2026-08-11 12:10:56.269 +06:00 [INF] [AssignmentManagement.Application.Services.AuthService] User 31 (student15@school.edu.bd) logged out
2026-08-11 12:10:58.848 +06:00 [INF] [AssignmentManagement.Application.Services.AuthService] Login attempt received for email 'student90@school.edu.bd' (length 12)
2026-08-11 12:10:58.964 +06:00 [INF] [AssignmentManagement.Application.Services.AuthService] User 106 (student90@school.edu.bd) logged in successfully with role "Student"
2026-08-11 12:11:00.556 +06:00 [INF] [AssignmentManagement.Application.Services.AuthService] User 106 (student90@school.edu.bd) logged out
2026-08-11 12:11:03.767 +06:00 [INF] [AssignmentManagement.Application.Services.AuthService] Login attempt received for email 'student91@school.edu.bd' (length 12)
2026-08-11 12:11:03.886 +06:00 [INF] [AssignmentManagement.Application.Services.AuthService] User 107 (student91@school.edu.bd) logged in successfully with role "Student"
2026-08-11 12:11:05.469 +06:00 [INF] [AssignmentManagement.Application.Services.AuthService] User 107 (student91@school.edu.bd) logged out
2026-08-11 12:11:07.800 +06:00 [INF] [AssignmentManagement.Application.Services.AuthService] Login attempt received for email 'student92@school.edu.bd' (length 12)
2026-08-11 12:11:07.919 +06:00 [INF] [AssignmentManagement.Application.Services.AuthService] User 108 (student92@school.edu.bd) logged in successfully with role "Student"
2026-08-11 12:11:10.308 +06:00 [INF] [AssignmentManagement.Application.Services.AuthService] User 108 (student92@school.edu.bd) logged out
2026-08-11 12:11:13.023 +06:00 [INF] [AssignmentManagement.Application.Services.AuthService] Login attempt received for email 'student93@school.edu.bd' (length 12)
2026-08-11 12:11:13.140 +06:00 [INF] [AssignmentManagement.Application.Services.AuthService] User 109 (student93@school.edu.bd) logged in successfully with role "Student"
2026-08-11 12:11:55.108 +06:00 [INF] [AssignmentManagement.Application.Services.AuthService] User 109 (student93@school.edu.bd) logged out
2026-08-11 12:11:57.256 +06:00 [INF] [AssignmentManagement.Application.Services.AuthService] Login attempt received for email 'admin@school.edu.bd' (length 12)
2026-08-11 12:11:57.374 +06:00 [INF] [AssignmentManagement.Application.Services.AuthService] User 117 (admin@school.edu.bd) logged in successfully with role "Admin"
2026-08-11 12:17:13.614 +06:00 [INF] [AssignmentManagement.Application.Services.AuthService] User 117 (admin@school.edu.bd) logged out
2026-08-11 12:17:16.420 +06:00 [INF] [AssignmentManagement.Application.Services.AuthService] Login attempt received for email 'student15@school.edu.bd' (length 12)
2026-08-11 12:17:16.537 +06:00 [INF] [AssignmentManagement.Application.Services.AuthService] User 31 (student15@school.edu.bd) logged in successfully with role "Student"
2026-08-11 12:22:18.909 +06:00 [INF] [AssignmentManagement.Application.Services.AuthService] User 31 (student15@school.edu.bd) logged out
2026-08-11 12:22:21.529 +06:00 [INF] [AssignmentManagement.Application.Services.AuthService] Login attempt received for email 'admin@school.edu.bd' (length 12)
2026-08-11 12:22:21.655 +06:00 [INF] [AssignmentManagement.Application.Services.AuthService] User 117 (admin@school.edu.bd) logged in successfully with role "Admin"
2026-08-11 12:22:38.846 +06:00 [INF] [AssignmentManagement.Application.Services.AuthService] User 117 (admin@school.edu.bd) logged out
2026-08-11 12:22:40.130 +06:00 [INF] [AssignmentManagement.Application.Services.AuthService] Login attempt received for email 'admin@school.edu.bd' (length 12)
2026-08-11 12:22:40.248 +06:00 [INF] [AssignmentManagement.Application.Services.AuthService] User 117 (admin@school.edu.bd) logged in successfully with role "Admin"
2026-08-11 12:23:20.833 +06:00 [INF] [Microsoft.Hosting.Lifetime] Now listening on: http://localhost:5000
2026-08-11 12:23:20.854 +06:00 [INF] [Microsoft.Hosting.Lifetime] Application started. Press Ctrl+C to shut down.
2026-08-11 12:23:20.854 +06:00 [INF] [Microsoft.Hosting.Lifetime] Hosting environment: Production
2026-08-11 12:23:20.854 +06:00 [INF] [Microsoft.Hosting.Lifetime] Content root path: C:\Users\Tarek\Desktop\assignment\src\AssignmentManagement.Api
2026-08-11 12:23:41.776 +06:00 [WRN] [Microsoft.AspNetCore.HttpsPolicy.HttpsRedirectionMiddleware] Failed to determine the https port for redirect.
2026-08-11 12:23:41.851 +06:00 [INF] [AssignmentManagement.Application.Services.AuthService] Login attempt received for email 'admin@school.edu.bd' (length 12)
2026-08-11 12:23:42.009 +06:00 [INF] [AssignmentManagement.Application.Services.AuthService] User 117 (admin@school.edu.bd) logged in successfully with role "Admin"
2026-08-11 12:24:10.473 +06:00 [INF] [Microsoft.Hosting.Lifetime] Now listening on: http://localhost:5000
2026-08-11 12:24:10.496 +06:00 [INF] [Microsoft.Hosting.Lifetime] Application started. Press Ctrl+C to shut down.
2026-08-11 12:24:10.497 +06:00 [INF] [Microsoft.Hosting.Lifetime] Hosting environment: Production
2026-08-11 12:24:10.497 +06:00 [INF] [Microsoft.Hosting.Lifetime] Content root path: C:\Users\Tarek\Desktop\assignment\src\AssignmentManagement.Api
2026-08-11 12:24:14.532 +06:00 [WRN] [Microsoft.AspNetCore.HttpsPolicy.HttpsRedirectionMiddleware] Failed to determine the https port for redirect.
2026-08-11 12:25:19.902 +06:00 [INF] [AssignmentManagement.Application.Services.AuthService] User 117 (admin@school.edu.bd) logged out
2026-08-11 12:25:22.399 +06:00 [INF] [AssignmentManagement.Application.Services.AuthService] Login attempt received for email 'student15@school.edu.bd' (length 12)
2026-08-11 12:25:22.528 +06:00 [INF] [AssignmentManagement.Application.Services.AuthService] User 31 (student15@school.edu.bd) logged in successfully with role "Student"
2026-08-11 12:28:46.000 +06:00 [INF] [AssignmentManagement.Application.Services.AuthService] User 31 (student15@school.edu.bd) logged out
2026-08-11 12:30:53.670 +06:00 [INF] [AssignmentManagement.Application.Services.AuthService] Login attempt received for email 'student15@school.edu.bd' (length 12)
2026-08-11 12:30:53.808 +06:00 [INF] [AssignmentManagement.Application.Services.AuthService] User 31 (student15@school.edu.bd) logged in successfully with role "Student"
2026-08-11 12:34:00.625 +06:00 [INF] [Microsoft.Hosting.Lifetime] Now listening on: http://localhost:5000
2026-08-11 12:34:00.647 +06:00 [INF] [Microsoft.Hosting.Lifetime] Application started. Press Ctrl+C to shut down.
2026-08-11 12:34:00.647 +06:00 [INF] [Microsoft.Hosting.Lifetime] Hosting environment: Production
2026-08-11 12:34:00.647 +06:00 [INF] [Microsoft.Hosting.Lifetime] Content root path: C:\Users\Tarek\Desktop\assignment\src\AssignmentManagement.Api
2026-08-11 12:34:13.075 +06:00 [WRN] [Microsoft.AspNetCore.HttpsPolicy.HttpsRedirectionMiddleware] Failed to determine the https port for redirect.
2026-08-11 12:39:18.429 +06:00 [INF] [AssignmentManagement.Application.Services.AuthService] User 31 (student15@school.edu.bd) logged out
2026-08-11 12:39:25.728 +06:00 [INF] [AssignmentManagement.Application.Services.AuthService] Login attempt received for email 'admin@school.edu.bd' (length 12)
2026-08-11 12:39:25.859 +06:00 [INF] [AssignmentManagement.Application.Services.AuthService] User 117 (admin@school.edu.bd) logged in successfully with role "Admin"
2026-08-11 12:40:07.856 +06:00 [INF] [AssignmentManagement.Application.Services.AuthService] User 117 (admin@school.edu.bd) logged out
2026-08-11 12:40:48.412 +06:00 [INF] [AssignmentManagement.Application.Services.AuthService] Login attempt received for email 'admin@school.edu.bd' (length 12)
2026-08-11 12:40:48.530 +06:00 [INF] [AssignmentManagement.Application.Services.AuthService] User 117 (admin@school.edu.bd) logged in successfully with role "Admin"
2026-08-11 12:41:06.516 +06:00 [INF] [AssignmentManagement.Application.Services.AuthService] User 117 (admin@school.edu.bd) logged out
2026-08-11 12:41:09.211 +06:00 [INF] [AssignmentManagement.Application.Services.AuthService] Login attempt received for email 'student15@school.edu.bd' (length 12)
2026-08-11 12:41:09.329 +06:00 [INF] [AssignmentManagement.Application.Services.AuthService] User 31 (student15@school.edu.bd) logged in successfully with role "Student"
2026-08-11 12:41:44.042 +06:00 [ERR] [AssignmentManagement.Api.Middleware.ExceptionMiddleware] Unhandled exception occurred while processing request GET /api/submissions/30100/preview
AssignmentManagement.Application.Common.NotFoundException: The specified submission file does not exist on disk.
   at AssignmentManagement.Infrastructure.Services.StorageService.GetFileAsync(String relativePath, Boolean isDownload, CancellationToken cancellationToken) in C:\Users\Tarek\Desktop\assignment\src\AssignmentManagement.Infrastructure\Services\StorageService.cs:line 139
   at AssignmentManagement.Application.Services.SubmissionService.GetSubmissionFileStreamAsync(Int32 submissionId, Boolean isPreview, CancellationToken cancellationToken) in C:\Users\Tarek\Desktop\assignment\src\AssignmentManagement.Application\Services\SubmissionService.cs:line 230
   at AssignmentManagement.Api.Controllers.SubmissionsController.Preview(Int32 id, CancellationToken cancellationToken) in C:\Users\Tarek\Desktop\assignment\src\AssignmentManagement.Api\Controllers\SubmissionsController.cs:line 88
   at Microsoft.AspNetCore.Mvc.Infrastructure.ActionMethodExecutor.TaskOfIActionResultExecutor.Execute(ActionContext actionContext, IActionResultTypeMapper mapper, ObjectMethodExecutor executor, Object controller, Object[] arguments)
   at Microsoft.AspNetCore.Mvc.Infrastructure.ControllerActionInvoker.<InvokeActionMethodAsync>g__Awaited|12_0(ControllerActionInvoker invoker, ValueTask`1 actionResultValueTask)
   at Microsoft.AspNetCore.Mvc.Infrastructure.ControllerActionInvoker.<InvokeNextActionFilterAsync>g__Awaited|10_0(ControllerActionInvoker invoker, Task lastTask, State next, Scope scope, Object state, Boolean isCompleted)
   at Microsoft.AspNetCore.Mvc.Infrastructure.ControllerActionInvoker.Rethrow(ActionExecutedContextSealed context)
   at Microsoft.AspNetCore.Mvc.Infrastructure.ControllerActionInvoker.Next(State& next, Scope& scope, Object& state, Boolean& isCompleted)
   at Microsoft.AspNetCore.Mvc.Infrastructure.ControllerActionInvoker.<InvokeInnerFilterAsync>g__Awaited|13_0(ControllerActionInvoker invoker, Task lastTask, State next, Scope scope, Object state, Boolean isCompleted)
   at Microsoft.AspNetCore.Mvc.Infrastructure.ResourceInvoker.<InvokeFilterPipelineAsync>g__Awaited|20_0(ResourceInvoker invoker, Task lastTask, State next, Scope scope, Object state, Boolean isCompleted)
   at Microsoft.AspNetCore.Mvc.Infrastructure.ResourceInvoker.<InvokeAsync>g__Awaited|17_0(ResourceInvoker invoker, Task task, IDisposable scope)
   at Microsoft.AspNetCore.Mvc.Infrastructure.ResourceInvoker.<InvokeAsync>g__Awaited|17_0(ResourceInvoker invoker, Task task, IDisposable scope)
   at Microsoft.AspNetCore.Authorization.AuthorizationMiddleware.Invoke(HttpContext context)
   at Microsoft.AspNetCore.Authentication.AuthenticationMiddleware.Invoke(HttpContext context)
   at Swashbuckle.AspNetCore.SwaggerUI.SwaggerUIMiddleware.Invoke(HttpContext httpContext)
   at Swashbuckle.AspNetCore.Swagger.SwaggerMiddleware.Invoke(HttpContext httpContext, ISwaggerProvider swaggerProvider)
   at AssignmentManagement.Api.Middleware.ExceptionMiddleware.InvokeAsync(HttpContext context) in C:\Users\Tarek\Desktop\assignment\src\AssignmentManagement.Api\Middleware\ExceptionMiddleware.cs:line 23
2026-08-11 12:41:50.232 +06:00 [ERR] [AssignmentManagement.Api.Middleware.ExceptionMiddleware] Unhandled exception occurred while processing request GET /api/submissions/30100/preview
AssignmentManagement.Application.Common.NotFoundException: The specified submission file does not exist on disk.
   at AssignmentManagement.Infrastructure.Services.StorageService.GetFileAsync(String relativePath, Boolean isDownload, CancellationToken cancellationToken) in C:\Users\Tarek\Desktop\assignment\src\AssignmentManagement.Infrastructure\Services\StorageService.cs:line 139
   at AssignmentManagement.Application.Services.SubmissionService.GetSubmissionFileStreamAsync(Int32 submissionId, Boolean isPreview, CancellationToken cancellationToken) in C:\Users\Tarek\Desktop\assignment\src\AssignmentManagement.Application\Services\SubmissionService.cs:line 230
   at AssignmentManagement.Api.Controllers.SubmissionsController.Preview(Int32 id, CancellationToken cancellationToken) in C:\Users\Tarek\Desktop\assignment\src\AssignmentManagement.Api\Controllers\SubmissionsController.cs:line 88
   at Microsoft.AspNetCore.Mvc.Infrastructure.ActionMethodExecutor.TaskOfIActionResultExecutor.Execute(ActionContext actionContext, IActionResultTypeMapper mapper, ObjectMethodExecutor executor, Object controller, Object[] arguments)
   at Microsoft.AspNetCore.Mvc.Infrastructure.ControllerActionInvoker.<InvokeActionMethodAsync>g__Awaited|12_0(ControllerActionInvoker invoker, ValueTask`1 actionResultValueTask)
   at Microsoft.AspNetCore.Mvc.Infrastructure.ControllerActionInvoker.<InvokeNextActionFilterAsync>g__Awaited|10_0(ControllerActionInvoker invoker, Task lastTask, State next, Scope scope, Object state, Boolean isCompleted)
   at Microsoft.AspNetCore.Mvc.Infrastructure.ControllerActionInvoker.Rethrow(ActionExecutedContextSealed context)
   at Microsoft.AspNetCore.Mvc.Infrastructure.ControllerActionInvoker.Next(State& next, Scope& scope, Object& state, Boolean& isCompleted)
   at Microsoft.AspNetCore.Mvc.Infrastructure.ControllerActionInvoker.<InvokeInnerFilterAsync>g__Awaited|13_0(ControllerActionInvoker invoker, Task lastTask, State next, Scope scope, Object state, Boolean isCompleted)
   at Microsoft.AspNetCore.Mvc.Infrastructure.ResourceInvoker.<InvokeFilterPipelineAsync>g__Awaited|20_0(ResourceInvoker invoker, Task lastTask, State next, Scope scope, Object state, Boolean isCompleted)
   at Microsoft.AspNetCore.Mvc.Infrastructure.ResourceInvoker.<InvokeAsync>g__Awaited|17_0(ResourceInvoker invoker, Task task, IDisposable scope)
   at Microsoft.AspNetCore.Mvc.Infrastructure.ResourceInvoker.<InvokeAsync>g__Awaited|17_0(ResourceInvoker invoker, Task task, IDisposable scope)
   at Microsoft.AspNetCore.Authorization.AuthorizationMiddleware.Invoke(HttpContext context)
   at Microsoft.AspNetCore.Authentication.AuthenticationMiddleware.Invoke(HttpContext context)
   at Swashbuckle.AspNetCore.SwaggerUI.SwaggerUIMiddleware.Invoke(HttpContext httpContext)
   at Swashbuckle.AspNetCore.Swagger.SwaggerMiddleware.Invoke(HttpContext httpContext, ISwaggerProvider swaggerProvider)
   at AssignmentManagement.Api.Middleware.ExceptionMiddleware.InvokeAsync(HttpContext context) in C:\Users\Tarek\Desktop\assignment\src\AssignmentManagement.Api\Middleware\ExceptionMiddleware.cs:line 23
