2026-08-05 11:04:01.675 +06:00 [INF] [Microsoft.Hosting.Lifetime] Now listening on: http://localhost:5000
2026-08-05 11:04:01.774 +06:00 [INF] [Microsoft.Hosting.Lifetime] Application started. Press Ctrl+C to shut down.
2026-08-05 11:04:01.775 +06:00 [INF] [Microsoft.Hosting.Lifetime] Hosting environment: Production
2026-08-05 11:04:01.775 +06:00 [INF] [Microsoft.Hosting.Lifetime] Content root path: C:\Users\Tarek\Desktop\assignment\src\AssignmentManagement.Api
2026-08-05 11:04:49.631 +06:00 [WRN] [Microsoft.AspNetCore.HttpsPolicy.HttpsRedirectionMiddleware] Failed to determine the https port for redirect.
2026-08-05 11:04:56.953 +06:00 [ERR] [Microsoft.EntityFrameworkCore.Database.Connection] An error occurred using the connection to database 'assignment_management' on server 'tcp://localhost:5432'.
2026-08-05 11:04:56.980 +06:00 [ERR] [Microsoft.EntityFrameworkCore.Query] An exception occurred while iterating over the results of a query for context type 'AssignmentManagement.Infrastructure.Data.ApplicationDbContext'.
System.InvalidOperationException: An exception has been raised that is likely due to a transient failure.
 ---> Npgsql.NpgsqlException (0x80004005): Failed to connect to 127.0.0.1:5432
 ---> System.Net.Sockets.SocketException (10061): No connection could be made because the target machine actively refused it.
   at System.Net.Sockets.Socket.AwaitableSocketAsyncEventArgs.ThrowException(SocketError error, CancellationToken cancellationToken)
   at System.Net.Sockets.Socket.AwaitableSocketAsyncEventArgs.System.Threading.Tasks.Sources.IValueTaskSource.GetResult(Int16 token)
   at Npgsql.Internal.NpgsqlConnector.ConnectAsync(NpgsqlTimeout timeout, CancellationToken cancellationToken)
   at Npgsql.Internal.NpgsqlConnector.ConnectAsync(NpgsqlTimeout timeout, CancellationToken cancellationToken)
   at Npgsql.Internal.NpgsqlConnector.RawOpen(NpgsqlTimeout timeout, Boolean async, CancellationToken cancellationToken)
   at Npgsql.Internal.NpgsqlConnector.<Open>g__OpenCore|209_0(NpgsqlConnector conn, String username, SslMode sslMode, GssEncryptionMode gssEncMode, NpgsqlTimeout timeout, Boolean async, CancellationToken cancellationToken)
   at Npgsql.Internal.NpgsqlConnector.Open(NpgsqlTimeout timeout, Boolean async, CancellationToken cancellationToken)
   at Npgsql.PoolingDataSource.OpenNewConnector(NpgsqlConnection conn, NpgsqlTimeout timeout, Boolean async, CancellationToken cancellationToken)
   at Npgsql.PoolingDataSource.<Get>g__RentAsync|33_0(NpgsqlConnection conn, NpgsqlTimeout timeout, Boolean async, CancellationToken cancellationToken)
   at Npgsql.NpgsqlConnection.<Open>g__OpenAsync|42_0(Boolean async, CancellationToken cancellationToken)
   at Microsoft.EntityFrameworkCore.Storage.RelationalConnection.OpenInternalAsync(Boolean errorsExpected, CancellationToken cancellationToken)
   at Microsoft.EntityFrameworkCore.Storage.RelationalConnection.OpenInternalAsync(Boolean errorsExpected, CancellationToken cancellationToken)
   at Microsoft.EntityFrameworkCore.Storage.RelationalConnection.OpenAsync(CancellationToken cancellationToken, Boolean errorsExpected)
   at Microsoft.EntityFrameworkCore.Storage.RelationalCommand.ExecuteReaderAsync(RelationalCommandParameterObject parameterObject, CancellationToken cancellationToken)
   at Microsoft.EntityFrameworkCore.Query.Internal.SingleQueryingEnumerable`1.AsyncEnumerator.InitializeReaderAsync(AsyncEnumerator enumerator, CancellationToken cancellationToken)
   at Npgsql.EntityFrameworkCore.PostgreSQL.Storage.Internal.NpgsqlExecutionStrategy.ExecuteAsync[TState,TResult](TState state, Func`4 operation, Func`4 verifySucceeded, CancellationToken cancellationToken)
   --- End of inner exception stack trace ---
   at Npgsql.EntityFrameworkCore.PostgreSQL.Storage.Internal.NpgsqlExecutionStrategy.ExecuteAsync[TState,TResult](TState state, Func`4 operation, Func`4 verifySucceeded, CancellationToken cancellationToken)
   at Microsoft.EntityFrameworkCore.Query.Internal.SingleQueryingEnumerable`1.AsyncEnumerator.MoveNextAsync()
System.InvalidOperationException: An exception has been raised that is likely due to a transient failure.
 ---> Npgsql.NpgsqlException (0x80004005): Failed to connect to 127.0.0.1:5432
 ---> System.Net.Sockets.SocketException (10061): No connection could be made because the target machine actively refused it.
   at System.Net.Sockets.Socket.AwaitableSocketAsyncEventArgs.ThrowException(SocketError error, CancellationToken cancellationToken)
   at System.Net.Sockets.Socket.AwaitableSocketAsyncEventArgs.System.Threading.Tasks.Sources.IValueTaskSource.GetResult(Int16 token)
   at Npgsql.Internal.NpgsqlConnector.ConnectAsync(NpgsqlTimeout timeout, CancellationToken cancellationToken)
   at Npgsql.Internal.NpgsqlConnector.ConnectAsync(NpgsqlTimeout timeout, CancellationToken cancellationToken)
   at Npgsql.Internal.NpgsqlConnector.RawOpen(NpgsqlTimeout timeout, Boolean async, CancellationToken cancellationToken)
   at Npgsql.Internal.NpgsqlConnector.<Open>g__OpenCore|209_0(NpgsqlConnector conn, String username, SslMode sslMode, GssEncryptionMode gssEncMode, NpgsqlTimeout timeout, Boolean async, CancellationToken cancellationToken)
   at Npgsql.Internal.NpgsqlConnector.Open(NpgsqlTimeout timeout, Boolean async, CancellationToken cancellationToken)
   at Npgsql.PoolingDataSource.OpenNewConnector(NpgsqlConnection conn, NpgsqlTimeout timeout, Boolean async, CancellationToken cancellationToken)
   at Npgsql.PoolingDataSource.<Get>g__RentAsync|33_0(NpgsqlConnection conn, NpgsqlTimeout timeout, Boolean async, CancellationToken cancellationToken)
   at Npgsql.NpgsqlConnection.<Open>g__OpenAsync|42_0(Boolean async, CancellationToken cancellationToken)
   at Microsoft.EntityFrameworkCore.Storage.RelationalConnection.OpenInternalAsync(Boolean errorsExpected, CancellationToken cancellationToken)
   at Microsoft.EntityFrameworkCore.Storage.RelationalConnection.OpenInternalAsync(Boolean errorsExpected, CancellationToken cancellationToken)
   at Microsoft.EntityFrameworkCore.Storage.RelationalConnection.OpenAsync(CancellationToken cancellationToken, Boolean errorsExpected)
   at Microsoft.EntityFrameworkCore.Storage.RelationalCommand.ExecuteReaderAsync(RelationalCommandParameterObject parameterObject, CancellationToken cancellationToken)
   at Microsoft.EntityFrameworkCore.Query.Internal.SingleQueryingEnumerable`1.AsyncEnumerator.InitializeReaderAsync(AsyncEnumerator enumerator, CancellationToken cancellationToken)
   at Npgsql.EntityFrameworkCore.PostgreSQL.Storage.Internal.NpgsqlExecutionStrategy.ExecuteAsync[TState,TResult](TState state, Func`4 operation, Func`4 verifySucceeded, CancellationToken cancellationToken)
   --- End of inner exception stack trace ---
   at Npgsql.EntityFrameworkCore.PostgreSQL.Storage.Internal.NpgsqlExecutionStrategy.ExecuteAsync[TState,TResult](TState state, Func`4 operation, Func`4 verifySucceeded, CancellationToken cancellationToken)
   at Microsoft.EntityFrameworkCore.Query.Internal.SingleQueryingEnumerable`1.AsyncEnumerator.MoveNextAsync()
2026-08-05 11:04:56.995 +06:00 [ERR] [AssignmentManagement.Api.Middleware.ExceptionMiddleware] Unhandled exception occurred while processing request POST /api/auth/login
System.InvalidOperationException: An exception has been raised that is likely due to a transient failure.
 ---> Npgsql.NpgsqlException (0x80004005): Failed to connect to 127.0.0.1:5432
 ---> System.Net.Sockets.SocketException (10061): No connection could be made because the target machine actively refused it.
   at System.Net.Sockets.Socket.AwaitableSocketAsyncEventArgs.ThrowException(SocketError error, CancellationToken cancellationToken)
   at System.Net.Sockets.Socket.AwaitableSocketAsyncEventArgs.System.Threading.Tasks.Sources.IValueTaskSource.GetResult(Int16 token)
   at Npgsql.Internal.NpgsqlConnector.ConnectAsync(NpgsqlTimeout timeout, CancellationToken cancellationToken)
   at Npgsql.Internal.NpgsqlConnector.ConnectAsync(NpgsqlTimeout timeout, CancellationToken cancellationToken)
   at Npgsql.Internal.NpgsqlConnector.RawOpen(NpgsqlTimeout timeout, Boolean async, CancellationToken cancellationToken)
   at Npgsql.Internal.NpgsqlConnector.<Open>g__OpenCore|209_0(NpgsqlConnector conn, String username, SslMode sslMode, GssEncryptionMode gssEncMode, NpgsqlTimeout timeout, Boolean async, CancellationToken cancellationToken)
   at Npgsql.Internal.NpgsqlConnector.Open(NpgsqlTimeout timeout, Boolean async, CancellationToken cancellationToken)
   at Npgsql.PoolingDataSource.OpenNewConnector(NpgsqlConnection conn, NpgsqlTimeout timeout, Boolean async, CancellationToken cancellationToken)
   at Npgsql.PoolingDataSource.<Get>g__RentAsync|33_0(NpgsqlConnection conn, NpgsqlTimeout timeout, Boolean async, CancellationToken cancellationToken)
   at Npgsql.NpgsqlConnection.<Open>g__OpenAsync|42_0(Boolean async, CancellationToken cancellationToken)
   at Microsoft.EntityFrameworkCore.Storage.RelationalConnection.OpenInternalAsync(Boolean errorsExpected, CancellationToken cancellationToken)
   at Microsoft.EntityFrameworkCore.Storage.RelationalConnection.OpenInternalAsync(Boolean errorsExpected, CancellationToken cancellationToken)
   at Microsoft.EntityFrameworkCore.Storage.RelationalConnection.OpenAsync(CancellationToken cancellationToken, Boolean errorsExpected)
   at Microsoft.EntityFrameworkCore.Storage.RelationalCommand.ExecuteReaderAsync(RelationalCommandParameterObject parameterObject, CancellationToken cancellationToken)
   at Microsoft.EntityFrameworkCore.Query.Internal.SingleQueryingEnumerable`1.AsyncEnumerator.InitializeReaderAsync(AsyncEnumerator enumerator, CancellationToken cancellationToken)
   at Npgsql.EntityFrameworkCore.PostgreSQL.Storage.Internal.NpgsqlExecutionStrategy.ExecuteAsync[TState,TResult](TState state, Func`4 operation, Func`4 verifySucceeded, CancellationToken cancellationToken)
   --- End of inner exception stack trace ---
   at Npgsql.EntityFrameworkCore.PostgreSQL.Storage.Internal.NpgsqlExecutionStrategy.ExecuteAsync[TState,TResult](TState state, Func`4 operation, Func`4 verifySucceeded, CancellationToken cancellationToken)
   at Microsoft.EntityFrameworkCore.Query.Internal.SingleQueryingEnumerable`1.AsyncEnumerator.MoveNextAsync()
   at Microsoft.EntityFrameworkCore.Query.ShapedQueryCompilingExpressionVisitor.SingleOrDefaultAsync[TSource](IAsyncEnumerable`1 asyncEnumerable, CancellationToken cancellationToken)
   at Microsoft.EntityFrameworkCore.Query.ShapedQueryCompilingExpressionVisitor.SingleOrDefaultAsync[TSource](IAsyncEnumerable`1 asyncEnumerable, CancellationToken cancellationToken)
   at AssignmentManagement.Infrastructure.Repositories.UserManagementRepository.GetByEmailAsync(String email, CancellationToken cancellationToken) in C:\Users\Tarek\Desktop\assignment\src\AssignmentManagement.Infrastructure\Repositories\UserManagementRepository.cs:line 25
   at AssignmentManagement.Application.Services.AuthService.LoginAsync(LoginRequestDto request, CancellationToken cancellationToken) in C:\Users\Tarek\Desktop\assignment\src\AssignmentManagement.Application\Services\AuthService.cs:line 32
   at AssignmentManagement.Api.Controllers.AuthController.Login(LoginRequestDto request, CancellationToken cancellationToken) in C:\Users\Tarek\Desktop\assignment\src\AssignmentManagement.Api\Controllers\AuthController.cs:line 21
   at lambda_method5(Closure, Object)
   at Microsoft.AspNetCore.Mvc.Infrastructure.ActionMethodExecutor.AwaitableObjectResultExecutor.Execute(ActionContext actionContext, IActionResultTypeMapper mapper, ObjectMethodExecutor executor, Object controller, Object[] arguments)
   at Microsoft.AspNetCore.Mvc.Infrastructure.ControllerActionInvoker.<InvokeActionMethodAsync>g__Awaited|12_0(ControllerActionInvoker invoker, ValueTask`1 actionResultValueTask)
   at Microsoft.AspNetCore.Mvc.Infrastructure.ControllerActionInvoker.<InvokeNextActionFilterAsync>g__Awaited|10_0(ControllerActionInvoker invoker, Task lastTask, State next, Scope scope, Object state, Boolean isCompleted)
   at Microsoft.AspNetCore.Mvc.Infrastructure.ControllerActionInvoker.Rethrow(ActionExecutedContextSealed context)
   at Microsoft.AspNetCore.Mvc.Infrastructure.ControllerActionInvoker.Next(State& next, Scope& scope, Object& state, Boolean& isCompleted)
   at Microsoft.AspNetCore.Mvc.Infrastructure.ControllerActionInvoker.<InvokeInnerFilterAsync>g__Awaited|13_0(ControllerActionInvoker invoker, Task lastTask, State next, Scope scope, Object state, Boolean isCompleted)
   at Microsoft.AspNetCore.Mvc.Infrastructure.ResourceInvoker.<InvokeFilterPipelineAsync>g__Awaited|20_0(ResourceInvoker invoker, Task lastTask, State next, Scope scope, Object state, Boolean isCompleted)
   at Microsoft.AspNetCore.Mvc.Infrastructure.ResourceInvoker.<InvokeAsync>g__Awaited|17_0(ResourceInvoker invoker, Task task, IDisposable scope)
   at Microsoft.AspNetCore.Mvc.Infrastructure.ResourceInvoker.<InvokeAsync>g__Awaited|17_0(ResourceInvoker invoker, Task task, IDisposable scope)
   at Microsoft.AspNetCore.Authorization.AuthorizationMiddleware.Invoke(HttpContext context)
   at Microsoft.AspNetCore.Authentication.AuthenticationMiddleware.Invoke(HttpContext context)
   at AssignmentManagement.Api.Middleware.ExceptionMiddleware.InvokeAsync(HttpContext context) in C:\Users\Tarek\Desktop\assignment\src\AssignmentManagement.Api\Middleware\ExceptionMiddleware.cs:line 23
2026-08-05 11:05:05.570 +06:00 [ERR] [Microsoft.EntityFrameworkCore.Database.Connection] An error occurred using the connection to database 'assignment_management' on server 'tcp://localhost:5432'.
2026-08-05 11:05:05.572 +06:00 [ERR] [Microsoft.EntityFrameworkCore.Query] An exception occurred while iterating over the results of a query for context type 'AssignmentManagement.Infrastructure.Data.ApplicationDbContext'.
System.InvalidOperationException: An exception has been raised that is likely due to a transient failure.
 ---> Npgsql.NpgsqlException (0x80004005): Failed to connect to 127.0.0.1:5432
 ---> System.Net.Sockets.SocketException (10061): No connection could be made because the target machine actively refused it.
   at System.Net.Sockets.Socket.AwaitableSocketAsyncEventArgs.ThrowException(SocketError error, CancellationToken cancellationToken)
   at System.Net.Sockets.Socket.AwaitableSocketAsyncEventArgs.System.Threading.Tasks.Sources.IValueTaskSource.GetResult(Int16 token)
   at Npgsql.Internal.NpgsqlConnector.ConnectAsync(NpgsqlTimeout timeout, CancellationToken cancellationToken)
   at Npgsql.Internal.NpgsqlConnector.ConnectAsync(NpgsqlTimeout timeout, CancellationToken cancellationToken)
   at Npgsql.Internal.NpgsqlConnector.RawOpen(NpgsqlTimeout timeout, Boolean async, CancellationToken cancellationToken)
   at Npgsql.Internal.NpgsqlConnector.<Open>g__OpenCore|209_0(NpgsqlConnector conn, String username, SslMode sslMode, GssEncryptionMode gssEncMode, NpgsqlTimeout timeout, Boolean async, CancellationToken cancellationToken)
   at Npgsql.Internal.NpgsqlConnector.Open(NpgsqlTimeout timeout, Boolean async, CancellationToken cancellationToken)
   at Npgsql.PoolingDataSource.OpenNewConnector(NpgsqlConnection conn, NpgsqlTimeout timeout, Boolean async, CancellationToken cancellationToken)
   at Npgsql.PoolingDataSource.<Get>g__RentAsync|33_0(NpgsqlConnection conn, NpgsqlTimeout timeout, Boolean async, CancellationToken cancellationToken)
   at Npgsql.NpgsqlConnection.<Open>g__OpenAsync|42_0(Boolean async, CancellationToken cancellationToken)
   at Microsoft.EntityFrameworkCore.Storage.RelationalConnection.OpenInternalAsync(Boolean errorsExpected, CancellationToken cancellationToken)
   at Microsoft.EntityFrameworkCore.Storage.RelationalConnection.OpenInternalAsync(Boolean errorsExpected, CancellationToken cancellationToken)
   at Microsoft.EntityFrameworkCore.Storage.RelationalConnection.OpenAsync(CancellationToken cancellationToken, Boolean errorsExpected)
   at Microsoft.EntityFrameworkCore.Storage.RelationalCommand.ExecuteReaderAsync(RelationalCommandParameterObject parameterObject, CancellationToken cancellationToken)
   at Microsoft.EntityFrameworkCore.Query.Internal.SingleQueryingEnumerable`1.AsyncEnumerator.InitializeReaderAsync(AsyncEnumerator enumerator, CancellationToken cancellationToken)
   at Npgsql.EntityFrameworkCore.PostgreSQL.Storage.Internal.NpgsqlExecutionStrategy.ExecuteAsync[TState,TResult](TState state, Func`4 operation, Func`4 verifySucceeded, CancellationToken cancellationToken)
   --- End of inner exception stack trace ---
   at Npgsql.EntityFrameworkCore.PostgreSQL.Storage.Internal.NpgsqlExecutionStrategy.ExecuteAsync[TState,TResult](TState state, Func`4 operation, Func`4 verifySucceeded, CancellationToken cancellationToken)
   at Microsoft.EntityFrameworkCore.Query.Internal.SingleQueryingEnumerable`1.AsyncEnumerator.MoveNextAsync()
System.InvalidOperationException: An exception has been raised that is likely due to a transient failure.
 ---> Npgsql.NpgsqlException (0x80004005): Failed to connect to 127.0.0.1:5432
 ---> System.Net.Sockets.SocketException (10061): No connection could be made because the target machine actively refused it.
   at System.Net.Sockets.Socket.AwaitableSocketAsyncEventArgs.ThrowException(SocketError error, CancellationToken cancellationToken)
   at System.Net.Sockets.Socket.AwaitableSocketAsyncEventArgs.System.Threading.Tasks.Sources.IValueTaskSource.GetResult(Int16 token)
   at Npgsql.Internal.NpgsqlConnector.ConnectAsync(NpgsqlTimeout timeout, CancellationToken cancellationToken)
   at Npgsql.Internal.NpgsqlConnector.ConnectAsync(NpgsqlTimeout timeout, CancellationToken cancellationToken)
   at Npgsql.Internal.NpgsqlConnector.RawOpen(NpgsqlTimeout timeout, Boolean async, CancellationToken cancellationToken)
   at Npgsql.Internal.NpgsqlConnector.<Open>g__OpenCore|209_0(NpgsqlConnector conn, String username, SslMode sslMode, GssEncryptionMode gssEncMode, NpgsqlTimeout timeout, Boolean async, CancellationToken cancellationToken)
   at Npgsql.Internal.NpgsqlConnector.Open(NpgsqlTimeout timeout, Boolean async, CancellationToken cancellationToken)
   at Npgsql.PoolingDataSource.OpenNewConnector(NpgsqlConnection conn, NpgsqlTimeout timeout, Boolean async, CancellationToken cancellationToken)
   at Npgsql.PoolingDataSource.<Get>g__RentAsync|33_0(NpgsqlConnection conn, NpgsqlTimeout timeout, Boolean async, CancellationToken cancellationToken)
   at Npgsql.NpgsqlConnection.<Open>g__OpenAsync|42_0(Boolean async, CancellationToken cancellationToken)
   at Microsoft.EntityFrameworkCore.Storage.RelationalConnection.OpenInternalAsync(Boolean errorsExpected, CancellationToken cancellationToken)
   at Microsoft.EntityFrameworkCore.Storage.RelationalConnection.OpenInternalAsync(Boolean errorsExpected, CancellationToken cancellationToken)
   at Microsoft.EntityFrameworkCore.Storage.RelationalConnection.OpenAsync(CancellationToken cancellationToken, Boolean errorsExpected)
   at Microsoft.EntityFrameworkCore.Storage.RelationalCommand.ExecuteReaderAsync(RelationalCommandParameterObject parameterObject, CancellationToken cancellationToken)
   at Microsoft.EntityFrameworkCore.Query.Internal.SingleQueryingEnumerable`1.AsyncEnumerator.InitializeReaderAsync(AsyncEnumerator enumerator, CancellationToken cancellationToken)
   at Npgsql.EntityFrameworkCore.PostgreSQL.Storage.Internal.NpgsqlExecutionStrategy.ExecuteAsync[TState,TResult](TState state, Func`4 operation, Func`4 verifySucceeded, CancellationToken cancellationToken)
   --- End of inner exception stack trace ---
   at Npgsql.EntityFrameworkCore.PostgreSQL.Storage.Internal.NpgsqlExecutionStrategy.ExecuteAsync[TState,TResult](TState state, Func`4 operation, Func`4 verifySucceeded, CancellationToken cancellationToken)
   at Microsoft.EntityFrameworkCore.Query.Internal.SingleQueryingEnumerable`1.AsyncEnumerator.MoveNextAsync()
2026-08-05 11:05:05.575 +06:00 [ERR] [AssignmentManagement.Api.Middleware.ExceptionMiddleware] Unhandled exception occurred while processing request POST /api/auth/login
System.InvalidOperationException: An exception has been raised that is likely due to a transient failure.
 ---> Npgsql.NpgsqlException (0x80004005): Failed to connect to 127.0.0.1:5432
 ---> System.Net.Sockets.SocketException (10061): No connection could be made because the target machine actively refused it.
   at System.Net.Sockets.Socket.AwaitableSocketAsyncEventArgs.ThrowException(SocketError error, CancellationToken cancellationToken)
   at System.Net.Sockets.Socket.AwaitableSocketAsyncEventArgs.System.Threading.Tasks.Sources.IValueTaskSource.GetResult(Int16 token)
   at Npgsql.Internal.NpgsqlConnector.ConnectAsync(NpgsqlTimeout timeout, CancellationToken cancellationToken)
   at Npgsql.Internal.NpgsqlConnector.ConnectAsync(NpgsqlTimeout timeout, CancellationToken cancellationToken)
   at Npgsql.Internal.NpgsqlConnector.RawOpen(NpgsqlTimeout timeout, Boolean async, CancellationToken cancellationToken)
   at Npgsql.Internal.NpgsqlConnector.<Open>g__OpenCore|209_0(NpgsqlConnector conn, String username, SslMode sslMode, GssEncryptionMode gssEncMode, NpgsqlTimeout timeout, Boolean async, CancellationToken cancellationToken)
   at Npgsql.Internal.NpgsqlConnector.Open(NpgsqlTimeout timeout, Boolean async, CancellationToken cancellationToken)
   at Npgsql.PoolingDataSource.OpenNewConnector(NpgsqlConnection conn, NpgsqlTimeout timeout, Boolean async, CancellationToken cancellationToken)
   at Npgsql.PoolingDataSource.<Get>g__RentAsync|33_0(NpgsqlConnection conn, NpgsqlTimeout timeout, Boolean async, CancellationToken cancellationToken)
   at Npgsql.NpgsqlConnection.<Open>g__OpenAsync|42_0(Boolean async, CancellationToken cancellationToken)
   at Microsoft.EntityFrameworkCore.Storage.RelationalConnection.OpenInternalAsync(Boolean errorsExpected, CancellationToken cancellationToken)
   at Microsoft.EntityFrameworkCore.Storage.RelationalConnection.OpenInternalAsync(Boolean errorsExpected, CancellationToken cancellationToken)
   at Microsoft.EntityFrameworkCore.Storage.RelationalConnection.OpenAsync(CancellationToken cancellationToken, Boolean errorsExpected)
   at Microsoft.EntityFrameworkCore.Storage.RelationalCommand.ExecuteReaderAsync(RelationalCommandParameterObject parameterObject, CancellationToken cancellationToken)
   at Microsoft.EntityFrameworkCore.Query.Internal.SingleQueryingEnumerable`1.AsyncEnumerator.InitializeReaderAsync(AsyncEnumerator enumerator, CancellationToken cancellationToken)
   at Npgsql.EntityFrameworkCore.PostgreSQL.Storage.Internal.NpgsqlExecutionStrategy.ExecuteAsync[TState,TResult](TState state, Func`4 operation, Func`4 verifySucceeded, CancellationToken cancellationToken)
   --- End of inner exception stack trace ---
   at Npgsql.EntityFrameworkCore.PostgreSQL.Storage.Internal.NpgsqlExecutionStrategy.ExecuteAsync[TState,TResult](TState state, Func`4 operation, Func`4 verifySucceeded, CancellationToken cancellationToken)
   at Microsoft.EntityFrameworkCore.Query.Internal.SingleQueryingEnumerable`1.AsyncEnumerator.MoveNextAsync()
   at Microsoft.EntityFrameworkCore.Query.ShapedQueryCompilingExpressionVisitor.SingleOrDefaultAsync[TSource](IAsyncEnumerable`1 asyncEnumerable, CancellationToken cancellationToken)
   at Microsoft.EntityFrameworkCore.Query.ShapedQueryCompilingExpressionVisitor.SingleOrDefaultAsync[TSource](IAsyncEnumerable`1 asyncEnumerable, CancellationToken cancellationToken)
   at AssignmentManagement.Infrastructure.Repositories.UserManagementRepository.GetByEmailAsync(String email, CancellationToken cancellationToken) in C:\Users\Tarek\Desktop\assignment\src\AssignmentManagement.Infrastructure\Repositories\UserManagementRepository.cs:line 25
   at AssignmentManagement.Application.Services.AuthService.LoginAsync(LoginRequestDto request, CancellationToken cancellationToken) in C:\Users\Tarek\Desktop\assignment\src\AssignmentManagement.Application\Services\AuthService.cs:line 32
   at AssignmentManagement.Api.Controllers.AuthController.Login(LoginRequestDto request, CancellationToken cancellationToken) in C:\Users\Tarek\Desktop\assignment\src\AssignmentManagement.Api\Controllers\AuthController.cs:line 21
   at lambda_method5(Closure, Object)
   at Microsoft.AspNetCore.Mvc.Infrastructure.ActionMethodExecutor.AwaitableObjectResultExecutor.Execute(ActionContext actionContext, IActionResultTypeMapper mapper, ObjectMethodExecutor executor, Object controller, Object[] arguments)
   at Microsoft.AspNetCore.Mvc.Infrastructure.ControllerActionInvoker.<InvokeActionMethodAsync>g__Awaited|12_0(ControllerActionInvoker invoker, ValueTask`1 actionResultValueTask)
   at Microsoft.AspNetCore.Mvc.Infrastructure.ControllerActionInvoker.<InvokeNextActionFilterAsync>g__Awaited|10_0(ControllerActionInvoker invoker, Task lastTask, State next, Scope scope, Object state, Boolean isCompleted)
   at Microsoft.AspNetCore.Mvc.Infrastructure.ControllerActionInvoker.Rethrow(ActionExecutedContextSealed context)
   at Microsoft.AspNetCore.Mvc.Infrastructure.ControllerActionInvoker.Next(State& next, Scope& scope, Object& state, Boolean& isCompleted)
   at Microsoft.AspNetCore.Mvc.Infrastructure.ControllerActionInvoker.<InvokeInnerFilterAsync>g__Awaited|13_0(ControllerActionInvoker invoker, Task lastTask, State next, Scope scope, Object state, Boolean isCompleted)
   at Microsoft.AspNetCore.Mvc.Infrastructure.ResourceInvoker.<InvokeFilterPipelineAsync>g__Awaited|20_0(ResourceInvoker invoker, Task lastTask, State next, Scope scope, Object state, Boolean isCompleted)
   at Microsoft.AspNetCore.Mvc.Infrastructure.ResourceInvoker.<InvokeAsync>g__Awaited|17_0(ResourceInvoker invoker, Task task, IDisposable scope)
   at Microsoft.AspNetCore.Mvc.Infrastructure.ResourceInvoker.<InvokeAsync>g__Awaited|17_0(ResourceInvoker invoker, Task task, IDisposable scope)
   at Microsoft.AspNetCore.Authorization.AuthorizationMiddleware.Invoke(HttpContext context)
   at Microsoft.AspNetCore.Authentication.AuthenticationMiddleware.Invoke(HttpContext context)
   at AssignmentManagement.Api.Middleware.ExceptionMiddleware.InvokeAsync(HttpContext context) in C:\Users\Tarek\Desktop\assignment\src\AssignmentManagement.Api\Middleware\ExceptionMiddleware.cs:line 23
2026-08-05 11:06:04.594 +06:00 [ERR] [Microsoft.EntityFrameworkCore.Database.Connection] An error occurred using the connection to database 'assignment_management' on server 'tcp://localhost:5432'.
2026-08-05 11:06:04.597 +06:00 [ERR] [Microsoft.EntityFrameworkCore.Query] An exception occurred while iterating over the results of a query for context type 'AssignmentManagement.Infrastructure.Data.ApplicationDbContext'.
Npgsql.PostgresException (0x80004005): 3D000: database "assignment_management" does not exist
   at Npgsql.Internal.NpgsqlConnector.ReadMessageLong(Boolean async, DataRowLoadingMode dataRowLoadingMode, Boolean readingNotifications, Boolean isReadingPrependedMessage)
   at System.Runtime.CompilerServices.PoolingAsyncValueTaskMethodBuilder`1.StateMachineBox`1.System.Threading.Tasks.Sources.IValueTaskSource<TResult>.GetResult(Int16 token)
   at Npgsql.Internal.NpgsqlConnector.<Open>g__OpenCore|209_0(NpgsqlConnector conn, String username, SslMode sslMode, GssEncryptionMode gssEncMode, NpgsqlTimeout timeout, Boolean async, CancellationToken cancellationToken)
   at Npgsql.Internal.NpgsqlConnector.Open(NpgsqlTimeout timeout, Boolean async, CancellationToken cancellationToken)
   at Npgsql.PoolingDataSource.OpenNewConnector(NpgsqlConnection conn, NpgsqlTimeout timeout, Boolean async, CancellationToken cancellationToken)
   at Npgsql.PoolingDataSource.<Get>g__RentAsync|33_0(NpgsqlConnection conn, NpgsqlTimeout timeout, Boolean async, CancellationToken cancellationToken)
   at Npgsql.NpgsqlConnection.<Open>g__OpenAsync|42_0(Boolean async, CancellationToken cancellationToken)
   at Microsoft.EntityFrameworkCore.Storage.RelationalConnection.OpenInternalAsync(Boolean errorsExpected, CancellationToken cancellationToken)
   at Microsoft.EntityFrameworkCore.Storage.RelationalConnection.OpenInternalAsync(Boolean errorsExpected, CancellationToken cancellationToken)
   at Microsoft.EntityFrameworkCore.Storage.RelationalConnection.OpenAsync(CancellationToken cancellationToken, Boolean errorsExpected)
   at Microsoft.EntityFrameworkCore.Storage.RelationalCommand.ExecuteReaderAsync(RelationalCommandParameterObject parameterObject, CancellationToken cancellationToken)
   at Microsoft.EntityFrameworkCore.Query.Internal.SingleQueryingEnumerable`1.AsyncEnumerator.InitializeReaderAsync(AsyncEnumerator enumerator, CancellationToken cancellationToken)
   at Npgsql.EntityFrameworkCore.PostgreSQL.Storage.Internal.NpgsqlExecutionStrategy.ExecuteAsync[TState,TResult](TState state, Func`4 operation, Func`4 verifySucceeded, CancellationToken cancellationToken)
   at Microsoft.EntityFrameworkCore.Query.Internal.SingleQueryingEnumerable`1.AsyncEnumerator.MoveNextAsync()
  Exception data:
    Severity: FATAL
    SqlState: 3D000
    MessageText: database "assignment_management" does not exist
    File: postinit.c
    Line: 1016
    Routine: InitPostgres
Npgsql.PostgresException (0x80004005): 3D000: database "assignment_management" does not exist
   at Npgsql.Internal.NpgsqlConnector.ReadMessageLong(Boolean async, DataRowLoadingMode dataRowLoadingMode, Boolean readingNotifications, Boolean isReadingPrependedMessage)
   at System.Runtime.CompilerServices.PoolingAsyncValueTaskMethodBuilder`1.StateMachineBox`1.System.Threading.Tasks.Sources.IValueTaskSource<TResult>.GetResult(Int16 token)
   at Npgsql.Internal.NpgsqlConnector.<Open>g__OpenCore|209_0(NpgsqlConnector conn, String username, SslMode sslMode, GssEncryptionMode gssEncMode, NpgsqlTimeout timeout, Boolean async, CancellationToken cancellationToken)
   at Npgsql.Internal.NpgsqlConnector.Open(NpgsqlTimeout timeout, Boolean async, CancellationToken cancellationToken)
   at Npgsql.PoolingDataSource.OpenNewConnector(NpgsqlConnection conn, NpgsqlTimeout timeout, Boolean async, CancellationToken cancellationToken)
   at Npgsql.PoolingDataSource.<Get>g__RentAsync|33_0(NpgsqlConnection conn, NpgsqlTimeout timeout, Boolean async, CancellationToken cancellationToken)
   at Npgsql.NpgsqlConnection.<Open>g__OpenAsync|42_0(Boolean async, CancellationToken cancellationToken)
   at Microsoft.EntityFrameworkCore.Storage.RelationalConnection.OpenInternalAsync(Boolean errorsExpected, CancellationToken cancellationToken)
   at Microsoft.EntityFrameworkCore.Storage.RelationalConnection.OpenInternalAsync(Boolean errorsExpected, CancellationToken cancellationToken)
   at Microsoft.EntityFrameworkCore.Storage.RelationalConnection.OpenAsync(CancellationToken cancellationToken, Boolean errorsExpected)
   at Microsoft.EntityFrameworkCore.Storage.RelationalCommand.ExecuteReaderAsync(RelationalCommandParameterObject parameterObject, CancellationToken cancellationToken)
   at Microsoft.EntityFrameworkCore.Query.Internal.SingleQueryingEnumerable`1.AsyncEnumerator.InitializeReaderAsync(AsyncEnumerator enumerator, CancellationToken cancellationToken)
   at Npgsql.EntityFrameworkCore.PostgreSQL.Storage.Internal.NpgsqlExecutionStrategy.ExecuteAsync[TState,TResult](TState state, Func`4 operation, Func`4 verifySucceeded, CancellationToken cancellationToken)
   at Microsoft.EntityFrameworkCore.Query.Internal.SingleQueryingEnumerable`1.AsyncEnumerator.MoveNextAsync()
  Exception data:
    Severity: FATAL
    SqlState: 3D000
    MessageText: database "assignment_management" does not exist
    File: postinit.c
    Line: 1016
    Routine: InitPostgres
2026-08-05 11:06:04.603 +06:00 [ERR] [AssignmentManagement.Api.Middleware.ExceptionMiddleware] Unhandled exception occurred while processing request POST /api/auth/login
Npgsql.PostgresException (0x80004005): 3D000: database "assignment_management" does not exist
   at Npgsql.Internal.NpgsqlConnector.ReadMessageLong(Boolean async, DataRowLoadingMode dataRowLoadingMode, Boolean readingNotifications, Boolean isReadingPrependedMessage)
   at System.Runtime.CompilerServices.PoolingAsyncValueTaskMethodBuilder`1.StateMachineBox`1.System.Threading.Tasks.Sources.IValueTaskSource<TResult>.GetResult(Int16 token)
   at Npgsql.Internal.NpgsqlConnector.<Open>g__OpenCore|209_0(NpgsqlConnector conn, String username, SslMode sslMode, GssEncryptionMode gssEncMode, NpgsqlTimeout timeout, Boolean async, CancellationToken cancellationToken)
   at Npgsql.Internal.NpgsqlConnector.Open(NpgsqlTimeout timeout, Boolean async, CancellationToken cancellationToken)
   at Npgsql.PoolingDataSource.OpenNewConnector(NpgsqlConnection conn, NpgsqlTimeout timeout, Boolean async, CancellationToken cancellationToken)
   at Npgsql.PoolingDataSource.<Get>g__RentAsync|33_0(NpgsqlConnection conn, NpgsqlTimeout timeout, Boolean async, CancellationToken cancellationToken)
   at Npgsql.NpgsqlConnection.<Open>g__OpenAsync|42_0(Boolean async, CancellationToken cancellationToken)
   at Microsoft.EntityFrameworkCore.Storage.RelationalConnection.OpenInternalAsync(Boolean errorsExpected, CancellationToken cancellationToken)
   at Microsoft.EntityFrameworkCore.Storage.RelationalConnection.OpenInternalAsync(Boolean errorsExpected, CancellationToken cancellationToken)
   at Microsoft.EntityFrameworkCore.Storage.RelationalConnection.OpenAsync(CancellationToken cancellationToken, Boolean errorsExpected)
   at Microsoft.EntityFrameworkCore.Storage.RelationalCommand.ExecuteReaderAsync(RelationalCommandParameterObject parameterObject, CancellationToken cancellationToken)
   at Microsoft.EntityFrameworkCore.Query.Internal.SingleQueryingEnumerable`1.AsyncEnumerator.InitializeReaderAsync(AsyncEnumerator enumerator, CancellationToken cancellationToken)
   at Npgsql.EntityFrameworkCore.PostgreSQL.Storage.Internal.NpgsqlExecutionStrategy.ExecuteAsync[TState,TResult](TState state, Func`4 operation, Func`4 verifySucceeded, CancellationToken cancellationToken)
   at Microsoft.EntityFrameworkCore.Query.Internal.SingleQueryingEnumerable`1.AsyncEnumerator.MoveNextAsync()
   at Microsoft.EntityFrameworkCore.Query.ShapedQueryCompilingExpressionVisitor.SingleOrDefaultAsync[TSource](IAsyncEnumerable`1 asyncEnumerable, CancellationToken cancellationToken)
   at Microsoft.EntityFrameworkCore.Query.ShapedQueryCompilingExpressionVisitor.SingleOrDefaultAsync[TSource](IAsyncEnumerable`1 asyncEnumerable, CancellationToken cancellationToken)
   at AssignmentManagement.Infrastructure.Repositories.UserManagementRepository.GetByEmailAsync(String email, CancellationToken cancellationToken) in C:\Users\Tarek\Desktop\assignment\src\AssignmentManagement.Infrastructure\Repositories\UserManagementRepository.cs:line 25
   at AssignmentManagement.Application.Services.AuthService.LoginAsync(LoginRequestDto request, CancellationToken cancellationToken) in C:\Users\Tarek\Desktop\assignment\src\AssignmentManagement.Application\Services\AuthService.cs:line 32
   at AssignmentManagement.Api.Controllers.AuthController.Login(LoginRequestDto request, CancellationToken cancellationToken) in C:\Users\Tarek\Desktop\assignment\src\AssignmentManagement.Api\Controllers\AuthController.cs:line 21
   at lambda_method5(Closure, Object)
   at Microsoft.AspNetCore.Mvc.Infrastructure.ActionMethodExecutor.AwaitableObjectResultExecutor.Execute(ActionContext actionContext, IActionResultTypeMapper mapper, ObjectMethodExecutor executor, Object controller, Object[] arguments)
   at Microsoft.AspNetCore.Mvc.Infrastructure.ControllerActionInvoker.<InvokeActionMethodAsync>g__Awaited|12_0(ControllerActionInvoker invoker, ValueTask`1 actionResultValueTask)
   at Microsoft.AspNetCore.Mvc.Infrastructure.ControllerActionInvoker.<InvokeNextActionFilterAsync>g__Awaited|10_0(ControllerActionInvoker invoker, Task lastTask, State next, Scope scope, Object state, Boolean isCompleted)
   at Microsoft.AspNetCore.Mvc.Infrastructure.ControllerActionInvoker.Rethrow(ActionExecutedContextSealed context)
   at Microsoft.AspNetCore.Mvc.Infrastructure.ControllerActionInvoker.Next(State& next, Scope& scope, Object& state, Boolean& isCompleted)
   at Microsoft.AspNetCore.Mvc.Infrastructure.ControllerActionInvoker.<InvokeInnerFilterAsync>g__Awaited|13_0(ControllerActionInvoker invoker, Task lastTask, State next, Scope scope, Object state, Boolean isCompleted)
   at Microsoft.AspNetCore.Mvc.Infrastructure.ResourceInvoker.<InvokeFilterPipelineAsync>g__Awaited|20_0(ResourceInvoker invoker, Task lastTask, State next, Scope scope, Object state, Boolean isCompleted)
   at Microsoft.AspNetCore.Mvc.Infrastructure.ResourceInvoker.<InvokeAsync>g__Awaited|17_0(ResourceInvoker invoker, Task task, IDisposable scope)
   at Microsoft.AspNetCore.Mvc.Infrastructure.ResourceInvoker.<InvokeAsync>g__Awaited|17_0(ResourceInvoker invoker, Task task, IDisposable scope)
   at Microsoft.AspNetCore.Authorization.AuthorizationMiddleware.Invoke(HttpContext context)
   at Microsoft.AspNetCore.Authentication.AuthenticationMiddleware.Invoke(HttpContext context)
   at AssignmentManagement.Api.Middleware.ExceptionMiddleware.InvokeAsync(HttpContext context) in C:\Users\Tarek\Desktop\assignment\src\AssignmentManagement.Api\Middleware\ExceptionMiddleware.cs:line 23
  Exception data:
    Severity: FATAL
    SqlState: 3D000
    MessageText: database "assignment_management" does not exist
    File: postinit.c
    Line: 1016
    Routine: InitPostgres
2026-08-05 11:06:13.380 +06:00 [ERR] [Microsoft.EntityFrameworkCore.Database.Connection] An error occurred using the connection to database 'assignment_management' on server 'tcp://localhost:5432'.
2026-08-05 11:06:13.382 +06:00 [ERR] [Microsoft.EntityFrameworkCore.Query] An exception occurred while iterating over the results of a query for context type 'AssignmentManagement.Infrastructure.Data.ApplicationDbContext'.
Npgsql.PostgresException (0x80004005): 3D000: database "assignment_management" does not exist
   at Npgsql.Internal.NpgsqlConnector.ReadMessageLong(Boolean async, DataRowLoadingMode dataRowLoadingMode, Boolean readingNotifications, Boolean isReadingPrependedMessage)
   at System.Runtime.CompilerServices.PoolingAsyncValueTaskMethodBuilder`1.StateMachineBox`1.System.Threading.Tasks.Sources.IValueTaskSource<TResult>.GetResult(Int16 token)
   at Npgsql.Internal.NpgsqlConnector.<Open>g__OpenCore|209_0(NpgsqlConnector conn, String username, SslMode sslMode, GssEncryptionMode gssEncMode, NpgsqlTimeout timeout, Boolean async, CancellationToken cancellationToken)
   at Npgsql.Internal.NpgsqlConnector.Open(NpgsqlTimeout timeout, Boolean async, CancellationToken cancellationToken)
   at Npgsql.PoolingDataSource.OpenNewConnector(NpgsqlConnection conn, NpgsqlTimeout timeout, Boolean async, CancellationToken cancellationToken)
   at Npgsql.PoolingDataSource.<Get>g__RentAsync|33_0(NpgsqlConnection conn, NpgsqlTimeout timeout, Boolean async, CancellationToken cancellationToken)
   at Npgsql.NpgsqlConnection.<Open>g__OpenAsync|42_0(Boolean async, CancellationToken cancellationToken)
   at Microsoft.EntityFrameworkCore.Storage.RelationalConnection.OpenInternalAsync(Boolean errorsExpected, CancellationToken cancellationToken)
   at Microsoft.EntityFrameworkCore.Storage.RelationalConnection.OpenInternalAsync(Boolean errorsExpected, CancellationToken cancellationToken)
   at Microsoft.EntityFrameworkCore.Storage.RelationalConnection.OpenAsync(CancellationToken cancellationToken, Boolean errorsExpected)
   at Microsoft.EntityFrameworkCore.Storage.RelationalCommand.ExecuteReaderAsync(RelationalCommandParameterObject parameterObject, CancellationToken cancellationToken)
   at Microsoft.EntityFrameworkCore.Query.Internal.SingleQueryingEnumerable`1.AsyncEnumerator.InitializeReaderAsync(AsyncEnumerator enumerator, CancellationToken cancellationToken)
   at Npgsql.EntityFrameworkCore.PostgreSQL.Storage.Internal.NpgsqlExecutionStrategy.ExecuteAsync[TState,TResult](TState state, Func`4 operation, Func`4 verifySucceeded, CancellationToken cancellationToken)
   at Microsoft.EntityFrameworkCore.Query.Internal.SingleQueryingEnumerable`1.AsyncEnumerator.MoveNextAsync()
  Exception data:
    Severity: FATAL
    SqlState: 3D000
    MessageText: database "assignment_management" does not exist
    File: postinit.c
    Line: 1016
    Routine: InitPostgres
Npgsql.PostgresException (0x80004005): 3D000: database "assignment_management" does not exist
   at Npgsql.Internal.NpgsqlConnector.ReadMessageLong(Boolean async, DataRowLoadingMode dataRowLoadingMode, Boolean readingNotifications, Boolean isReadingPrependedMessage)
   at System.Runtime.CompilerServices.PoolingAsyncValueTaskMethodBuilder`1.StateMachineBox`1.System.Threading.Tasks.Sources.IValueTaskSource<TResult>.GetResult(Int16 token)
   at Npgsql.Internal.NpgsqlConnector.<Open>g__OpenCore|209_0(NpgsqlConnector conn, String username, SslMode sslMode, GssEncryptionMode gssEncMode, NpgsqlTimeout timeout, Boolean async, CancellationToken cancellationToken)
   at Npgsql.Internal.NpgsqlConnector.Open(NpgsqlTimeout timeout, Boolean async, CancellationToken cancellationToken)
   at Npgsql.PoolingDataSource.OpenNewConnector(NpgsqlConnection conn, NpgsqlTimeout timeout, Boolean async, CancellationToken cancellationToken)
   at Npgsql.PoolingDataSource.<Get>g__RentAsync|33_0(NpgsqlConnection conn, NpgsqlTimeout timeout, Boolean async, CancellationToken cancellationToken)
   at Npgsql.NpgsqlConnection.<Open>g__OpenAsync|42_0(Boolean async, CancellationToken cancellationToken)
   at Microsoft.EntityFrameworkCore.Storage.RelationalConnection.OpenInternalAsync(Boolean errorsExpected, CancellationToken cancellationToken)
   at Microsoft.EntityFrameworkCore.Storage.RelationalConnection.OpenInternalAsync(Boolean errorsExpected, CancellationToken cancellationToken)
   at Microsoft.EntityFrameworkCore.Storage.RelationalConnection.OpenAsync(CancellationToken cancellationToken, Boolean errorsExpected)
   at Microsoft.EntityFrameworkCore.Storage.RelationalCommand.ExecuteReaderAsync(RelationalCommandParameterObject parameterObject, CancellationToken cancellationToken)
   at Microsoft.EntityFrameworkCore.Query.Internal.SingleQueryingEnumerable`1.AsyncEnumerator.InitializeReaderAsync(AsyncEnumerator enumerator, CancellationToken cancellationToken)
   at Npgsql.EntityFrameworkCore.PostgreSQL.Storage.Internal.NpgsqlExecutionStrategy.ExecuteAsync[TState,TResult](TState state, Func`4 operation, Func`4 verifySucceeded, CancellationToken cancellationToken)
   at Microsoft.EntityFrameworkCore.Query.Internal.SingleQueryingEnumerable`1.AsyncEnumerator.MoveNextAsync()
  Exception data:
    Severity: FATAL
    SqlState: 3D000
    MessageText: database "assignment_management" does not exist
    File: postinit.c
    Line: 1016
    Routine: InitPostgres
2026-08-05 11:06:13.388 +06:00 [ERR] [AssignmentManagement.Api.Middleware.ExceptionMiddleware] Unhandled exception occurred while processing request POST /api/auth/login
Npgsql.PostgresException (0x80004005): 3D000: database "assignment_management" does not exist
   at Npgsql.Internal.NpgsqlConnector.ReadMessageLong(Boolean async, DataRowLoadingMode dataRowLoadingMode, Boolean readingNotifications, Boolean isReadingPrependedMessage)
   at System.Runtime.CompilerServices.PoolingAsyncValueTaskMethodBuilder`1.StateMachineBox`1.System.Threading.Tasks.Sources.IValueTaskSource<TResult>.GetResult(Int16 token)
   at Npgsql.Internal.NpgsqlConnector.<Open>g__OpenCore|209_0(NpgsqlConnector conn, String username, SslMode sslMode, GssEncryptionMode gssEncMode, NpgsqlTimeout timeout, Boolean async, CancellationToken cancellationToken)
   at Npgsql.Internal.NpgsqlConnector.Open(NpgsqlTimeout timeout, Boolean async, CancellationToken cancellationToken)
   at Npgsql.PoolingDataSource.OpenNewConnector(NpgsqlConnection conn, NpgsqlTimeout timeout, Boolean async, CancellationToken cancellationToken)
   at Npgsql.PoolingDataSource.<Get>g__RentAsync|33_0(NpgsqlConnection conn, NpgsqlTimeout timeout, Boolean async, CancellationToken cancellationToken)
   at Npgsql.NpgsqlConnection.<Open>g__OpenAsync|42_0(Boolean async, CancellationToken cancellationToken)
   at Microsoft.EntityFrameworkCore.Storage.RelationalConnection.OpenInternalAsync(Boolean errorsExpected, CancellationToken cancellationToken)
   at Microsoft.EntityFrameworkCore.Storage.RelationalConnection.OpenInternalAsync(Boolean errorsExpected, CancellationToken cancellationToken)
   at Microsoft.EntityFrameworkCore.Storage.RelationalConnection.OpenAsync(CancellationToken cancellationToken, Boolean errorsExpected)
   at Microsoft.EntityFrameworkCore.Storage.RelationalCommand.ExecuteReaderAsync(RelationalCommandParameterObject parameterObject, CancellationToken cancellationToken)
   at Microsoft.EntityFrameworkCore.Query.Internal.SingleQueryingEnumerable`1.AsyncEnumerator.InitializeReaderAsync(AsyncEnumerator enumerator, CancellationToken cancellationToken)
   at Npgsql.EntityFrameworkCore.PostgreSQL.Storage.Internal.NpgsqlExecutionStrategy.ExecuteAsync[TState,TResult](TState state, Func`4 operation, Func`4 verifySucceeded, CancellationToken cancellationToken)
   at Microsoft.EntityFrameworkCore.Query.Internal.SingleQueryingEnumerable`1.AsyncEnumerator.MoveNextAsync()
   at Microsoft.EntityFrameworkCore.Query.ShapedQueryCompilingExpressionVisitor.SingleOrDefaultAsync[TSource](IAsyncEnumerable`1 asyncEnumerable, CancellationToken cancellationToken)
   at Microsoft.EntityFrameworkCore.Query.ShapedQueryCompilingExpressionVisitor.SingleOrDefaultAsync[TSource](IAsyncEnumerable`1 asyncEnumerable, CancellationToken cancellationToken)
   at AssignmentManagement.Infrastructure.Repositories.UserManagementRepository.GetByEmailAsync(String email, CancellationToken cancellationToken) in C:\Users\Tarek\Desktop\assignment\src\AssignmentManagement.Infrastructure\Repositories\UserManagementRepository.cs:line 25
   at AssignmentManagement.Application.Services.AuthService.LoginAsync(LoginRequestDto request, CancellationToken cancellationToken) in C:\Users\Tarek\Desktop\assignment\src\AssignmentManagement.Application\Services\AuthService.cs:line 32
   at AssignmentManagement.Api.Controllers.AuthController.Login(LoginRequestDto request, CancellationToken cancellationToken) in C:\Users\Tarek\Desktop\assignment\src\AssignmentManagement.Api\Controllers\AuthController.cs:line 21
   at lambda_method5(Closure, Object)
   at Microsoft.AspNetCore.Mvc.Infrastructure.ActionMethodExecutor.AwaitableObjectResultExecutor.Execute(ActionContext actionContext, IActionResultTypeMapper mapper, ObjectMethodExecutor executor, Object controller, Object[] arguments)
   at Microsoft.AspNetCore.Mvc.Infrastructure.ControllerActionInvoker.<InvokeActionMethodAsync>g__Awaited|12_0(ControllerActionInvoker invoker, ValueTask`1 actionResultValueTask)
   at Microsoft.AspNetCore.Mvc.Infrastructure.ControllerActionInvoker.<InvokeNextActionFilterAsync>g__Awaited|10_0(ControllerActionInvoker invoker, Task lastTask, State next, Scope scope, Object state, Boolean isCompleted)
   at Microsoft.AspNetCore.Mvc.Infrastructure.ControllerActionInvoker.Rethrow(ActionExecutedContextSealed context)
   at Microsoft.AspNetCore.Mvc.Infrastructure.ControllerActionInvoker.Next(State& next, Scope& scope, Object& state, Boolean& isCompleted)
   at Microsoft.AspNetCore.Mvc.Infrastructure.ControllerActionInvoker.<InvokeInnerFilterAsync>g__Awaited|13_0(ControllerActionInvoker invoker, Task lastTask, State next, Scope scope, Object state, Boolean isCompleted)
   at Microsoft.AspNetCore.Mvc.Infrastructure.ResourceInvoker.<InvokeFilterPipelineAsync>g__Awaited|20_0(ResourceInvoker invoker, Task lastTask, State next, Scope scope, Object state, Boolean isCompleted)
   at Microsoft.AspNetCore.Mvc.Infrastructure.ResourceInvoker.<InvokeAsync>g__Awaited|17_0(ResourceInvoker invoker, Task task, IDisposable scope)
   at Microsoft.AspNetCore.Mvc.Infrastructure.ResourceInvoker.<InvokeAsync>g__Awaited|17_0(ResourceInvoker invoker, Task task, IDisposable scope)
   at Microsoft.AspNetCore.Authorization.AuthorizationMiddleware.Invoke(HttpContext context)
   at Microsoft.AspNetCore.Authentication.AuthenticationMiddleware.Invoke(HttpContext context)
   at AssignmentManagement.Api.Middleware.ExceptionMiddleware.InvokeAsync(HttpContext context) in C:\Users\Tarek\Desktop\assignment\src\AssignmentManagement.Api\Middleware\ExceptionMiddleware.cs:line 23
  Exception data:
    Severity: FATAL
    SqlState: 3D000
    MessageText: database "assignment_management" does not exist
    File: postinit.c
    Line: 1016
    Routine: InitPostgres
2026-08-05 11:06:16.312 +06:00 [ERR] [Microsoft.EntityFrameworkCore.Database.Connection] An error occurred using the connection to database 'assignment_management' on server 'tcp://localhost:5432'.
2026-08-05 11:06:16.313 +06:00 [ERR] [Microsoft.EntityFrameworkCore.Query] An exception occurred while iterating over the results of a query for context type 'AssignmentManagement.Infrastructure.Data.ApplicationDbContext'.
Npgsql.PostgresException (0x80004005): 3D000: database "assignment_management" does not exist
   at Npgsql.Internal.NpgsqlConnector.ReadMessageLong(Boolean async, DataRowLoadingMode dataRowLoadingMode, Boolean readingNotifications, Boolean isReadingPrependedMessage)
   at System.Runtime.CompilerServices.PoolingAsyncValueTaskMethodBuilder`1.StateMachineBox`1.System.Threading.Tasks.Sources.IValueTaskSource<TResult>.GetResult(Int16 token)
   at Npgsql.Internal.NpgsqlConnector.<Open>g__OpenCore|209_0(NpgsqlConnector conn, String username, SslMode sslMode, GssEncryptionMode gssEncMode, NpgsqlTimeout timeout, Boolean async, CancellationToken cancellationToken)
   at Npgsql.Internal.NpgsqlConnector.Open(NpgsqlTimeout timeout, Boolean async, CancellationToken cancellationToken)
   at Npgsql.PoolingDataSource.OpenNewConnector(NpgsqlConnection conn, NpgsqlTimeout timeout, Boolean async, CancellationToken cancellationToken)
   at Npgsql.PoolingDataSource.<Get>g__RentAsync|33_0(NpgsqlConnection conn, NpgsqlTimeout timeout, Boolean async, CancellationToken cancellationToken)
   at Npgsql.NpgsqlConnection.<Open>g__OpenAsync|42_0(Boolean async, CancellationToken cancellationToken)
   at Microsoft.EntityFrameworkCore.Storage.RelationalConnection.OpenInternalAsync(Boolean errorsExpected, CancellationToken cancellationToken)
   at Microsoft.EntityFrameworkCore.Storage.RelationalConnection.OpenInternalAsync(Boolean errorsExpected, CancellationToken cancellationToken)
   at Microsoft.EntityFrameworkCore.Storage.RelationalConnection.OpenAsync(CancellationToken cancellationToken, Boolean errorsExpected)
   at Microsoft.EntityFrameworkCore.Storage.RelationalCommand.ExecuteReaderAsync(RelationalCommandParameterObject parameterObject, CancellationToken cancellationToken)
   at Microsoft.EntityFrameworkCore.Query.Internal.SingleQueryingEnumerable`1.AsyncEnumerator.InitializeReaderAsync(AsyncEnumerator enumerator, CancellationToken cancellationToken)
   at Npgsql.EntityFrameworkCore.PostgreSQL.Storage.Internal.NpgsqlExecutionStrategy.ExecuteAsync[TState,TResult](TState state, Func`4 operation, Func`4 verifySucceeded, CancellationToken cancellationToken)
   at Microsoft.EntityFrameworkCore.Query.Internal.SingleQueryingEnumerable`1.AsyncEnumerator.MoveNextAsync()
  Exception data:
    Severity: FATAL
    SqlState: 3D000
    MessageText: database "assignment_management" does not exist
    File: postinit.c
    Line: 1016
    Routine: InitPostgres
Npgsql.PostgresException (0x80004005): 3D000: database "assignment_management" does not exist
   at Npgsql.Internal.NpgsqlConnector.ReadMessageLong(Boolean async, DataRowLoadingMode dataRowLoadingMode, Boolean readingNotifications, Boolean isReadingPrependedMessage)
   at System.Runtime.CompilerServices.PoolingAsyncValueTaskMethodBuilder`1.StateMachineBox`1.System.Threading.Tasks.Sources.IValueTaskSource<TResult>.GetResult(Int16 token)
   at Npgsql.Internal.NpgsqlConnector.<Open>g__OpenCore|209_0(NpgsqlConnector conn, String username, SslMode sslMode, GssEncryptionMode gssEncMode, NpgsqlTimeout timeout, Boolean async, CancellationToken cancellationToken)
   at Npgsql.Internal.NpgsqlConnector.Open(NpgsqlTimeout timeout, Boolean async, CancellationToken cancellationToken)
   at Npgsql.PoolingDataSource.OpenNewConnector(NpgsqlConnection conn, NpgsqlTimeout timeout, Boolean async, CancellationToken cancellationToken)
   at Npgsql.PoolingDataSource.<Get>g__RentAsync|33_0(NpgsqlConnection conn, NpgsqlTimeout timeout, Boolean async, CancellationToken cancellationToken)
   at Npgsql.NpgsqlConnection.<Open>g__OpenAsync|42_0(Boolean async, CancellationToken cancellationToken)
   at Microsoft.EntityFrameworkCore.Storage.RelationalConnection.OpenInternalAsync(Boolean errorsExpected, CancellationToken cancellationToken)
   at Microsoft.EntityFrameworkCore.Storage.RelationalConnection.OpenInternalAsync(Boolean errorsExpected, CancellationToken cancellationToken)
   at Microsoft.EntityFrameworkCore.Storage.RelationalConnection.OpenAsync(CancellationToken cancellationToken, Boolean errorsExpected)
   at Microsoft.EntityFrameworkCore.Storage.RelationalCommand.ExecuteReaderAsync(RelationalCommandParameterObject parameterObject, CancellationToken cancellationToken)
   at Microsoft.EntityFrameworkCore.Query.Internal.SingleQueryingEnumerable`1.AsyncEnumerator.InitializeReaderAsync(AsyncEnumerator enumerator, CancellationToken cancellationToken)
   at Npgsql.EntityFrameworkCore.PostgreSQL.Storage.Internal.NpgsqlExecutionStrategy.ExecuteAsync[TState,TResult](TState state, Func`4 operation, Func`4 verifySucceeded, CancellationToken cancellationToken)
   at Microsoft.EntityFrameworkCore.Query.Internal.SingleQueryingEnumerable`1.AsyncEnumerator.MoveNextAsync()
  Exception data:
    Severity: FATAL
    SqlState: 3D000
    MessageText: database "assignment_management" does not exist
    File: postinit.c
    Line: 1016
    Routine: InitPostgres
2026-08-05 11:06:16.316 +06:00 [ERR] [AssignmentManagement.Api.Middleware.ExceptionMiddleware] Unhandled exception occurred while processing request POST /api/auth/login
Npgsql.PostgresException (0x80004005): 3D000: database "assignment_management" does not exist
   at Npgsql.Internal.NpgsqlConnector.ReadMessageLong(Boolean async, DataRowLoadingMode dataRowLoadingMode, Boolean readingNotifications, Boolean isReadingPrependedMessage)
   at System.Runtime.CompilerServices.PoolingAsyncValueTaskMethodBuilder`1.StateMachineBox`1.System.Threading.Tasks.Sources.IValueTaskSource<TResult>.GetResult(Int16 token)
   at Npgsql.Internal.NpgsqlConnector.<Open>g__OpenCore|209_0(NpgsqlConnector conn, String username, SslMode sslMode, GssEncryptionMode gssEncMode, NpgsqlTimeout timeout, Boolean async, CancellationToken cancellationToken)
   at Npgsql.Internal.NpgsqlConnector.Open(NpgsqlTimeout timeout, Boolean async, CancellationToken cancellationToken)
   at Npgsql.PoolingDataSource.OpenNewConnector(NpgsqlConnection conn, NpgsqlTimeout timeout, Boolean async, CancellationToken cancellationToken)
   at Npgsql.PoolingDataSource.<Get>g__RentAsync|33_0(NpgsqlConnection conn, NpgsqlTimeout timeout, Boolean async, CancellationToken cancellationToken)
   at Npgsql.NpgsqlConnection.<Open>g__OpenAsync|42_0(Boolean async, CancellationToken cancellationToken)
   at Microsoft.EntityFrameworkCore.Storage.RelationalConnection.OpenInternalAsync(Boolean errorsExpected, CancellationToken cancellationToken)
   at Microsoft.EntityFrameworkCore.Storage.RelationalConnection.OpenInternalAsync(Boolean errorsExpected, CancellationToken cancellationToken)
   at Microsoft.EntityFrameworkCore.Storage.RelationalConnection.OpenAsync(CancellationToken cancellationToken, Boolean errorsExpected)
   at Microsoft.EntityFrameworkCore.Storage.RelationalCommand.ExecuteReaderAsync(RelationalCommandParameterObject parameterObject, CancellationToken cancellationToken)
   at Microsoft.EntityFrameworkCore.Query.Internal.SingleQueryingEnumerable`1.AsyncEnumerator.InitializeReaderAsync(AsyncEnumerator enumerator, CancellationToken cancellationToken)
   at Npgsql.EntityFrameworkCore.PostgreSQL.Storage.Internal.NpgsqlExecutionStrategy.ExecuteAsync[TState,TResult](TState state, Func`4 operation, Func`4 verifySucceeded, CancellationToken cancellationToken)
   at Microsoft.EntityFrameworkCore.Query.Internal.SingleQueryingEnumerable`1.AsyncEnumerator.MoveNextAsync()
   at Microsoft.EntityFrameworkCore.Query.ShapedQueryCompilingExpressionVisitor.SingleOrDefaultAsync[TSource](IAsyncEnumerable`1 asyncEnumerable, CancellationToken cancellationToken)
   at Microsoft.EntityFrameworkCore.Query.ShapedQueryCompilingExpressionVisitor.SingleOrDefaultAsync[TSource](IAsyncEnumerable`1 asyncEnumerable, CancellationToken cancellationToken)
   at AssignmentManagement.Infrastructure.Repositories.UserManagementRepository.GetByEmailAsync(String email, CancellationToken cancellationToken) in C:\Users\Tarek\Desktop\assignment\src\AssignmentManagement.Infrastructure\Repositories\UserManagementRepository.cs:line 25
   at AssignmentManagement.Application.Services.AuthService.LoginAsync(LoginRequestDto request, CancellationToken cancellationToken) in C:\Users\Tarek\Desktop\assignment\src\AssignmentManagement.Application\Services\AuthService.cs:line 32
   at AssignmentManagement.Api.Controllers.AuthController.Login(LoginRequestDto request, CancellationToken cancellationToken) in C:\Users\Tarek\Desktop\assignment\src\AssignmentManagement.Api\Controllers\AuthController.cs:line 21
   at lambda_method5(Closure, Object)
   at Microsoft.AspNetCore.Mvc.Infrastructure.ActionMethodExecutor.AwaitableObjectResultExecutor.Execute(ActionContext actionContext, IActionResultTypeMapper mapper, ObjectMethodExecutor executor, Object controller, Object[] arguments)
   at Microsoft.AspNetCore.Mvc.Infrastructure.ControllerActionInvoker.<InvokeActionMethodAsync>g__Awaited|12_0(ControllerActionInvoker invoker, ValueTask`1 actionResultValueTask)
   at Microsoft.AspNetCore.Mvc.Infrastructure.ControllerActionInvoker.<InvokeNextActionFilterAsync>g__Awaited|10_0(ControllerActionInvoker invoker, Task lastTask, State next, Scope scope, Object state, Boolean isCompleted)
   at Microsoft.AspNetCore.Mvc.Infrastructure.ControllerActionInvoker.Rethrow(ActionExecutedContextSealed context)
   at Microsoft.AspNetCore.Mvc.Infrastructure.ControllerActionInvoker.Next(State& next, Scope& scope, Object& state, Boolean& isCompleted)
   at Microsoft.AspNetCore.Mvc.Infrastructure.ControllerActionInvoker.<InvokeInnerFilterAsync>g__Awaited|13_0(ControllerActionInvoker invoker, Task lastTask, State next, Scope scope, Object state, Boolean isCompleted)
   at Microsoft.AspNetCore.Mvc.Infrastructure.ResourceInvoker.<InvokeFilterPipelineAsync>g__Awaited|20_0(ResourceInvoker invoker, Task lastTask, State next, Scope scope, Object state, Boolean isCompleted)
   at Microsoft.AspNetCore.Mvc.Infrastructure.ResourceInvoker.<InvokeAsync>g__Awaited|17_0(ResourceInvoker invoker, Task task, IDisposable scope)
   at Microsoft.AspNetCore.Mvc.Infrastructure.ResourceInvoker.<InvokeAsync>g__Awaited|17_0(ResourceInvoker invoker, Task task, IDisposable scope)
   at Microsoft.AspNetCore.Authorization.AuthorizationMiddleware.Invoke(HttpContext context)
   at Microsoft.AspNetCore.Authentication.AuthenticationMiddleware.Invoke(HttpContext context)
   at AssignmentManagement.Api.Middleware.ExceptionMiddleware.InvokeAsync(HttpContext context) in C:\Users\Tarek\Desktop\assignment\src\AssignmentManagement.Api\Middleware\ExceptionMiddleware.cs:line 23
  Exception data:
    Severity: FATAL
    SqlState: 3D000
    MessageText: database "assignment_management" does not exist
    File: postinit.c
    Line: 1016
    Routine: InitPostgres
2026-08-05 11:10:42.188 +06:00 [ERR] [Microsoft.EntityFrameworkCore.Database.Command] Failed executing DbCommand (3ms) [Parameters=[], CommandType='"Text"', CommandTimeout='30']
CREATE TABLE users (
    user_id integer GENERATED BY DEFAULT AS IDENTITY,
    first_name character varying(100) NOT NULL,
    last_name character varying(100),
    email character varying(255) NOT NULL,
    password_hash text NOT NULL,
    phone character varying(30),
    role user_role NOT NULL,
    is_active boolean NOT NULL DEFAULT TRUE,
    created_at timestamp with time zone NOT NULL DEFAULT (CURRENT_TIMESTAMP),
    updated_at timestamp with time zone NOT NULL DEFAULT (CURRENT_TIMESTAMP),
    CONSTRAINT pk_users PRIMARY KEY (user_id)
);
2026-08-05 11:11:02.955 +06:00 [ERR] [Microsoft.EntityFrameworkCore.Database.Command] Failed executing DbCommand (3ms) [Parameters=[], CommandType='"Text"', CommandTimeout='30']
CREATE TABLE users (
    user_id integer GENERATED BY DEFAULT AS IDENTITY,
    first_name character varying(100) NOT NULL,
    last_name character varying(100),
    email character varying(255) NOT NULL,
    password_hash text NOT NULL,
    phone character varying(30),
    role user_role NOT NULL,
    is_active boolean NOT NULL DEFAULT TRUE,
    created_at timestamp with time zone NOT NULL DEFAULT (CURRENT_TIMESTAMP),
    updated_at timestamp with time zone NOT NULL DEFAULT (CURRENT_TIMESTAMP),
    CONSTRAINT pk_users PRIMARY KEY (user_id)
);
2026-08-05 11:12:04.927 +06:00 [INF] [Microsoft.Hosting.Lifetime] Now listening on: http://localhost:5000
2026-08-05 11:12:04.966 +06:00 [INF] [Microsoft.Hosting.Lifetime] Application started. Press Ctrl+C to shut down.
2026-08-05 11:12:04.966 +06:00 [INF] [Microsoft.Hosting.Lifetime] Hosting environment: Production
2026-08-05 11:12:04.966 +06:00 [INF] [Microsoft.Hosting.Lifetime] Content root path: C:\Users\Tarek\Desktop\assignment\src\AssignmentManagement.Api
2026-08-05 11:16:05.721 +06:00 [WRN] [Microsoft.AspNetCore.HttpsPolicy.HttpsRedirectionMiddleware] Failed to determine the https port for redirect.
2026-08-05 11:16:06.146 +06:00 [ERR] [AssignmentManagement.Api.Middleware.ExceptionMiddleware] Unhandled exception occurred while processing request POST /api/auth/login
System.ArgumentOutOfRangeException: IDX10720: Unable to create KeyedHashAlgorithm for algorithm 'HS256', the key size must be greater than: '256' bits, key has '224' bits. (Parameter 'keyBytes')
   at Microsoft.IdentityModel.Tokens.CryptoProviderFactory.ValidateKeySize(Byte[] keyBytes, String algorithm, Int32 expectedNumberOfBytes)
   at Microsoft.IdentityModel.Tokens.CryptoProviderFactory.CreateKeyedHashAlgorithm(Byte[] keyBytes, String algorithm)
   at Microsoft.IdentityModel.Tokens.SymmetricSignatureProvider.CreateKeyedHashAlgorithm()
   at Microsoft.IdentityModel.Tokens.DisposableObjectPool`1.CreateInstance()
   at Microsoft.IdentityModel.Tokens.DisposableObjectPool`1.Allocate()
   at Microsoft.IdentityModel.Tokens.SymmetricSignatureProvider.GetKeyedHashAlgorithm(Byte[] keyBytes, String algorithm)
   at Microsoft.IdentityModel.Tokens.SymmetricSignatureProvider.Sign(Byte[] input)
   at Microsoft.IdentityModel.JsonWebTokens.JwtTokenUtilities.CreateEncodedSignature(String input, SigningCredentials signingCredentials)
   at System.IdentityModel.Tokens.Jwt.JwtSecurityTokenHandler.WriteToken(SecurityToken token)
   at AssignmentManagement.Infrastructure.Services.JwtService.GenerateTokensAsync(User user, CancellationToken cancellationToken) in C:\Users\Tarek\Desktop\assignment\src\AssignmentManagement.Infrastructure\Services\JwtService.cs:line 53
   at AssignmentManagement.Application.Services.AuthService.LoginAsync(LoginRequestDto request, CancellationToken cancellationToken) in C:\Users\Tarek\Desktop\assignment\src\AssignmentManagement.Application\Services\AuthService.cs:line 40
   at AssignmentManagement.Api.Controllers.AuthController.Login(LoginRequestDto request, CancellationToken cancellationToken) in C:\Users\Tarek\Desktop\assignment\src\AssignmentManagement.Api\Controllers\AuthController.cs:line 21
   at lambda_method623(Closure, Object)
   at Microsoft.AspNetCore.Mvc.Infrastructure.ActionMethodExecutor.AwaitableObjectResultExecutor.Execute(ActionContext actionContext, IActionResultTypeMapper mapper, ObjectMethodExecutor executor, Object controller, Object[] arguments)
   at Microsoft.AspNetCore.Mvc.Infrastructure.ControllerActionInvoker.<InvokeActionMethodAsync>g__Awaited|12_0(ControllerActionInvoker invoker, ValueTask`1 actionResultValueTask)
   at Microsoft.AspNetCore.Mvc.Infrastructure.ControllerActionInvoker.<InvokeNextActionFilterAsync>g__Awaited|10_0(ControllerActionInvoker invoker, Task lastTask, State next, Scope scope, Object state, Boolean isCompleted)
   at Microsoft.AspNetCore.Mvc.Infrastructure.ControllerActionInvoker.Rethrow(ActionExecutedContextSealed context)
   at Microsoft.AspNetCore.Mvc.Infrastructure.ControllerActionInvoker.Next(State& next, Scope& scope, Object& state, Boolean& isCompleted)
   at Microsoft.AspNetCore.Mvc.Infrastructure.ControllerActionInvoker.<InvokeInnerFilterAsync>g__Awaited|13_0(ControllerActionInvoker invoker, Task lastTask, State next, Scope scope, Object state, Boolean isCompleted)
   at Microsoft.AspNetCore.Mvc.Infrastructure.ResourceInvoker.<InvokeFilterPipelineAsync>g__Awaited|20_0(ResourceInvoker invoker, Task lastTask, State next, Scope scope, Object state, Boolean isCompleted)
   at Microsoft.AspNetCore.Mvc.Infrastructure.ResourceInvoker.<InvokeAsync>g__Awaited|17_0(ResourceInvoker invoker, Task task, IDisposable scope)
   at Microsoft.AspNetCore.Mvc.Infrastructure.ResourceInvoker.<InvokeAsync>g__Awaited|17_0(ResourceInvoker invoker, Task task, IDisposable scope)
   at Microsoft.AspNetCore.Authorization.AuthorizationMiddleware.Invoke(HttpContext context)
   at Microsoft.AspNetCore.Authentication.AuthenticationMiddleware.Invoke(HttpContext context)
   at AssignmentManagement.Api.Middleware.ExceptionMiddleware.InvokeAsync(HttpContext context) in C:\Users\Tarek\Desktop\assignment\src\AssignmentManagement.Api\Middleware\ExceptionMiddleware.cs:line 23
2026-08-05 11:16:47.756 +06:00 [ERR] [AssignmentManagement.Api.Middleware.ExceptionMiddleware] Unhandled exception occurred while processing request POST /api/auth/login
System.ArgumentOutOfRangeException: IDX10720: Unable to create KeyedHashAlgorithm for algorithm 'HS256', the key size must be greater than: '256' bits, key has '224' bits. (Parameter 'keyBytes')
   at Microsoft.IdentityModel.Tokens.CryptoProviderFactory.ValidateKeySize(Byte[] keyBytes, String algorithm, Int32 expectedNumberOfBytes)
   at Microsoft.IdentityModel.Tokens.CryptoProviderFactory.CreateKeyedHashAlgorithm(Byte[] keyBytes, String algorithm)
   at Microsoft.IdentityModel.Tokens.SymmetricSignatureProvider.CreateKeyedHashAlgorithm()
   at Microsoft.IdentityModel.Tokens.DisposableObjectPool`1.CreateInstance()
   at Microsoft.IdentityModel.Tokens.DisposableObjectPool`1.Allocate()
   at Microsoft.IdentityModel.Tokens.SymmetricSignatureProvider.GetKeyedHashAlgorithm(Byte[] keyBytes, String algorithm)
   at Microsoft.IdentityModel.Tokens.SymmetricSignatureProvider.Sign(Byte[] input)
   at Microsoft.IdentityModel.JsonWebTokens.JwtTokenUtilities.CreateEncodedSignature(String input, SigningCredentials signingCredentials)
   at System.IdentityModel.Tokens.Jwt.JwtSecurityTokenHandler.WriteToken(SecurityToken token)
   at AssignmentManagement.Infrastructure.Services.JwtService.GenerateTokensAsync(User user, CancellationToken cancellationToken) in C:\Users\Tarek\Desktop\assignment\src\AssignmentManagement.Infrastructure\Services\JwtService.cs:line 53
   at AssignmentManagement.Application.Services.AuthService.LoginAsync(LoginRequestDto request, CancellationToken cancellationToken) in C:\Users\Tarek\Desktop\assignment\src\AssignmentManagement.Application\Services\AuthService.cs:line 40
   at AssignmentManagement.Api.Controllers.AuthController.Login(LoginRequestDto request, CancellationToken cancellationToken) in C:\Users\Tarek\Desktop\assignment\src\AssignmentManagement.Api\Controllers\AuthController.cs:line 21
   at lambda_method623(Closure, Object)
   at Microsoft.AspNetCore.Mvc.Infrastructure.ActionMethodExecutor.AwaitableObjectResultExecutor.Execute(ActionContext actionContext, IActionResultTypeMapper mapper, ObjectMethodExecutor executor, Object controller, Object[] arguments)
   at Microsoft.AspNetCore.Mvc.Infrastructure.ControllerActionInvoker.<InvokeActionMethodAsync>g__Awaited|12_0(ControllerActionInvoker invoker, ValueTask`1 actionResultValueTask)
   at Microsoft.AspNetCore.Mvc.Infrastructure.ControllerActionInvoker.<InvokeNextActionFilterAsync>g__Awaited|10_0(ControllerActionInvoker invoker, Task lastTask, State next, Scope scope, Object state, Boolean isCompleted)
   at Microsoft.AspNetCore.Mvc.Infrastructure.ControllerActionInvoker.Rethrow(ActionExecutedContextSealed context)
   at Microsoft.AspNetCore.Mvc.Infrastructure.ControllerActionInvoker.Next(State& next, Scope& scope, Object& state, Boolean& isCompleted)
   at Microsoft.AspNetCore.Mvc.Infrastructure.ControllerActionInvoker.<InvokeInnerFilterAsync>g__Awaited|13_0(ControllerActionInvoker invoker, Task lastTask, State next, Scope scope, Object state, Boolean isCompleted)
   at Microsoft.AspNetCore.Mvc.Infrastructure.ResourceInvoker.<InvokeFilterPipelineAsync>g__Awaited|20_0(ResourceInvoker invoker, Task lastTask, State next, Scope scope, Object state, Boolean isCompleted)
   at Microsoft.AspNetCore.Mvc.Infrastructure.ResourceInvoker.<InvokeAsync>g__Awaited|17_0(ResourceInvoker invoker, Task task, IDisposable scope)
   at Microsoft.AspNetCore.Mvc.Infrastructure.ResourceInvoker.<InvokeAsync>g__Awaited|17_0(ResourceInvoker invoker, Task task, IDisposable scope)
   at Microsoft.AspNetCore.Authorization.AuthorizationMiddleware.Invoke(HttpContext context)
   at Microsoft.AspNetCore.Authentication.AuthenticationMiddleware.Invoke(HttpContext context)
   at AssignmentManagement.Api.Middleware.ExceptionMiddleware.InvokeAsync(HttpContext context) in C:\Users\Tarek\Desktop\assignment\src\AssignmentManagement.Api\Middleware\ExceptionMiddleware.cs:line 23
2026-08-05 11:17:35.031 +06:00 [INF] [Microsoft.Hosting.Lifetime] Now listening on: http://localhost:5000
2026-08-05 11:17:35.061 +06:00 [INF] [Microsoft.Hosting.Lifetime] Application started. Press Ctrl+C to shut down.
2026-08-05 11:17:35.061 +06:00 [INF] [Microsoft.Hosting.Lifetime] Hosting environment: Production
2026-08-05 11:17:35.061 +06:00 [INF] [Microsoft.Hosting.Lifetime] Content root path: C:\Users\Tarek\Desktop\assignment\src\AssignmentManagement.Api
2026-08-05 11:18:12.501 +06:00 [WRN] [Microsoft.AspNetCore.HttpsPolicy.HttpsRedirectionMiddleware] Failed to determine the https port for redirect.
2026-08-05 11:18:12.927 +06:00 [INF] [AssignmentManagement.Application.Services.AuthService] User 1 (admin@example.com) logged in successfully with role "Admin"
2026-08-05 11:18:38.893 +06:00 [INF] [AssignmentManagement.Application.Services.AuthService] User 1 (admin@example.com) logged out
2026-08-05 11:19:27.456 +06:00 [INF] [AssignmentManagement.Application.Services.AuthService] User 1 (admin@example.com) logged in successfully with role "Admin"
2026-08-05 11:19:54.884 +06:00 [INF] [AssignmentManagement.Application.Services.AuthService] User 1 (admin@example.com) logged out
2026-08-05 11:20:00.598 +06:00 [INF] [AssignmentManagement.Application.Services.AuthService] User 3 (student@example.com) logged in successfully with role "Student"
2026-08-05 11:20:24.276 +06:00 [INF] [AssignmentManagement.Application.Services.AuthService] User 3 (student@example.com) logged out
2026-08-05 11:20:29.767 +06:00 [INF] [AssignmentManagement.Application.Services.AuthService] User 2 (teacher@example.com) logged in successfully with role "Teacher"
2026-08-05 11:21:12.739 +06:00 [INF] [AssignmentManagement.Application.Services.AuthService] User 2 (teacher@example.com) logged out
2026-08-05 11:21:15.340 +06:00 [INF] [AssignmentManagement.Application.Services.AuthService] User 1 (admin@example.com) logged in successfully with role "Admin"
2026-08-05 11:21:19.052 +06:00 [INF] [AssignmentManagement.Application.Services.AuthService] User 1 (admin@example.com) logged out
2026-08-05 11:21:20.915 +06:00 [INF] [AssignmentManagement.Application.Services.AuthService] User 1 (admin@example.com) logged in successfully with role "Admin"
2026-08-05 11:22:42.548 +06:00 [INF] [AssignmentManagement.Application.Services.AuthService] User 1 (admin@example.com) logged out
2026-08-05 11:22:54.961 +06:00 [WRN] [AssignmentManagement.Application.Services.AuthService] Failed login attempt for email demo@example.com
2026-08-05 11:22:55.041 +06:00 [ERR] [AssignmentManagement.Api.Middleware.ExceptionMiddleware] Unhandled exception occurred while processing request POST /api/auth/login
System.UnauthorizedAccessException: Invalid email or password.
   at AssignmentManagement.Application.Services.AuthService.LoginAsync(LoginRequestDto request, CancellationToken cancellationToken) in C:\Users\Tarek\Desktop\assignment\src\AssignmentManagement.Application\Services\AuthService.cs:line 37
   at AssignmentManagement.Api.Controllers.AuthController.Login(LoginRequestDto request, CancellationToken cancellationToken) in C:\Users\Tarek\Desktop\assignment\src\AssignmentManagement.Api\Controllers\AuthController.cs:line 21
   at lambda_method9(Closure, Object)
   at Microsoft.AspNetCore.Mvc.Infrastructure.ActionMethodExecutor.AwaitableObjectResultExecutor.Execute(ActionContext actionContext, IActionResultTypeMapper mapper, ObjectMethodExecutor executor, Object controller, Object[] arguments)
   at Microsoft.AspNetCore.Mvc.Infrastructure.ControllerActionInvoker.<InvokeActionMethodAsync>g__Awaited|12_0(ControllerActionInvoker invoker, ValueTask`1 actionResultValueTask)
   at Microsoft.AspNetCore.Mvc.Infrastructure.ControllerActionInvoker.<InvokeNextActionFilterAsync>g__Awaited|10_0(ControllerActionInvoker invoker, Task lastTask, State next, Scope scope, Object state, Boolean isCompleted)
   at Microsoft.AspNetCore.Mvc.Infrastructure.ControllerActionInvoker.Rethrow(ActionExecutedContextSealed context)
   at Microsoft.AspNetCore.Mvc.Infrastructure.ControllerActionInvoker.Next(State& next, Scope& scope, Object& state, Boolean& isCompleted)
   at Microsoft.AspNetCore.Mvc.Infrastructure.ControllerActionInvoker.<InvokeInnerFilterAsync>g__Awaited|13_0(ControllerActionInvoker invoker, Task lastTask, State next, Scope scope, Object state, Boolean isCompleted)
   at Microsoft.AspNetCore.Mvc.Infrastructure.ResourceInvoker.<InvokeFilterPipelineAsync>g__Awaited|20_0(ResourceInvoker invoker, Task lastTask, State next, Scope scope, Object state, Boolean isCompleted)
   at Microsoft.AspNetCore.Mvc.Infrastructure.ResourceInvoker.<InvokeAsync>g__Awaited|17_0(ResourceInvoker invoker, Task task, IDisposable scope)
   at Microsoft.AspNetCore.Mvc.Infrastructure.ResourceInvoker.<InvokeAsync>g__Awaited|17_0(ResourceInvoker invoker, Task task, IDisposable scope)
   at Microsoft.AspNetCore.Authorization.AuthorizationMiddleware.Invoke(HttpContext context)
   at Microsoft.AspNetCore.Authentication.AuthenticationMiddleware.Invoke(HttpContext context)
   at AssignmentManagement.Api.Middleware.ExceptionMiddleware.InvokeAsync(HttpContext context) in C:\Users\Tarek\Desktop\assignment\src\AssignmentManagement.Api\Middleware\ExceptionMiddleware.cs:line 23
2026-08-05 11:22:58.631 +06:00 [WRN] [AssignmentManagement.Application.Services.AuthService] Failed login attempt for email admin@example.com
2026-08-05 11:22:58.631 +06:00 [ERR] [AssignmentManagement.Api.Middleware.ExceptionMiddleware] Unhandled exception occurred while processing request POST /api/auth/login
System.UnauthorizedAccessException: Invalid email or password.
   at AssignmentManagement.Application.Services.AuthService.LoginAsync(LoginRequestDto request, CancellationToken cancellationToken) in C:\Users\Tarek\Desktop\assignment\src\AssignmentManagement.Application\Services\AuthService.cs:line 37
   at AssignmentManagement.Api.Controllers.AuthController.Login(LoginRequestDto request, CancellationToken cancellationToken) in C:\Users\Tarek\Desktop\assignment\src\AssignmentManagement.Api\Controllers\AuthController.cs:line 21
   at lambda_method9(Closure, Object)
   at Microsoft.AspNetCore.Mvc.Infrastructure.ActionMethodExecutor.AwaitableObjectResultExecutor.Execute(ActionContext actionContext, IActionResultTypeMapper mapper, ObjectMethodExecutor executor, Object controller, Object[] arguments)
   at Microsoft.AspNetCore.Mvc.Infrastructure.ControllerActionInvoker.<InvokeActionMethodAsync>g__Awaited|12_0(ControllerActionInvoker invoker, ValueTask`1 actionResultValueTask)
   at Microsoft.AspNetCore.Mvc.Infrastructure.ControllerActionInvoker.<InvokeNextActionFilterAsync>g__Awaited|10_0(ControllerActionInvoker invoker, Task lastTask, State next, Scope scope, Object state, Boolean isCompleted)
   at Microsoft.AspNetCore.Mvc.Infrastructure.ControllerActionInvoker.Rethrow(ActionExecutedContextSealed context)
   at Microsoft.AspNetCore.Mvc.Infrastructure.ControllerActionInvoker.Next(State& next, Scope& scope, Object& state, Boolean& isCompleted)
   at Microsoft.AspNetCore.Mvc.Infrastructure.ControllerActionInvoker.<InvokeInnerFilterAsync>g__Awaited|13_0(ControllerActionInvoker invoker, Task lastTask, State next, Scope scope, Object state, Boolean isCompleted)
   at Microsoft.AspNetCore.Mvc.Infrastructure.ResourceInvoker.<InvokeFilterPipelineAsync>g__Awaited|20_0(ResourceInvoker invoker, Task lastTask, State next, Scope scope, Object state, Boolean isCompleted)
   at Microsoft.AspNetCore.Mvc.Infrastructure.ResourceInvoker.<InvokeAsync>g__Awaited|17_0(ResourceInvoker invoker, Task task, IDisposable scope)
   at Microsoft.AspNetCore.Mvc.Infrastructure.ResourceInvoker.<InvokeAsync>g__Awaited|17_0(ResourceInvoker invoker, Task task, IDisposable scope)
   at Microsoft.AspNetCore.Authorization.AuthorizationMiddleware.Invoke(HttpContext context)
   at Microsoft.AspNetCore.Authentication.AuthenticationMiddleware.Invoke(HttpContext context)
   at AssignmentManagement.Api.Middleware.ExceptionMiddleware.InvokeAsync(HttpContext context) in C:\Users\Tarek\Desktop\assignment\src\AssignmentManagement.Api\Middleware\ExceptionMiddleware.cs:line 23
2026-08-05 11:23:04.039 +06:00 [INF] [AssignmentManagement.Application.Services.AuthService] User 1 (admin@example.com) logged in successfully with role "Admin"
2026-08-05 11:27:33.739 +06:00 [INF] [AssignmentManagement.Application.Services.AuthService] User 1 (admin@example.com) logged out
2026-08-05 11:27:48.180 +06:00 [INF] [AssignmentManagement.Application.Services.AuthService] User 3 (student@example.com) logged in successfully with role "Student"
2026-08-05 11:28:01.590 +06:00 [INF] [AssignmentManagement.Application.Services.AuthService] User 3 (student@example.com) logged out
2026-08-05 11:28:03.027 +06:00 [INF] [AssignmentManagement.Application.Services.AuthService] User 1 (admin@example.com) logged in successfully with role "Admin"
2026-08-05 11:33:41.018 +06:00 [INF] [Microsoft.Hosting.Lifetime] Now listening on: http://localhost:5000
2026-08-05 11:33:41.042 +06:00 [INF] [Microsoft.Hosting.Lifetime] Application started. Press Ctrl+C to shut down.
2026-08-05 11:33:41.042 +06:00 [INF] [Microsoft.Hosting.Lifetime] Hosting environment: Production
2026-08-05 11:33:41.042 +06:00 [INF] [Microsoft.Hosting.Lifetime] Content root path: C:\Users\Tarek\Desktop\assignment\src\AssignmentManagement.Api
2026-08-05 11:34:32.377 +06:00 [WRN] [Microsoft.AspNetCore.HttpsPolicy.HttpsRedirectionMiddleware] Failed to determine the https port for redirect.
2026-08-05 11:34:32.452 +06:00 [INF] [AssignmentManagement.Application.Services.AuthService] User 1 (admin@example.com) logged out
2026-08-05 11:34:35.791 +06:00 [INF] [AssignmentManagement.Application.Services.AuthService] User 119 (student100@school.edu.bd) logged in successfully with role "Student"
2026-08-05 11:36:53.382 +06:00 [INF] [AssignmentManagement.Application.Services.AuthService] User 119 (student100@school.edu.bd) logged out
2026-08-05 11:37:11.864 +06:00 [INF] [AssignmentManagement.Application.Services.AuthService] User 119 (student100@school.edu.bd) logged in successfully with role "Student"
2026-08-05 11:37:30.228 +06:00 [INF] [AssignmentManagement.Application.Services.AuthService] User 119 (student100@school.edu.bd) logged out
2026-08-05 11:37:32.091 +06:00 [INF] [AssignmentManagement.Application.Services.AuthService] User 119 (student100@school.edu.bd) logged in successfully with role "Student"
2026-08-05 11:37:34.811 +06:00 [INF] [AssignmentManagement.Application.Services.AuthService] User 119 (student100@school.edu.bd) logged out
2026-08-05 11:38:02.009 +06:00 [ERR] [Microsoft.EntityFrameworkCore.Database.Command] Failed executing DbCommand (5ms) [Parameters=[], CommandType='"Text"', CommandTimeout='30']
SELECT s.student_id, s.class_level, s.student_number, s.user_id
FROM students AS s
2026-08-05 11:38:02.047 +06:00 [ERR] [Microsoft.EntityFrameworkCore.Query] An exception occurred while iterating over the results of a query for context type 'AssignmentManagement.Infrastructure.Data.ApplicationDbContext'.
Npgsql.PostgresException (0x80004005): 42703: column s.class_level does not exist

POSITION: 22
   at Npgsql.Internal.NpgsqlConnector.ReadMessageLong(Boolean async, DataRowLoadingMode dataRowLoadingMode, Boolean readingNotifications, Boolean isReadingPrependedMessage)
   at System.Runtime.CompilerServices.PoolingAsyncValueTaskMethodBuilder`1.StateMachineBox`1.System.Threading.Tasks.Sources.IValueTaskSource<TResult>.GetResult(Int16 token)
   at Npgsql.NpgsqlDataReader.NextResult(Boolean async, Boolean isConsuming, CancellationToken cancellationToken)
   at Npgsql.NpgsqlDataReader.NextResult(Boolean async, Boolean isConsuming, CancellationToken cancellationToken)
   at Npgsql.NpgsqlDataReader.NextResult()
   at Npgsql.NpgsqlCommand.ExecuteReader(Boolean async, CommandBehavior behavior, CancellationToken cancellationToken)
   at Npgsql.NpgsqlCommand.ExecuteReader(Boolean async, CommandBehavior behavior, CancellationToken cancellationToken)
   at Npgsql.NpgsqlCommand.ExecuteReader(CommandBehavior behavior)
   at Npgsql.NpgsqlCommand.ExecuteDbDataReader(CommandBehavior behavior)
   at Microsoft.EntityFrameworkCore.Storage.RelationalCommand.ExecuteReader(RelationalCommandParameterObject parameterObject)
   at Microsoft.EntityFrameworkCore.Query.Internal.SingleQueryingEnumerable`1.Enumerator.InitializeReader(Enumerator enumerator)
   at Microsoft.EntityFrameworkCore.Query.Internal.SingleQueryingEnumerable`1.Enumerator.<>c.<MoveNext>b__21_0(DbContext _, Enumerator enumerator)
   at Npgsql.EntityFrameworkCore.PostgreSQL.Storage.Internal.NpgsqlExecutionStrategy.Execute[TState,TResult](TState state, Func`3 operation, Func`3 verifySucceeded)
   at Microsoft.EntityFrameworkCore.Query.Internal.SingleQueryingEnumerable`1.Enumerator.MoveNext()
  Exception data:
    Severity: ERROR
    SqlState: 42703
    MessageText: column s.class_level does not exist
    Position: 22
    File: parse_relation.c
    Line: 3827
    Routine: errorMissingColumn
Npgsql.PostgresException (0x80004005): 42703: column s.class_level does not exist

POSITION: 22
   at Npgsql.Internal.NpgsqlConnector.ReadMessageLong(Boolean async, DataRowLoadingMode dataRowLoadingMode, Boolean readingNotifications, Boolean isReadingPrependedMessage)
   at System.Runtime.CompilerServices.PoolingAsyncValueTaskMethodBuilder`1.StateMachineBox`1.System.Threading.Tasks.Sources.IValueTaskSource<TResult>.GetResult(Int16 token)
   at Npgsql.NpgsqlDataReader.NextResult(Boolean async, Boolean isConsuming, CancellationToken cancellationToken)
   at Npgsql.NpgsqlDataReader.NextResult(Boolean async, Boolean isConsuming, CancellationToken cancellationToken)
   at Npgsql.NpgsqlDataReader.NextResult()
   at Npgsql.NpgsqlCommand.ExecuteReader(Boolean async, CommandBehavior behavior, CancellationToken cancellationToken)
   at Npgsql.NpgsqlCommand.ExecuteReader(Boolean async, CommandBehavior behavior, CancellationToken cancellationToken)
   at Npgsql.NpgsqlCommand.ExecuteReader(CommandBehavior behavior)
   at Npgsql.NpgsqlCommand.ExecuteDbDataReader(CommandBehavior behavior)
   at Microsoft.EntityFrameworkCore.Storage.RelationalCommand.ExecuteReader(RelationalCommandParameterObject parameterObject)
   at Microsoft.EntityFrameworkCore.Query.Internal.SingleQueryingEnumerable`1.Enumerator.InitializeReader(Enumerator enumerator)
   at Microsoft.EntityFrameworkCore.Query.Internal.SingleQueryingEnumerable`1.Enumerator.<>c.<MoveNext>b__21_0(DbContext _, Enumerator enumerator)
   at Npgsql.EntityFrameworkCore.PostgreSQL.Storage.Internal.NpgsqlExecutionStrategy.Execute[TState,TResult](TState state, Func`3 operation, Func`3 verifySucceeded)
   at Microsoft.EntityFrameworkCore.Query.Internal.SingleQueryingEnumerable`1.Enumerator.MoveNext()
  Exception data:
    Severity: ERROR
    SqlState: 42703
    MessageText: column s.class_level does not exist
    Position: 22
    File: parse_relation.c
    Line: 3827
    Routine: errorMissingColumn
2026-08-05 11:38:22.064 +06:00 [INF] [Microsoft.Hosting.Lifetime] Now listening on: http://localhost:5000
2026-08-05 11:38:22.087 +06:00 [INF] [Microsoft.Hosting.Lifetime] Application started. Press Ctrl+C to shut down.
2026-08-05 11:38:22.087 +06:00 [INF] [Microsoft.Hosting.Lifetime] Hosting environment: Production
2026-08-05 11:38:22.087 +06:00 [INF] [Microsoft.Hosting.Lifetime] Content root path: C:\Users\Tarek\Desktop\assignment\src\AssignmentManagement.Api
2026-08-05 11:40:57.029 +06:00 [WRN] [Microsoft.AspNetCore.HttpsPolicy.HttpsRedirectionMiddleware] Failed to determine the https port for redirect.
2026-08-05 11:40:57.497 +06:00 [INF] [AssignmentManagement.Application.Services.AuthService] User 116 (student100@school.edu.bd) logged in successfully with role "Student"
2026-08-05 11:41:25.212 +06:00 [INF] [AssignmentManagement.Application.Services.AuthService] User 116 (student100@school.edu.bd) logged out
2026-08-05 11:41:39.557 +06:00 [WRN] [AssignmentManagement.Application.Services.AuthService] Failed login attempt for email admin@school.edu.bd
2026-08-05 11:41:39.562 +06:00 [ERR] [AssignmentManagement.Api.Middleware.ExceptionMiddleware] Unhandled exception occurred while processing request POST /api/auth/login
System.UnauthorizedAccessException: Invalid email or password.
   at AssignmentManagement.Application.Services.AuthService.LoginAsync(LoginRequestDto request, CancellationToken cancellationToken) in C:\Users\Tarek\Desktop\assignment\src\AssignmentManagement.Application\Services\AuthService.cs:line 37
   at AssignmentManagement.Api.Controllers.AuthController.Login(LoginRequestDto request, CancellationToken cancellationToken) in C:\Users\Tarek\Desktop\assignment\src\AssignmentManagement.Api\Controllers\AuthController.cs:line 21
   at lambda_method747(Closure, Object)
   at Microsoft.AspNetCore.Mvc.Infrastructure.ActionMethodExecutor.AwaitableObjectResultExecutor.Execute(ActionContext actionContext, IActionResultTypeMapper mapper, ObjectMethodExecutor executor, Object controller, Object[] arguments)
   at Microsoft.AspNetCore.Mvc.Infrastructure.ControllerActionInvoker.<InvokeActionMethodAsync>g__Awaited|12_0(ControllerActionInvoker invoker, ValueTask`1 actionResultValueTask)
   at Microsoft.AspNetCore.Mvc.Infrastructure.ControllerActionInvoker.<InvokeNextActionFilterAsync>g__Awaited|10_0(ControllerActionInvoker invoker, Task lastTask, State next, Scope scope, Object state, Boolean isCompleted)
   at Microsoft.AspNetCore.Mvc.Infrastructure.ControllerActionInvoker.Rethrow(ActionExecutedContextSealed context)
   at Microsoft.AspNetCore.Mvc.Infrastructure.ControllerActionInvoker.Next(State& next, Scope& scope, Object& state, Boolean& isCompleted)
   at Microsoft.AspNetCore.Mvc.Infrastructure.ControllerActionInvoker.<InvokeInnerFilterAsync>g__Awaited|13_0(ControllerActionInvoker invoker, Task lastTask, State next, Scope scope, Object state, Boolean isCompleted)
   at Microsoft.AspNetCore.Mvc.Infrastructure.ResourceInvoker.<InvokeFilterPipelineAsync>g__Awaited|20_0(ResourceInvoker invoker, Task lastTask, State next, Scope scope, Object state, Boolean isCompleted)
   at Microsoft.AspNetCore.Mvc.Infrastructure.ResourceInvoker.<InvokeAsync>g__Awaited|17_0(ResourceInvoker invoker, Task task, IDisposable scope)
   at Microsoft.AspNetCore.Mvc.Infrastructure.ResourceInvoker.<InvokeAsync>g__Awaited|17_0(ResourceInvoker invoker, Task task, IDisposable scope)
   at Microsoft.AspNetCore.Authorization.AuthorizationMiddleware.Invoke(HttpContext context)
   at Microsoft.AspNetCore.Authentication.AuthenticationMiddleware.Invoke(HttpContext context)
   at AssignmentManagement.Api.Middleware.ExceptionMiddleware.InvokeAsync(HttpContext context) in C:\Users\Tarek\Desktop\assignment\src\AssignmentManagement.Api\Middleware\ExceptionMiddleware.cs:line 23
2026-08-05 11:42:02.596 +06:00 [INF] [Microsoft.Hosting.Lifetime] Now listening on: http://localhost:5000
2026-08-05 11:42:02.619 +06:00 [INF] [Microsoft.Hosting.Lifetime] Application started. Press Ctrl+C to shut down.
2026-08-05 11:42:02.619 +06:00 [INF] [Microsoft.Hosting.Lifetime] Hosting environment: Production
2026-08-05 11:42:02.619 +06:00 [INF] [Microsoft.Hosting.Lifetime] Content root path: C:\Users\Tarek\Desktop\assignment\src\AssignmentManagement.Api
2026-08-05 11:42:05.654 +06:00 [WRN] [Microsoft.AspNetCore.HttpsPolicy.HttpsRedirectionMiddleware] Failed to determine the https port for redirect.
2026-08-05 11:42:05.902 +06:00 [WRN] [AssignmentManagement.Application.Services.AuthService] Failed login attempt for email teacher@school.edu.bd
2026-08-05 11:42:05.908 +06:00 [ERR] [AssignmentManagement.Api.Middleware.ExceptionMiddleware] Unhandled exception occurred while processing request POST /api/auth/login
System.UnauthorizedAccessException: Invalid email or password.
   at AssignmentManagement.Application.Services.AuthService.LoginAsync(LoginRequestDto request, CancellationToken cancellationToken) in C:\Users\Tarek\Desktop\assignment\src\AssignmentManagement.Application\Services\AuthService.cs:line 37
   at AssignmentManagement.Api.Controllers.AuthController.Login(LoginRequestDto request, CancellationToken cancellationToken) in C:\Users\Tarek\Desktop\assignment\src\AssignmentManagement.Api\Controllers\AuthController.cs:line 21
   at lambda_method808(Closure, Object)
   at Microsoft.AspNetCore.Mvc.Infrastructure.ActionMethodExecutor.AwaitableObjectResultExecutor.Execute(ActionContext actionContext, IActionResultTypeMapper mapper, ObjectMethodExecutor executor, Object controller, Object[] arguments)
   at Microsoft.AspNetCore.Mvc.Infrastructure.ControllerActionInvoker.<InvokeActionMethodAsync>g__Awaited|12_0(ControllerActionInvoker invoker, ValueTask`1 actionResultValueTask)
   at Microsoft.AspNetCore.Mvc.Infrastructure.ControllerActionInvoker.<InvokeNextActionFilterAsync>g__Awaited|10_0(ControllerActionInvoker invoker, Task lastTask, State next, Scope scope, Object state, Boolean isCompleted)
   at Microsoft.AspNetCore.Mvc.Infrastructure.ControllerActionInvoker.Rethrow(ActionExecutedContextSealed context)
   at Microsoft.AspNetCore.Mvc.Infrastructure.ControllerActionInvoker.Next(State& next, Scope& scope, Object& state, Boolean& isCompleted)
   at Microsoft.AspNetCore.Mvc.Infrastructure.ControllerActionInvoker.<InvokeInnerFilterAsync>g__Awaited|13_0(ControllerActionInvoker invoker, Task lastTask, State next, Scope scope, Object state, Boolean isCompleted)
   at Microsoft.AspNetCore.Mvc.Infrastructure.ResourceInvoker.<InvokeFilterPipelineAsync>g__Awaited|20_0(ResourceInvoker invoker, Task lastTask, State next, Scope scope, Object state, Boolean isCompleted)
   at Microsoft.AspNetCore.Mvc.Infrastructure.ResourceInvoker.<InvokeAsync>g__Awaited|17_0(ResourceInvoker invoker, Task task, IDisposable scope)
   at Microsoft.AspNetCore.Mvc.Infrastructure.ResourceInvoker.<InvokeAsync>g__Awaited|17_0(ResourceInvoker invoker, Task task, IDisposable scope)
   at Microsoft.AspNetCore.Authorization.AuthorizationMiddleware.Invoke(HttpContext context)
   at Microsoft.AspNetCore.Authentication.AuthenticationMiddleware.Invoke(HttpContext context)
   at AssignmentManagement.Api.Middleware.ExceptionMiddleware.InvokeAsync(HttpContext context) in C:\Users\Tarek\Desktop\assignment\src\AssignmentManagement.Api\Middleware\ExceptionMiddleware.cs:line 23
2026-08-05 11:42:31.305 +06:00 [WRN] [AssignmentManagement.Application.Services.AuthService] Failed login attempt for email teacher1@school.edu.bd
2026-08-05 11:42:31.306 +06:00 [ERR] [AssignmentManagement.Api.Middleware.ExceptionMiddleware] Unhandled exception occurred while processing request POST /api/auth/login
System.UnauthorizedAccessException: Invalid email or password.
   at AssignmentManagement.Application.Services.AuthService.LoginAsync(LoginRequestDto request, CancellationToken cancellationToken) in C:\Users\Tarek\Desktop\assignment\src\AssignmentManagement.Application\Services\AuthService.cs:line 37
   at AssignmentManagement.Api.Controllers.AuthController.Login(LoginRequestDto request, CancellationToken cancellationToken) in C:\Users\Tarek\Desktop\assignment\src\AssignmentManagement.Api\Controllers\AuthController.cs:line 21
   at lambda_method808(Closure, Object)
   at Microsoft.AspNetCore.Mvc.Infrastructure.ActionMethodExecutor.AwaitableObjectResultExecutor.Execute(ActionContext actionContext, IActionResultTypeMapper mapper, ObjectMethodExecutor executor, Object controller, Object[] arguments)
   at Microsoft.AspNetCore.Mvc.Infrastructure.ControllerActionInvoker.<InvokeActionMethodAsync>g__Awaited|12_0(ControllerActionInvoker invoker, ValueTask`1 actionResultValueTask)
   at Microsoft.AspNetCore.Mvc.Infrastructure.ControllerActionInvoker.<InvokeNextActionFilterAsync>g__Awaited|10_0(ControllerActionInvoker invoker, Task lastTask, State next, Scope scope, Object state, Boolean isCompleted)
   at Microsoft.AspNetCore.Mvc.Infrastructure.ControllerActionInvoker.Rethrow(ActionExecutedContextSealed context)
   at Microsoft.AspNetCore.Mvc.Infrastructure.ControllerActionInvoker.Next(State& next, Scope& scope, Object& state, Boolean& isCompleted)
   at Microsoft.AspNetCore.Mvc.Infrastructure.ControllerActionInvoker.<InvokeInnerFilterAsync>g__Awaited|13_0(ControllerActionInvoker invoker, Task lastTask, State next, Scope scope, Object state, Boolean isCompleted)
   at Microsoft.AspNetCore.Mvc.Infrastructure.ResourceInvoker.<InvokeFilterPipelineAsync>g__Awaited|20_0(ResourceInvoker invoker, Task lastTask, State next, Scope scope, Object state, Boolean isCompleted)
   at Microsoft.AspNetCore.Mvc.Infrastructure.ResourceInvoker.<InvokeAsync>g__Awaited|17_0(ResourceInvoker invoker, Task task, IDisposable scope)
   at Microsoft.AspNetCore.Mvc.Infrastructure.ResourceInvoker.<InvokeAsync>g__Awaited|17_0(ResourceInvoker invoker, Task task, IDisposable scope)
   at Microsoft.AspNetCore.Authorization.AuthorizationMiddleware.Invoke(HttpContext context)
   at Microsoft.AspNetCore.Authentication.AuthenticationMiddleware.Invoke(HttpContext context)
   at AssignmentManagement.Api.Middleware.ExceptionMiddleware.InvokeAsync(HttpContext context) in C:\Users\Tarek\Desktop\assignment\src\AssignmentManagement.Api\Middleware\ExceptionMiddleware.cs:line 23
2026-08-05 11:42:35.470 +06:00 [WRN] [AssignmentManagement.Application.Services.AuthService] Failed login attempt for email teacher1@school.edu.bd
2026-08-05 11:42:35.471 +06:00 [ERR] [AssignmentManagement.Api.Middleware.ExceptionMiddleware] Unhandled exception occurred while processing request POST /api/auth/login
System.UnauthorizedAccessException: Invalid email or password.
   at AssignmentManagement.Application.Services.AuthService.LoginAsync(LoginRequestDto request, CancellationToken cancellationToken) in C:\Users\Tarek\Desktop\assignment\src\AssignmentManagement.Application\Services\AuthService.cs:line 37
   at AssignmentManagement.Api.Controllers.AuthController.Login(LoginRequestDto request, CancellationToken cancellationToken) in C:\Users\Tarek\Desktop\assignment\src\AssignmentManagement.Api\Controllers\AuthController.cs:line 21
   at lambda_method808(Closure, Object)
   at Microsoft.AspNetCore.Mvc.Infrastructure.ActionMethodExecutor.AwaitableObjectResultExecutor.Execute(ActionContext actionContext, IActionResultTypeMapper mapper, ObjectMethodExecutor executor, Object controller, Object[] arguments)
   at Microsoft.AspNetCore.Mvc.Infrastructure.ControllerActionInvoker.<InvokeActionMethodAsync>g__Awaited|12_0(ControllerActionInvoker invoker, ValueTask`1 actionResultValueTask)
   at Microsoft.AspNetCore.Mvc.Infrastructure.ControllerActionInvoker.<InvokeNextActionFilterAsync>g__Awaited|10_0(ControllerActionInvoker invoker, Task lastTask, State next, Scope scope, Object state, Boolean isCompleted)
   at Microsoft.AspNetCore.Mvc.Infrastructure.ControllerActionInvoker.Rethrow(ActionExecutedContextSealed context)
   at Microsoft.AspNetCore.Mvc.Infrastructure.ControllerActionInvoker.Next(State& next, Scope& scope, Object& state, Boolean& isCompleted)
   at Microsoft.AspNetCore.Mvc.Infrastructure.ControllerActionInvoker.<InvokeInnerFilterAsync>g__Awaited|13_0(ControllerActionInvoker invoker, Task lastTask, State next, Scope scope, Object state, Boolean isCompleted)
   at Microsoft.AspNetCore.Mvc.Infrastructure.ResourceInvoker.<InvokeFilterPipelineAsync>g__Awaited|20_0(ResourceInvoker invoker, Task lastTask, State next, Scope scope, Object state, Boolean isCompleted)
   at Microsoft.AspNetCore.Mvc.Infrastructure.ResourceInvoker.<InvokeAsync>g__Awaited|17_0(ResourceInvoker invoker, Task task, IDisposable scope)
   at Microsoft.AspNetCore.Mvc.Infrastructure.ResourceInvoker.<InvokeAsync>g__Awaited|17_0(ResourceInvoker invoker, Task task, IDisposable scope)
   at Microsoft.AspNetCore.Authorization.AuthorizationMiddleware.Invoke(HttpContext context)
   at Microsoft.AspNetCore.Authentication.AuthenticationMiddleware.Invoke(HttpContext context)
   at AssignmentManagement.Api.Middleware.ExceptionMiddleware.InvokeAsync(HttpContext context) in C:\Users\Tarek\Desktop\assignment\src\AssignmentManagement.Api\Middleware\ExceptionMiddleware.cs:line 23
2026-08-05 11:42:50.696 +06:00 [INF] [AssignmentManagement.Application.Services.AuthService] User 16 (teacher15@school.edu.bd) logged in successfully with role "Teacher"
2026-08-05 11:43:47.681 +06:00 [ERR] [AssignmentManagement.Api.Middleware.ExceptionMiddleware] Unhandled exception occurred while processing request POST /api/assignments
FluentValidation.AsyncValidatorInvokedSynchronouslyException: Validator "CreateAssignmentRequestDtoValidator" can't be used with ASP.NET automatic validation as it contains asynchronous rules. ASP.NET's validation pipeline is not asynchronous and can't invoke asynchronous rules. Remove the asynchronous rules in order for this validator to run.
   at FluentValidation.AbstractValidator`1.Validate(ValidationContext`1 context) in /_/src/FluentValidation/AbstractValidator.cs:line 207
   at FluentValidation.AbstractValidator`1.FluentValidation.IValidator.Validate(IValidationContext context) in /_/src/FluentValidation/AbstractValidator.cs:line 153
   at FluentValidation.AspNetCore.FluentValidationModelValidator.Validate(ModelValidationContext mvContext) in /_/src/FluentValidation.AspNetCore/FluentValidationModelValidatorProvider.cs:line 150
   at Microsoft.AspNetCore.Mvc.ModelBinding.Validation.ValidationVisitor.ValidateNode()
   at Microsoft.AspNetCore.Mvc.ModelBinding.Validation.ValidationVisitor.VisitComplexType(IValidationStrategy defaultStrategy)
   at Microsoft.AspNetCore.Mvc.ModelBinding.Validation.ValidationVisitor.VisitImplementation(ModelMetadata& metadata, String& key, Object model)
   at Microsoft.AspNetCore.Mvc.ModelBinding.Validation.ValidationVisitor.Visit(ModelMetadata metadata, String key, Object model)
   at FluentValidation.AspNetCore.FluentValidationVisitor.<>n__1(ModelMetadata metadata, String key, Object model, Boolean alwaysValidateAtTopLevel, Object container)
   at FluentValidation.AspNetCore.FluentValidationVisitor.<>c__DisplayClass2_0.<Validate>g__BaseValidate|0() in /_/src/FluentValidation.AspNetCore/FluentValidationVisitor.cs:line 45
   at FluentValidation.AspNetCore.FluentValidationVisitor.ValidateInternal(ModelMetadata metadata, String key, Object model, Func`1 continuation) in /_/src/FluentValidation.AspNetCore/FluentValidationVisitor.cs:line 63
   at FluentValidation.AspNetCore.FluentValidationVisitor.Validate(ModelMetadata metadata, String key, Object model, Boolean alwaysValidateAtTopLevel, Object container) in /_/src/FluentValidation.AspNetCore/FluentValidationVisitor.cs:line 47
   at Microsoft.AspNetCore.Mvc.ModelBinding.ObjectModelValidator.Validate(ActionContext actionContext, ValidationStateDictionary validationState, String prefix, Object model, ModelMetadata metadata, Object container)
   at Microsoft.AspNetCore.Mvc.ModelBinding.ParameterBinder.EnforceBindRequiredAndValidate(ObjectModelValidator baseObjectValidator, ActionContext actionContext, ParameterDescriptor parameter, ModelMetadata metadata, ModelBindingContext modelBindingContext, ModelBindingResult modelBindingResult, Object container)
   at Microsoft.AspNetCore.Mvc.ModelBinding.ParameterBinder.BindModelAsync(ActionContext actionContext, IModelBinder modelBinder, IValueProvider valueProvider, ParameterDescriptor parameter, ModelMetadata metadata, Object value, Object container)
   at Microsoft.AspNetCore.Mvc.Controllers.ControllerBinderDelegateProvider.<>c__DisplayClass0_0.<<CreateBinderDelegate>g__Bind|0>d.MoveNext()
--- End of stack trace from previous location ---
   at Microsoft.AspNetCore.Mvc.Infrastructure.ControllerActionInvoker.<InvokeInnerFilterAsync>g__Awaited|13_0(ControllerActionInvoker invoker, Task lastTask, State next, Scope scope, Object state, Boolean isCompleted)
   at Microsoft.AspNetCore.Mvc.Infrastructure.ResourceInvoker.<InvokeFilterPipelineAsync>g__Awaited|20_0(ResourceInvoker invoker, Task lastTask, State next, Scope scope, Object state, Boolean isCompleted)
   at Microsoft.AspNetCore.Mvc.Infrastructure.ResourceInvoker.<InvokeAsync>g__Awaited|17_0(ResourceInvoker invoker, Task task, IDisposable scope)
   at Microsoft.AspNetCore.Mvc.Infrastructure.ResourceInvoker.<InvokeAsync>g__Awaited|17_0(ResourceInvoker invoker, Task task, IDisposable scope)
   at Microsoft.AspNetCore.Authorization.AuthorizationMiddleware.Invoke(HttpContext context)
   at Microsoft.AspNetCore.Authentication.AuthenticationMiddleware.Invoke(HttpContext context)
   at AssignmentManagement.Api.Middleware.ExceptionMiddleware.InvokeAsync(HttpContext context) in C:\Users\Tarek\Desktop\assignment\src\AssignmentManagement.Api\Middleware\ExceptionMiddleware.cs:line 23
2026-08-05 11:44:20.641 +06:00 [INF] [AssignmentManagement.Application.Services.AuthService] User 16 (teacher15@school.edu.bd) logged out
2026-08-05 11:44:26.038 +06:00 [WRN] [AssignmentManagement.Application.Services.AuthService] Failed login attempt for email student1@school.edu.bd
2026-08-05 11:44:26.038 +06:00 [ERR] [AssignmentManagement.Api.Middleware.ExceptionMiddleware] Unhandled exception occurred while processing request POST /api/auth/login
System.UnauthorizedAccessException: Invalid email or password.
   at AssignmentManagement.Application.Services.AuthService.LoginAsync(LoginRequestDto request, CancellationToken cancellationToken) in C:\Users\Tarek\Desktop\assignment\src\AssignmentManagement.Application\Services\AuthService.cs:line 37
   at AssignmentManagement.Api.Controllers.AuthController.Login(LoginRequestDto request, CancellationToken cancellationToken) in C:\Users\Tarek\Desktop\assignment\src\AssignmentManagement.Api\Controllers\AuthController.cs:line 21
   at lambda_method808(Closure, Object)
   at Microsoft.AspNetCore.Mvc.Infrastructure.ActionMethodExecutor.AwaitableObjectResultExecutor.Execute(ActionContext actionContext, IActionResultTypeMapper mapper, ObjectMethodExecutor executor, Object controller, Object[] arguments)
   at Microsoft.AspNetCore.Mvc.Infrastructure.ControllerActionInvoker.<InvokeActionMethodAsync>g__Awaited|12_0(ControllerActionInvoker invoker, ValueTask`1 actionResultValueTask)
   at Microsoft.AspNetCore.Mvc.Infrastructure.ControllerActionInvoker.<InvokeNextActionFilterAsync>g__Awaited|10_0(ControllerActionInvoker invoker, Task lastTask, State next, Scope scope, Object state, Boolean isCompleted)
   at Microsoft.AspNetCore.Mvc.Infrastructure.ControllerActionInvoker.Rethrow(ActionExecutedContextSealed context)
   at Microsoft.AspNetCore.Mvc.Infrastructure.ControllerActionInvoker.Next(State& next, Scope& scope, Object& state, Boolean& isCompleted)
   at Microsoft.AspNetCore.Mvc.Infrastructure.ControllerActionInvoker.<InvokeInnerFilterAsync>g__Awaited|13_0(ControllerActionInvoker invoker, Task lastTask, State next, Scope scope, Object state, Boolean isCompleted)
   at Microsoft.AspNetCore.Mvc.Infrastructure.ResourceInvoker.<InvokeFilterPipelineAsync>g__Awaited|20_0(ResourceInvoker invoker, Task lastTask, State next, Scope scope, Object state, Boolean isCompleted)
   at Microsoft.AspNetCore.Mvc.Infrastructure.ResourceInvoker.<InvokeAsync>g__Awaited|17_0(ResourceInvoker invoker, Task task, IDisposable scope)
   at Microsoft.AspNetCore.Mvc.Infrastructure.ResourceInvoker.<InvokeAsync>g__Awaited|17_0(ResourceInvoker invoker, Task task, IDisposable scope)
   at Microsoft.AspNetCore.Authorization.AuthorizationMiddleware.Invoke(HttpContext context)
   at Microsoft.AspNetCore.Authentication.AuthenticationMiddleware.Invoke(HttpContext context)
   at AssignmentManagement.Api.Middleware.ExceptionMiddleware.InvokeAsync(HttpContext context) in C:\Users\Tarek\Desktop\assignment\src\AssignmentManagement.Api\Middleware\ExceptionMiddleware.cs:line 23
2026-08-05 11:44:30.821 +06:00 [WRN] [AssignmentManagement.Application.Services.AuthService] Failed login attempt for email student1@school.edu.bd
2026-08-05 11:44:30.822 +06:00 [ERR] [AssignmentManagement.Api.Middleware.ExceptionMiddleware] Unhandled exception occurred while processing request POST /api/auth/login
System.UnauthorizedAccessException: Invalid email or password.
   at AssignmentManagement.Application.Services.AuthService.LoginAsync(LoginRequestDto request, CancellationToken cancellationToken) in C:\Users\Tarek\Desktop\assignment\src\AssignmentManagement.Application\Services\AuthService.cs:line 37
   at AssignmentManagement.Api.Controllers.AuthController.Login(LoginRequestDto request, CancellationToken cancellationToken) in C:\Users\Tarek\Desktop\assignment\src\AssignmentManagement.Api\Controllers\AuthController.cs:line 21
   at lambda_method808(Closure, Object)
   at Microsoft.AspNetCore.Mvc.Infrastructure.ActionMethodExecutor.AwaitableObjectResultExecutor.Execute(ActionContext actionContext, IActionResultTypeMapper mapper, ObjectMethodExecutor executor, Object controller, Object[] arguments)
   at Microsoft.AspNetCore.Mvc.Infrastructure.ControllerActionInvoker.<InvokeActionMethodAsync>g__Awaited|12_0(ControllerActionInvoker invoker, ValueTask`1 actionResultValueTask)
   at Microsoft.AspNetCore.Mvc.Infrastructure.ControllerActionInvoker.<InvokeNextActionFilterAsync>g__Awaited|10_0(ControllerActionInvoker invoker, Task lastTask, State next, Scope scope, Object state, Boolean isCompleted)
   at Microsoft.AspNetCore.Mvc.Infrastructure.ControllerActionInvoker.Rethrow(ActionExecutedContextSealed context)
   at Microsoft.AspNetCore.Mvc.Infrastructure.ControllerActionInvoker.Next(State& next, Scope& scope, Object& state, Boolean& isCompleted)
   at Microsoft.AspNetCore.Mvc.Infrastructure.ControllerActionInvoker.<InvokeInnerFilterAsync>g__Awaited|13_0(ControllerActionInvoker invoker, Task lastTask, State next, Scope scope, Object state, Boolean isCompleted)
   at Microsoft.AspNetCore.Mvc.Infrastructure.ResourceInvoker.<InvokeFilterPipelineAsync>g__Awaited|20_0(ResourceInvoker invoker, Task lastTask, State next, Scope scope, Object state, Boolean isCompleted)
   at Microsoft.AspNetCore.Mvc.Infrastructure.ResourceInvoker.<InvokeAsync>g__Awaited|17_0(ResourceInvoker invoker, Task task, IDisposable scope)
   at Microsoft.AspNetCore.Mvc.Infrastructure.ResourceInvoker.<InvokeAsync>g__Awaited|17_0(ResourceInvoker invoker, Task task, IDisposable scope)
   at Microsoft.AspNetCore.Authorization.AuthorizationMiddleware.Invoke(HttpContext context)
   at Microsoft.AspNetCore.Authentication.AuthenticationMiddleware.Invoke(HttpContext context)
   at AssignmentManagement.Api.Middleware.ExceptionMiddleware.InvokeAsync(HttpContext context) in C:\Users\Tarek\Desktop\assignment\src\AssignmentManagement.Api\Middleware\ExceptionMiddleware.cs:line 23
2026-08-05 11:44:33.006 +06:00 [WRN] [AssignmentManagement.Application.Services.AuthService] Failed login attempt for email student1@school.edu.bd
2026-08-05 11:44:33.007 +06:00 [ERR] [AssignmentManagement.Api.Middleware.ExceptionMiddleware] Unhandled exception occurred while processing request POST /api/auth/login
System.UnauthorizedAccessException: Invalid email or password.
   at AssignmentManagement.Application.Services.AuthService.LoginAsync(LoginRequestDto request, CancellationToken cancellationToken) in C:\Users\Tarek\Desktop\assignment\src\AssignmentManagement.Application\Services\AuthService.cs:line 37
   at AssignmentManagement.Api.Controllers.AuthController.Login(LoginRequestDto request, CancellationToken cancellationToken) in C:\Users\Tarek\Desktop\assignment\src\AssignmentManagement.Api\Controllers\AuthController.cs:line 21
   at lambda_method808(Closure, Object)
   at Microsoft.AspNetCore.Mvc.Infrastructure.ActionMethodExecutor.AwaitableObjectResultExecutor.Execute(ActionContext actionContext, IActionResultTypeMapper mapper, ObjectMethodExecutor executor, Object controller, Object[] arguments)
   at Microsoft.AspNetCore.Mvc.Infrastructure.ControllerActionInvoker.<InvokeActionMethodAsync>g__Awaited|12_0(ControllerActionInvoker invoker, ValueTask`1 actionResultValueTask)
   at Microsoft.AspNetCore.Mvc.Infrastructure.ControllerActionInvoker.<InvokeNextActionFilterAsync>g__Awaited|10_0(ControllerActionInvoker invoker, Task lastTask, State next, Scope scope, Object state, Boolean isCompleted)
   at Microsoft.AspNetCore.Mvc.Infrastructure.ControllerActionInvoker.Rethrow(ActionExecutedContextSealed context)
   at Microsoft.AspNetCore.Mvc.Infrastructure.ControllerActionInvoker.Next(State& next, Scope& scope, Object& state, Boolean& isCompleted)
   at Microsoft.AspNetCore.Mvc.Infrastructure.ControllerActionInvoker.<InvokeInnerFilterAsync>g__Awaited|13_0(ControllerActionInvoker invoker, Task lastTask, State next, Scope scope, Object state, Boolean isCompleted)
   at Microsoft.AspNetCore.Mvc.Infrastructure.ResourceInvoker.<InvokeFilterPipelineAsync>g__Awaited|20_0(ResourceInvoker invoker, Task lastTask, State next, Scope scope, Object state, Boolean isCompleted)
   at Microsoft.AspNetCore.Mvc.Infrastructure.ResourceInvoker.<InvokeAsync>g__Awaited|17_0(ResourceInvoker invoker, Task task, IDisposable scope)
   at Microsoft.AspNetCore.Mvc.Infrastructure.ResourceInvoker.<InvokeAsync>g__Awaited|17_0(ResourceInvoker invoker, Task task, IDisposable scope)
   at Microsoft.AspNetCore.Authorization.AuthorizationMiddleware.Invoke(HttpContext context)
   at Microsoft.AspNetCore.Authentication.AuthenticationMiddleware.Invoke(HttpContext context)
   at AssignmentManagement.Api.Middleware.ExceptionMiddleware.InvokeAsync(HttpContext context) in C:\Users\Tarek\Desktop\assignment\src\AssignmentManagement.Api\Middleware\ExceptionMiddleware.cs:line 23
2026-08-05 11:44:35.536 +06:00 [INF] [AssignmentManagement.Application.Services.AuthService] User 36 (student20@school.edu.bd) logged in successfully with role "Student"
2026-08-05 11:44:50.388 +06:00 [INF] [AssignmentManagement.Application.Services.AuthService] User 36 (student20@school.edu.bd) logged out
2026-08-05 11:44:54.492 +06:00 [INF] [AssignmentManagement.Application.Services.AuthService] User 1 (admin@example.com) logged in successfully with role "Admin"
2026-08-05 11:52:59.841 +06:00 [INF] [Microsoft.Hosting.Lifetime] Now listening on: http://localhost:5000
2026-08-05 11:52:59.866 +06:00 [INF] [Microsoft.Hosting.Lifetime] Application started. Press Ctrl+C to shut down.
2026-08-05 11:52:59.866 +06:00 [INF] [Microsoft.Hosting.Lifetime] Hosting environment: Production
2026-08-05 11:52:59.866 +06:00 [INF] [Microsoft.Hosting.Lifetime] Content root path: C:\Users\Tarek\Desktop\assignment\src\AssignmentManagement.Api
2026-08-05 11:53:08.054 +06:00 [WRN] [Microsoft.AspNetCore.HttpsPolicy.HttpsRedirectionMiddleware] Failed to determine the https port for redirect.
2026-08-05 11:59:16.967 +06:00 [INF] [Microsoft.Hosting.Lifetime] Now listening on: http://localhost:5000
2026-08-05 11:59:16.992 +06:00 [INF] [Microsoft.Hosting.Lifetime] Application started. Press Ctrl+C to shut down.
2026-08-05 11:59:16.992 +06:00 [INF] [Microsoft.Hosting.Lifetime] Hosting environment: Production
2026-08-05 11:59:16.992 +06:00 [INF] [Microsoft.Hosting.Lifetime] Content root path: C:\Users\Tarek\Desktop\assignment\src\AssignmentManagement.Api
2026-08-05 11:59:18.737 +06:00 [WRN] [Microsoft.AspNetCore.HttpsPolicy.HttpsRedirectionMiddleware] Failed to determine the https port for redirect.
2026-08-05 12:12:45.179 +06:00 [INF] [Microsoft.Hosting.Lifetime] Now listening on: http://localhost:5000
2026-08-05 12:12:45.212 +06:00 [INF] [Microsoft.Hosting.Lifetime] Application started. Press Ctrl+C to shut down.
2026-08-05 12:12:45.212 +06:00 [INF] [Microsoft.Hosting.Lifetime] Hosting environment: Production
2026-08-05 12:12:45.212 +06:00 [INF] [Microsoft.Hosting.Lifetime] Content root path: C:\Users\Tarek\Desktop\assignment\src\AssignmentManagement.Api
2026-08-05 12:13:30.697 +06:00 [WRN] [Microsoft.AspNetCore.HttpsPolicy.HttpsRedirectionMiddleware] Failed to determine the https port for redirect.
2026-08-05 12:16:09.611 +06:00 [INF] [AssignmentManagement.Application.Services.AuthService] User 1 (admin@example.com) logged out
2026-08-05 12:16:18.961 +06:00 [WRN] [AssignmentManagement.Application.Services.AuthService] Failed login attempt for email student15@example.com
2026-08-05 12:16:18.962 +06:00 [ERR] [AssignmentManagement.Api.Middleware.ExceptionMiddleware] Unhandled exception occurred while processing request POST /api/auth/login
System.UnauthorizedAccessException: Invalid email or password.
   at AssignmentManagement.Application.Services.AuthService.LoginAsync(LoginRequestDto request, CancellationToken cancellationToken) in C:\Users\Tarek\Desktop\assignment\src\AssignmentManagement.Application\Services\AuthService.cs:line 37
   at AssignmentManagement.Api.Controllers.AuthController.Login(LoginRequestDto request, CancellationToken cancellationToken) in C:\Users\Tarek\Desktop\assignment\src\AssignmentManagement.Api\Controllers\AuthController.cs:line 21
   at lambda_method945(Closure, Object)
   at Microsoft.AspNetCore.Mvc.Infrastructure.ActionMethodExecutor.AwaitableObjectResultExecutor.Execute(ActionContext actionContext, IActionResultTypeMapper mapper, ObjectMethodExecutor executor, Object controller, Object[] arguments)
   at Microsoft.AspNetCore.Mvc.Infrastructure.ControllerActionInvoker.<InvokeActionMethodAsync>g__Awaited|12_0(ControllerActionInvoker invoker, ValueTask`1 actionResultValueTask)
   at Microsoft.AspNetCore.Mvc.Infrastructure.ControllerActionInvoker.<InvokeNextActionFilterAsync>g__Awaited|10_0(ControllerActionInvoker invoker, Task lastTask, State next, Scope scope, Object state, Boolean isCompleted)
   at Microsoft.AspNetCore.Mvc.Infrastructure.ControllerActionInvoker.Rethrow(ActionExecutedContextSealed context)
   at Microsoft.AspNetCore.Mvc.Infrastructure.ControllerActionInvoker.Next(State& next, Scope& scope, Object& state, Boolean& isCompleted)
   at Microsoft.AspNetCore.Mvc.Infrastructure.ControllerActionInvoker.<InvokeInnerFilterAsync>g__Awaited|13_0(ControllerActionInvoker invoker, Task lastTask, State next, Scope scope, Object state, Boolean isCompleted)
   at Microsoft.AspNetCore.Mvc.Infrastructure.ResourceInvoker.<InvokeFilterPipelineAsync>g__Awaited|20_0(ResourceInvoker invoker, Task lastTask, State next, Scope scope, Object state, Boolean isCompleted)
   at Microsoft.AspNetCore.Mvc.Infrastructure.ResourceInvoker.<InvokeAsync>g__Awaited|17_0(ResourceInvoker invoker, Task task, IDisposable scope)
   at Microsoft.AspNetCore.Mvc.Infrastructure.ResourceInvoker.<InvokeAsync>g__Awaited|17_0(ResourceInvoker invoker, Task task, IDisposable scope)
   at Microsoft.AspNetCore.Authorization.AuthorizationMiddleware.Invoke(HttpContext context)
   at Microsoft.AspNetCore.Authentication.AuthenticationMiddleware.Invoke(HttpContext context)
   at AssignmentManagement.Api.Middleware.ExceptionMiddleware.InvokeAsync(HttpContext context) in C:\Users\Tarek\Desktop\assignment\src\AssignmentManagement.Api\Middleware\ExceptionMiddleware.cs:line 23
2026-08-05 12:16:29.853 +06:00 [INF] [AssignmentManagement.Application.Services.AuthService] User 31 (student15@school.edu.bd) logged in successfully with role "Student"
2026-08-05 12:23:39.612 +06:00 [INF] [Microsoft.Hosting.Lifetime] Now listening on: http://localhost:5000
2026-08-05 12:23:39.636 +06:00 [INF] [Microsoft.Hosting.Lifetime] Application started. Press Ctrl+C to shut down.
2026-08-05 12:23:39.636 +06:00 [INF] [Microsoft.Hosting.Lifetime] Hosting environment: Production
2026-08-05 12:23:39.636 +06:00 [INF] [Microsoft.Hosting.Lifetime] Content root path: C:\Users\Tarek\Desktop\assignment\src\AssignmentManagement.Api
2026-08-05 12:24:27.011 +06:00 [WRN] [Microsoft.AspNetCore.HttpsPolicy.HttpsRedirectionMiddleware] Failed to determine the https port for redirect.
2026-08-05 12:24:27.115 +06:00 [INF] [AssignmentManagement.Application.Services.AuthService] User 31 (student15@school.edu.bd) logged out
2026-08-05 12:24:29.365 +06:00 [INF] [AssignmentManagement.Application.Services.AuthService] User 1 (admin@example.com) logged in successfully with role "Admin"
2026-08-05 12:24:57.828 +06:00 [INF] [AssignmentManagement.Application.Services.AuthService] User 1 (admin@example.com) logged out
2026-08-05 12:24:58.990 +06:00 [INF] [AssignmentManagement.Application.Services.AuthService] User 1 (admin@example.com) logged in successfully with role "Admin"
2026-08-05 12:25:01.377 +06:00 [INF] [AssignmentManagement.Application.Services.AuthService] User 1 (admin@example.com) logged out
2026-08-05 12:25:04.087 +06:00 [WRN] [AssignmentManagement.Application.Services.AuthService] Failed login attempt for email tarek@gmail.com
2026-08-05 12:25:04.089 +06:00 [ERR] [AssignmentManagement.Api.Middleware.ExceptionMiddleware] Unhandled exception occurred while processing request POST /api/auth/login
System.UnauthorizedAccessException: Invalid email or password.
   at AssignmentManagement.Application.Services.AuthService.LoginAsync(LoginRequestDto request, CancellationToken cancellationToken) in C:\Users\Tarek\Desktop\assignment\src\AssignmentManagement.Application\Services\AuthService.cs:line 37
   at AssignmentManagement.Api.Controllers.AuthController.Login(LoginRequestDto request, CancellationToken cancellationToken) in C:\Users\Tarek\Desktop\assignment\src\AssignmentManagement.Api\Controllers\AuthController.cs:line 21
   at lambda_method816(Closure, Object)
   at Microsoft.AspNetCore.Mvc.Infrastructure.ActionMethodExecutor.AwaitableObjectResultExecutor.Execute(ActionContext actionContext, IActionResultTypeMapper mapper, ObjectMethodExecutor executor, Object controller, Object[] arguments)
   at Microsoft.AspNetCore.Mvc.Infrastructure.ControllerActionInvoker.<InvokeActionMethodAsync>g__Awaited|12_0(ControllerActionInvoker invoker, ValueTask`1 actionResultValueTask)
   at Microsoft.AspNetCore.Mvc.Infrastructure.ControllerActionInvoker.<InvokeNextActionFilterAsync>g__Awaited|10_0(ControllerActionInvoker invoker, Task lastTask, State next, Scope scope, Object state, Boolean isCompleted)
   at Microsoft.AspNetCore.Mvc.Infrastructure.ControllerActionInvoker.Rethrow(ActionExecutedContextSealed context)
   at Microsoft.AspNetCore.Mvc.Infrastructure.ControllerActionInvoker.Next(State& next, Scope& scope, Object& state, Boolean& isCompleted)
   at Microsoft.AspNetCore.Mvc.Infrastructure.ControllerActionInvoker.<InvokeInnerFilterAsync>g__Awaited|13_0(ControllerActionInvoker invoker, Task lastTask, State next, Scope scope, Object state, Boolean isCompleted)
   at Microsoft.AspNetCore.Mvc.Infrastructure.ResourceInvoker.<InvokeFilterPipelineAsync>g__Awaited|20_0(ResourceInvoker invoker, Task lastTask, State next, Scope scope, Object state, Boolean isCompleted)
   at Microsoft.AspNetCore.Mvc.Infrastructure.ResourceInvoker.<InvokeAsync>g__Awaited|17_0(ResourceInvoker invoker, Task task, IDisposable scope)
   at Microsoft.AspNetCore.Mvc.Infrastructure.ResourceInvoker.<InvokeAsync>g__Awaited|17_0(ResourceInvoker invoker, Task task, IDisposable scope)
   at Microsoft.AspNetCore.Authorization.AuthorizationMiddleware.Invoke(HttpContext context)
   at Microsoft.AspNetCore.Authentication.AuthenticationMiddleware.Invoke(HttpContext context)
   at AssignmentManagement.Api.Middleware.ExceptionMiddleware.InvokeAsync(HttpContext context) in C:\Users\Tarek\Desktop\assignment\src\AssignmentManagement.Api\Middleware\ExceptionMiddleware.cs:line 23
2026-08-05 12:25:09.313 +06:00 [INF] [AssignmentManagement.Application.Services.AuthService] User 116 (student100@school.edu.bd) logged in successfully with role "Student"
2026-08-05 12:25:48.675 +06:00 [INF] [AssignmentManagement.Application.Services.AuthService] User 116 (student100@school.edu.bd) logged out
2026-08-05 12:25:52.010 +06:00 [INF] [AssignmentManagement.Application.Services.AuthService] User 31 (student15@school.edu.bd) logged in successfully with role "Student"
2026-08-05 12:28:02.658 +06:00 [INF] [AssignmentManagement.Application.Services.AuthService] User 31 (student15@school.edu.bd) logged out
2026-08-05 12:28:06.869 +06:00 [WRN] [AssignmentManagement.Application.Services.AuthService] Failed login attempt for email admin@school.edu.bd
2026-08-05 12:28:06.869 +06:00 [ERR] [AssignmentManagement.Api.Middleware.ExceptionMiddleware] Unhandled exception occurred while processing request POST /api/auth/login
System.UnauthorizedAccessException: Invalid email or password.
   at AssignmentManagement.Application.Services.AuthService.LoginAsync(LoginRequestDto request, CancellationToken cancellationToken) in C:\Users\Tarek\Desktop\assignment\src\AssignmentManagement.Application\Services\AuthService.cs:line 37
   at AssignmentManagement.Api.Controllers.AuthController.Login(LoginRequestDto request, CancellationToken cancellationToken) in C:\Users\Tarek\Desktop\assignment\src\AssignmentManagement.Api\Controllers\AuthController.cs:line 21
   at lambda_method816(Closure, Object)
   at Microsoft.AspNetCore.Mvc.Infrastructure.ActionMethodExecutor.AwaitableObjectResultExecutor.Execute(ActionContext actionContext, IActionResultTypeMapper mapper, ObjectMethodExecutor executor, Object controller, Object[] arguments)
   at Microsoft.AspNetCore.Mvc.Infrastructure.ControllerActionInvoker.<InvokeActionMethodAsync>g__Awaited|12_0(ControllerActionInvoker invoker, ValueTask`1 actionResultValueTask)
   at Microsoft.AspNetCore.Mvc.Infrastructure.ControllerActionInvoker.<InvokeNextActionFilterAsync>g__Awaited|10_0(ControllerActionInvoker invoker, Task lastTask, State next, Scope scope, Object state, Boolean isCompleted)
   at Microsoft.AspNetCore.Mvc.Infrastructure.ControllerActionInvoker.Rethrow(ActionExecutedContextSealed context)
   at Microsoft.AspNetCore.Mvc.Infrastructure.ControllerActionInvoker.Next(State& next, Scope& scope, Object& state, Boolean& isCompleted)
   at Microsoft.AspNetCore.Mvc.Infrastructure.ControllerActionInvoker.<InvokeInnerFilterAsync>g__Awaited|13_0(ControllerActionInvoker invoker, Task lastTask, State next, Scope scope, Object state, Boolean isCompleted)
   at Microsoft.AspNetCore.Mvc.Infrastructure.ResourceInvoker.<InvokeFilterPipelineAsync>g__Awaited|20_0(ResourceInvoker invoker, Task lastTask, State next, Scope scope, Object state, Boolean isCompleted)
   at Microsoft.AspNetCore.Mvc.Infrastructure.ResourceInvoker.<InvokeAsync>g__Awaited|17_0(ResourceInvoker invoker, Task task, IDisposable scope)
   at Microsoft.AspNetCore.Mvc.Infrastructure.ResourceInvoker.<InvokeAsync>g__Awaited|17_0(ResourceInvoker invoker, Task task, IDisposable scope)
   at Microsoft.AspNetCore.Authorization.AuthorizationMiddleware.Invoke(HttpContext context)
   at Microsoft.AspNetCore.Authentication.AuthenticationMiddleware.Invoke(HttpContext context)
   at AssignmentManagement.Api.Middleware.ExceptionMiddleware.InvokeAsync(HttpContext context) in C:\Users\Tarek\Desktop\assignment\src\AssignmentManagement.Api\Middleware\ExceptionMiddleware.cs:line 23
2026-08-05 12:28:08.194 +06:00 [WRN] [AssignmentManagement.Application.Services.AuthService] Failed login attempt for email admin1@school.edu.bd
2026-08-05 12:28:08.194 +06:00 [ERR] [AssignmentManagement.Api.Middleware.ExceptionMiddleware] Unhandled exception occurred while processing request POST /api/auth/login
System.UnauthorizedAccessException: Invalid email or password.
   at AssignmentManagement.Application.Services.AuthService.LoginAsync(LoginRequestDto request, CancellationToken cancellationToken) in C:\Users\Tarek\Desktop\assignment\src\AssignmentManagement.Application\Services\AuthService.cs:line 37
   at AssignmentManagement.Api.Controllers.AuthController.Login(LoginRequestDto request, CancellationToken cancellationToken) in C:\Users\Tarek\Desktop\assignment\src\AssignmentManagement.Api\Controllers\AuthController.cs:line 21
   at lambda_method816(Closure, Object)
   at Microsoft.AspNetCore.Mvc.Infrastructure.ActionMethodExecutor.AwaitableObjectResultExecutor.Execute(ActionContext actionContext, IActionResultTypeMapper mapper, ObjectMethodExecutor executor, Object controller, Object[] arguments)
   at Microsoft.AspNetCore.Mvc.Infrastructure.ControllerActionInvoker.<InvokeActionMethodAsync>g__Awaited|12_0(ControllerActionInvoker invoker, ValueTask`1 actionResultValueTask)
   at Microsoft.AspNetCore.Mvc.Infrastructure.ControllerActionInvoker.<InvokeNextActionFilterAsync>g__Awaited|10_0(ControllerActionInvoker invoker, Task lastTask, State next, Scope scope, Object state, Boolean isCompleted)
   at Microsoft.AspNetCore.Mvc.Infrastructure.ControllerActionInvoker.Rethrow(ActionExecutedContextSealed context)
   at Microsoft.AspNetCore.Mvc.Infrastructure.ControllerActionInvoker.Next(State& next, Scope& scope, Object& state, Boolean& isCompleted)
   at Microsoft.AspNetCore.Mvc.Infrastructure.ControllerActionInvoker.<InvokeInnerFilterAsync>g__Awaited|13_0(ControllerActionInvoker invoker, Task lastTask, State next, Scope scope, Object state, Boolean isCompleted)
   at Microsoft.AspNetCore.Mvc.Infrastructure.ResourceInvoker.<InvokeFilterPipelineAsync>g__Awaited|20_0(ResourceInvoker invoker, Task lastTask, State next, Scope scope, Object state, Boolean isCompleted)
   at Microsoft.AspNetCore.Mvc.Infrastructure.ResourceInvoker.<InvokeAsync>g__Awaited|17_0(ResourceInvoker invoker, Task task, IDisposable scope)
   at Microsoft.AspNetCore.Mvc.Infrastructure.ResourceInvoker.<InvokeAsync>g__Awaited|17_0(ResourceInvoker invoker, Task task, IDisposable scope)
   at Microsoft.AspNetCore.Authorization.AuthorizationMiddleware.Invoke(HttpContext context)
   at Microsoft.AspNetCore.Authentication.AuthenticationMiddleware.Invoke(HttpContext context)
   at AssignmentManagement.Api.Middleware.ExceptionMiddleware.InvokeAsync(HttpContext context) in C:\Users\Tarek\Desktop\assignment\src\AssignmentManagement.Api\Middleware\ExceptionMiddleware.cs:line 23
2026-08-05 12:28:12.956 +06:00 [WRN] [AssignmentManagement.Application.Services.AuthService] Failed login attempt for email admin2@school.edu.bd
2026-08-05 12:28:12.956 +06:00 [ERR] [AssignmentManagement.Api.Middleware.ExceptionMiddleware] Unhandled exception occurred while processing request POST /api/auth/login
System.UnauthorizedAccessException: Invalid email or password.
   at AssignmentManagement.Application.Services.AuthService.LoginAsync(LoginRequestDto request, CancellationToken cancellationToken) in C:\Users\Tarek\Desktop\assignment\src\AssignmentManagement.Application\Services\AuthService.cs:line 37
   at AssignmentManagement.Api.Controllers.AuthController.Login(LoginRequestDto request, CancellationToken cancellationToken) in C:\Users\Tarek\Desktop\assignment\src\AssignmentManagement.Api\Controllers\AuthController.cs:line 21
   at lambda_method816(Closure, Object)
   at Microsoft.AspNetCore.Mvc.Infrastructure.ActionMethodExecutor.AwaitableObjectResultExecutor.Execute(ActionContext actionContext, IActionResultTypeMapper mapper, ObjectMethodExecutor executor, Object controller, Object[] arguments)
   at Microsoft.AspNetCore.Mvc.Infrastructure.ControllerActionInvoker.<InvokeActionMethodAsync>g__Awaited|12_0(ControllerActionInvoker invoker, ValueTask`1 actionResultValueTask)
   at Microsoft.AspNetCore.Mvc.Infrastructure.ControllerActionInvoker.<InvokeNextActionFilterAsync>g__Awaited|10_0(ControllerActionInvoker invoker, Task lastTask, State next, Scope scope, Object state, Boolean isCompleted)
   at Microsoft.AspNetCore.Mvc.Infrastructure.ControllerActionInvoker.Rethrow(ActionExecutedContextSealed context)
   at Microsoft.AspNetCore.Mvc.Infrastructure.ControllerActionInvoker.Next(State& next, Scope& scope, Object& state, Boolean& isCompleted)
   at Microsoft.AspNetCore.Mvc.Infrastructure.ControllerActionInvoker.<InvokeInnerFilterAsync>g__Awaited|13_0(ControllerActionInvoker invoker, Task lastTask, State next, Scope scope, Object state, Boolean isCompleted)
   at Microsoft.AspNetCore.Mvc.Infrastructure.ResourceInvoker.<InvokeFilterPipelineAsync>g__Awaited|20_0(ResourceInvoker invoker, Task lastTask, State next, Scope scope, Object state, Boolean isCompleted)
   at Microsoft.AspNetCore.Mvc.Infrastructure.ResourceInvoker.<InvokeAsync>g__Awaited|17_0(ResourceInvoker invoker, Task task, IDisposable scope)
   at Microsoft.AspNetCore.Mvc.Infrastructure.ResourceInvoker.<InvokeAsync>g__Awaited|17_0(ResourceInvoker invoker, Task task, IDisposable scope)
   at Microsoft.AspNetCore.Authorization.AuthorizationMiddleware.Invoke(HttpContext context)
   at Microsoft.AspNetCore.Authentication.AuthenticationMiddleware.Invoke(HttpContext context)
   at AssignmentManagement.Api.Middleware.ExceptionMiddleware.InvokeAsync(HttpContext context) in C:\Users\Tarek\Desktop\assignment\src\AssignmentManagement.Api\Middleware\ExceptionMiddleware.cs:line 23
2026-08-05 12:28:13.635 +06:00 [WRN] [AssignmentManagement.Application.Services.AuthService] Failed login attempt for email admin@school.edu.bd
2026-08-05 12:28:13.636 +06:00 [ERR] [AssignmentManagement.Api.Middleware.ExceptionMiddleware] Unhandled exception occurred while processing request POST /api/auth/login
System.UnauthorizedAccessException: Invalid email or password.
   at AssignmentManagement.Application.Services.AuthService.LoginAsync(LoginRequestDto request, CancellationToken cancellationToken) in C:\Users\Tarek\Desktop\assignment\src\AssignmentManagement.Application\Services\AuthService.cs:line 37
   at AssignmentManagement.Api.Controllers.AuthController.Login(LoginRequestDto request, CancellationToken cancellationToken) in C:\Users\Tarek\Desktop\assignment\src\AssignmentManagement.Api\Controllers\AuthController.cs:line 21
   at lambda_method816(Closure, Object)
   at Microsoft.AspNetCore.Mvc.Infrastructure.ActionMethodExecutor.AwaitableObjectResultExecutor.Execute(ActionContext actionContext, IActionResultTypeMapper mapper, ObjectMethodExecutor executor, Object controller, Object[] arguments)
   at Microsoft.AspNetCore.Mvc.Infrastructure.ControllerActionInvoker.<InvokeActionMethodAsync>g__Awaited|12_0(ControllerActionInvoker invoker, ValueTask`1 actionResultValueTask)
   at Microsoft.AspNetCore.Mvc.Infrastructure.ControllerActionInvoker.<InvokeNextActionFilterAsync>g__Awaited|10_0(ControllerActionInvoker invoker, Task lastTask, State next, Scope scope, Object state, Boolean isCompleted)
   at Microsoft.AspNetCore.Mvc.Infrastructure.ControllerActionInvoker.Rethrow(ActionExecutedContextSealed context)
   at Microsoft.AspNetCore.Mvc.Infrastructure.ControllerActionInvoker.Next(State& next, Scope& scope, Object& state, Boolean& isCompleted)
   at Microsoft.AspNetCore.Mvc.Infrastructure.ControllerActionInvoker.<InvokeInnerFilterAsync>g__Awaited|13_0(ControllerActionInvoker invoker, Task lastTask, State next, Scope scope, Object state, Boolean isCompleted)
   at Microsoft.AspNetCore.Mvc.Infrastructure.ResourceInvoker.<InvokeFilterPipelineAsync>g__Awaited|20_0(ResourceInvoker invoker, Task lastTask, State next, Scope scope, Object state, Boolean isCompleted)
   at Microsoft.AspNetCore.Mvc.Infrastructure.ResourceInvoker.<InvokeAsync>g__Awaited|17_0(ResourceInvoker invoker, Task task, IDisposable scope)
   at Microsoft.AspNetCore.Mvc.Infrastructure.ResourceInvoker.<InvokeAsync>g__Awaited|17_0(ResourceInvoker invoker, Task task, IDisposable scope)
   at Microsoft.AspNetCore.Authorization.AuthorizationMiddleware.Invoke(HttpContext context)
   at Microsoft.AspNetCore.Authentication.AuthenticationMiddleware.Invoke(HttpContext context)
   at AssignmentManagement.Api.Middleware.ExceptionMiddleware.InvokeAsync(HttpContext context) in C:\Users\Tarek\Desktop\assignment\src\AssignmentManagement.Api\Middleware\ExceptionMiddleware.cs:line 23
2026-08-05 12:28:31.436 +06:00 [WRN] [AssignmentManagement.Application.Services.AuthService] Failed login attempt for email admin@school.edu.bd
2026-08-05 12:28:31.437 +06:00 [ERR] [AssignmentManagement.Api.Middleware.ExceptionMiddleware] Unhandled exception occurred while processing request POST /api/auth/login
System.UnauthorizedAccessException: Invalid email or password.
   at AssignmentManagement.Application.Services.AuthService.LoginAsync(LoginRequestDto request, CancellationToken cancellationToken) in C:\Users\Tarek\Desktop\assignment\src\AssignmentManagement.Application\Services\AuthService.cs:line 37
   at AssignmentManagement.Api.Controllers.AuthController.Login(LoginRequestDto request, CancellationToken cancellationToken) in C:\Users\Tarek\Desktop\assignment\src\AssignmentManagement.Api\Controllers\AuthController.cs:line 21
   at lambda_method816(Closure, Object)
   at Microsoft.AspNetCore.Mvc.Infrastructure.ActionMethodExecutor.AwaitableObjectResultExecutor.Execute(ActionContext actionContext, IActionResultTypeMapper mapper, ObjectMethodExecutor executor, Object controller, Object[] arguments)
   at Microsoft.AspNetCore.Mvc.Infrastructure.ControllerActionInvoker.<InvokeActionMethodAsync>g__Awaited|12_0(ControllerActionInvoker invoker, ValueTask`1 actionResultValueTask)
   at Microsoft.AspNetCore.Mvc.Infrastructure.ControllerActionInvoker.<InvokeNextActionFilterAsync>g__Awaited|10_0(ControllerActionInvoker invoker, Task lastTask, State next, Scope scope, Object state, Boolean isCompleted)
   at Microsoft.AspNetCore.Mvc.Infrastructure.ControllerActionInvoker.Rethrow(ActionExecutedContextSealed context)
   at Microsoft.AspNetCore.Mvc.Infrastructure.ControllerActionInvoker.Next(State& next, Scope& scope, Object& state, Boolean& isCompleted)
   at Microsoft.AspNetCore.Mvc.Infrastructure.ControllerActionInvoker.<InvokeInnerFilterAsync>g__Awaited|13_0(ControllerActionInvoker invoker, Task lastTask, State next, Scope scope, Object state, Boolean isCompleted)
   at Microsoft.AspNetCore.Mvc.Infrastructure.ResourceInvoker.<InvokeFilterPipelineAsync>g__Awaited|20_0(ResourceInvoker invoker, Task lastTask, State next, Scope scope, Object state, Boolean isCompleted)
   at Microsoft.AspNetCore.Mvc.Infrastructure.ResourceInvoker.<InvokeAsync>g__Awaited|17_0(ResourceInvoker invoker, Task task, IDisposable scope)
   at Microsoft.AspNetCore.Mvc.Infrastructure.ResourceInvoker.<InvokeAsync>g__Awaited|17_0(ResourceInvoker invoker, Task task, IDisposable scope)
   at Microsoft.AspNetCore.Authorization.AuthorizationMiddleware.Invoke(HttpContext context)
   at Microsoft.AspNetCore.Authentication.AuthenticationMiddleware.Invoke(HttpContext context)
   at AssignmentManagement.Api.Middleware.ExceptionMiddleware.InvokeAsync(HttpContext context) in C:\Users\Tarek\Desktop\assignment\src\AssignmentManagement.Api\Middleware\ExceptionMiddleware.cs:line 23
2026-08-05 12:28:42.355 +06:00 [WRN] [AssignmentManagement.Application.Services.AuthService] Failed login attempt for email admin@school.edu.bd
2026-08-05 12:28:42.356 +06:00 [ERR] [AssignmentManagement.Api.Middleware.ExceptionMiddleware] Unhandled exception occurred while processing request POST /api/auth/login
System.UnauthorizedAccessException: Invalid email or password.
   at AssignmentManagement.Application.Services.AuthService.LoginAsync(LoginRequestDto request, CancellationToken cancellationToken) in C:\Users\Tarek\Desktop\assignment\src\AssignmentManagement.Application\Services\AuthService.cs:line 37
   at AssignmentManagement.Api.Controllers.AuthController.Login(LoginRequestDto request, CancellationToken cancellationToken) in C:\Users\Tarek\Desktop\assignment\src\AssignmentManagement.Api\Controllers\AuthController.cs:line 21
   at lambda_method816(Closure, Object)
   at Microsoft.AspNetCore.Mvc.Infrastructure.ActionMethodExecutor.AwaitableObjectResultExecutor.Execute(ActionContext actionContext, IActionResultTypeMapper mapper, ObjectMethodExecutor executor, Object controller, Object[] arguments)
   at Microsoft.AspNetCore.Mvc.Infrastructure.ControllerActionInvoker.<InvokeActionMethodAsync>g__Awaited|12_0(ControllerActionInvoker invoker, ValueTask`1 actionResultValueTask)
   at Microsoft.AspNetCore.Mvc.Infrastructure.ControllerActionInvoker.<InvokeNextActionFilterAsync>g__Awaited|10_0(ControllerActionInvoker invoker, Task lastTask, State next, Scope scope, Object state, Boolean isCompleted)
   at Microsoft.AspNetCore.Mvc.Infrastructure.ControllerActionInvoker.Rethrow(ActionExecutedContextSealed context)
   at Microsoft.AspNetCore.Mvc.Infrastructure.ControllerActionInvoker.Next(State& next, Scope& scope, Object& state, Boolean& isCompleted)
   at Microsoft.AspNetCore.Mvc.Infrastructure.ControllerActionInvoker.<InvokeInnerFilterAsync>g__Awaited|13_0(ControllerActionInvoker invoker, Task lastTask, State next, Scope scope, Object state, Boolean isCompleted)
   at Microsoft.AspNetCore.Mvc.Infrastructure.ResourceInvoker.<InvokeFilterPipelineAsync>g__Awaited|20_0(ResourceInvoker invoker, Task lastTask, State next, Scope scope, Object state, Boolean isCompleted)
   at Microsoft.AspNetCore.Mvc.Infrastructure.ResourceInvoker.<InvokeAsync>g__Awaited|17_0(ResourceInvoker invoker, Task task, IDisposable scope)
   at Microsoft.AspNetCore.Mvc.Infrastructure.ResourceInvoker.<InvokeAsync>g__Awaited|17_0(ResourceInvoker invoker, Task task, IDisposable scope)
   at Microsoft.AspNetCore.Authorization.AuthorizationMiddleware.Invoke(HttpContext context)
   at Microsoft.AspNetCore.Authentication.AuthenticationMiddleware.Invoke(HttpContext context)
   at AssignmentManagement.Api.Middleware.ExceptionMiddleware.InvokeAsync(HttpContext context) in C:\Users\Tarek\Desktop\assignment\src\AssignmentManagement.Api\Middleware\ExceptionMiddleware.cs:line 23
2026-08-05 12:28:44.978 +06:00 [WRN] [AssignmentManagement.Application.Services.AuthService] Failed login attempt for email admin@school.edu.bd
2026-08-05 12:28:44.978 +06:00 [ERR] [AssignmentManagement.Api.Middleware.ExceptionMiddleware] Unhandled exception occurred while processing request POST /api/auth/login
System.UnauthorizedAccessException: Invalid email or password.
   at AssignmentManagement.Application.Services.AuthService.LoginAsync(LoginRequestDto request, CancellationToken cancellationToken) in C:\Users\Tarek\Desktop\assignment\src\AssignmentManagement.Application\Services\AuthService.cs:line 37
   at AssignmentManagement.Api.Controllers.AuthController.Login(LoginRequestDto request, CancellationToken cancellationToken) in C:\Users\Tarek\Desktop\assignment\src\AssignmentManagement.Api\Controllers\AuthController.cs:line 21
   at lambda_method816(Closure, Object)
   at Microsoft.AspNetCore.Mvc.Infrastructure.ActionMethodExecutor.AwaitableObjectResultExecutor.Execute(ActionContext actionContext, IActionResultTypeMapper mapper, ObjectMethodExecutor executor, Object controller, Object[] arguments)
   at Microsoft.AspNetCore.Mvc.Infrastructure.ControllerActionInvoker.<InvokeActionMethodAsync>g__Awaited|12_0(ControllerActionInvoker invoker, ValueTask`1 actionResultValueTask)
   at Microsoft.AspNetCore.Mvc.Infrastructure.ControllerActionInvoker.<InvokeNextActionFilterAsync>g__Awaited|10_0(ControllerActionInvoker invoker, Task lastTask, State next, Scope scope, Object state, Boolean isCompleted)
   at Microsoft.AspNetCore.Mvc.Infrastructure.ControllerActionInvoker.Rethrow(ActionExecutedContextSealed context)
   at Microsoft.AspNetCore.Mvc.Infrastructure.ControllerActionInvoker.Next(State& next, Scope& scope, Object& state, Boolean& isCompleted)
   at Microsoft.AspNetCore.Mvc.Infrastructure.ControllerActionInvoker.<InvokeInnerFilterAsync>g__Awaited|13_0(ControllerActionInvoker invoker, Task lastTask, State next, Scope scope, Object state, Boolean isCompleted)
   at Microsoft.AspNetCore.Mvc.Infrastructure.ResourceInvoker.<InvokeFilterPipelineAsync>g__Awaited|20_0(ResourceInvoker invoker, Task lastTask, State next, Scope scope, Object state, Boolean isCompleted)
   at Microsoft.AspNetCore.Mvc.Infrastructure.ResourceInvoker.<InvokeAsync>g__Awaited|17_0(ResourceInvoker invoker, Task task, IDisposable scope)
   at Microsoft.AspNetCore.Mvc.Infrastructure.ResourceInvoker.<InvokeAsync>g__Awaited|17_0(ResourceInvoker invoker, Task task, IDisposable scope)
   at Microsoft.AspNetCore.Authorization.AuthorizationMiddleware.Invoke(HttpContext context)
   at Microsoft.AspNetCore.Authentication.AuthenticationMiddleware.Invoke(HttpContext context)
   at AssignmentManagement.Api.Middleware.ExceptionMiddleware.InvokeAsync(HttpContext context) in C:\Users\Tarek\Desktop\assignment\src\AssignmentManagement.Api\Middleware\ExceptionMiddleware.cs:line 23
2026-08-05 12:28:52.860 +06:00 [INF] [AssignmentManagement.Application.Services.AuthService] User 116 (student100@school.edu.bd) logged in successfully with role "Student"
2026-08-05 12:28:55.499 +06:00 [INF] [AssignmentManagement.Application.Services.AuthService] User 116 (student100@school.edu.bd) logged out
2026-08-05 12:28:59.765 +06:00 [WRN] [AssignmentManagement.Application.Services.AuthService] Failed login attempt for email admin@school.edu.bd
2026-08-05 12:28:59.765 +06:00 [ERR] [AssignmentManagement.Api.Middleware.ExceptionMiddleware] Unhandled exception occurred while processing request POST /api/auth/login
System.UnauthorizedAccessException: Invalid email or password.
   at AssignmentManagement.Application.Services.AuthService.LoginAsync(LoginRequestDto request, CancellationToken cancellationToken) in C:\Users\Tarek\Desktop\assignment\src\AssignmentManagement.Application\Services\AuthService.cs:line 37
   at AssignmentManagement.Api.Controllers.AuthController.Login(LoginRequestDto request, CancellationToken cancellationToken) in C:\Users\Tarek\Desktop\assignment\src\AssignmentManagement.Api\Controllers\AuthController.cs:line 21
   at lambda_method816(Closure, Object)
   at Microsoft.AspNetCore.Mvc.Infrastructure.ActionMethodExecutor.AwaitableObjectResultExecutor.Execute(ActionContext actionContext, IActionResultTypeMapper mapper, ObjectMethodExecutor executor, Object controller, Object[] arguments)
   at Microsoft.AspNetCore.Mvc.Infrastructure.ControllerActionInvoker.<InvokeActionMethodAsync>g__Awaited|12_0(ControllerActionInvoker invoker, ValueTask`1 actionResultValueTask)
   at Microsoft.AspNetCore.Mvc.Infrastructure.ControllerActionInvoker.<InvokeNextActionFilterAsync>g__Awaited|10_0(ControllerActionInvoker invoker, Task lastTask, State next, Scope scope, Object state, Boolean isCompleted)
   at Microsoft.AspNetCore.Mvc.Infrastructure.ControllerActionInvoker.Rethrow(ActionExecutedContextSealed context)
   at Microsoft.AspNetCore.Mvc.Infrastructure.ControllerActionInvoker.Next(State& next, Scope& scope, Object& state, Boolean& isCompleted)
   at Microsoft.AspNetCore.Mvc.Infrastructure.ControllerActionInvoker.<InvokeInnerFilterAsync>g__Awaited|13_0(ControllerActionInvoker invoker, Task lastTask, State next, Scope scope, Object state, Boolean isCompleted)
   at Microsoft.AspNetCore.Mvc.Infrastructure.ResourceInvoker.<InvokeFilterPipelineAsync>g__Awaited|20_0(ResourceInvoker invoker, Task lastTask, State next, Scope scope, Object state, Boolean isCompleted)
   at Microsoft.AspNetCore.Mvc.Infrastructure.ResourceInvoker.<InvokeAsync>g__Awaited|17_0(ResourceInvoker invoker, Task task, IDisposable scope)
   at Microsoft.AspNetCore.Mvc.Infrastructure.ResourceInvoker.<InvokeAsync>g__Awaited|17_0(ResourceInvoker invoker, Task task, IDisposable scope)
   at Microsoft.AspNetCore.Authorization.AuthorizationMiddleware.Invoke(HttpContext context)
   at Microsoft.AspNetCore.Authentication.AuthenticationMiddleware.Invoke(HttpContext context)
   at AssignmentManagement.Api.Middleware.ExceptionMiddleware.InvokeAsync(HttpContext context) in C:\Users\Tarek\Desktop\assignment\src\AssignmentManagement.Api\Middleware\ExceptionMiddleware.cs:line 23
2026-08-05 12:29:01.867 +06:00 [WRN] [AssignmentManagement.Application.Services.AuthService] Failed login attempt for email admin@school.edu.bd
2026-08-05 12:29:01.868 +06:00 [ERR] [AssignmentManagement.Api.Middleware.ExceptionMiddleware] Unhandled exception occurred while processing request POST /api/auth/login
System.UnauthorizedAccessException: Invalid email or password.
   at AssignmentManagement.Application.Services.AuthService.LoginAsync(LoginRequestDto request, CancellationToken cancellationToken) in C:\Users\Tarek\Desktop\assignment\src\AssignmentManagement.Application\Services\AuthService.cs:line 37
   at AssignmentManagement.Api.Controllers.AuthController.Login(LoginRequestDto request, CancellationToken cancellationToken) in C:\Users\Tarek\Desktop\assignment\src\AssignmentManagement.Api\Controllers\AuthController.cs:line 21
   at lambda_method816(Closure, Object)
   at Microsoft.AspNetCore.Mvc.Infrastructure.ActionMethodExecutor.AwaitableObjectResultExecutor.Execute(ActionContext actionContext, IActionResultTypeMapper mapper, ObjectMethodExecutor executor, Object controller, Object[] arguments)
   at Microsoft.AspNetCore.Mvc.Infrastructure.ControllerActionInvoker.<InvokeActionMethodAsync>g__Awaited|12_0(ControllerActionInvoker invoker, ValueTask`1 actionResultValueTask)
   at Microsoft.AspNetCore.Mvc.Infrastructure.ControllerActionInvoker.<InvokeNextActionFilterAsync>g__Awaited|10_0(ControllerActionInvoker invoker, Task lastTask, State next, Scope scope, Object state, Boolean isCompleted)
   at Microsoft.AspNetCore.Mvc.Infrastructure.ControllerActionInvoker.Rethrow(ActionExecutedContextSealed context)
   at Microsoft.AspNetCore.Mvc.Infrastructure.ControllerActionInvoker.Next(State& next, Scope& scope, Object& state, Boolean& isCompleted)
   at Microsoft.AspNetCore.Mvc.Infrastructure.ControllerActionInvoker.<InvokeInnerFilterAsync>g__Awaited|13_0(ControllerActionInvoker invoker, Task lastTask, State next, Scope scope, Object state, Boolean isCompleted)
   at Microsoft.AspNetCore.Mvc.Infrastructure.ResourceInvoker.<InvokeFilterPipelineAsync>g__Awaited|20_0(ResourceInvoker invoker, Task lastTask, State next, Scope scope, Object state, Boolean isCompleted)
   at Microsoft.AspNetCore.Mvc.Infrastructure.ResourceInvoker.<InvokeAsync>g__Awaited|17_0(ResourceInvoker invoker, Task task, IDisposable scope)
   at Microsoft.AspNetCore.Mvc.Infrastructure.ResourceInvoker.<InvokeAsync>g__Awaited|17_0(ResourceInvoker invoker, Task task, IDisposable scope)
   at Microsoft.AspNetCore.Authorization.AuthorizationMiddleware.Invoke(HttpContext context)
   at Microsoft.AspNetCore.Authentication.AuthenticationMiddleware.Invoke(HttpContext context)
   at AssignmentManagement.Api.Middleware.ExceptionMiddleware.InvokeAsync(HttpContext context) in C:\Users\Tarek\Desktop\assignment\src\AssignmentManagement.Api\Middleware\ExceptionMiddleware.cs:line 23
2026-08-05 12:29:06.491 +06:00 [WRN] [AssignmentManagement.Application.Services.AuthService] Failed login attempt for email admin@school.edu.bd
2026-08-05 12:29:06.491 +06:00 [ERR] [AssignmentManagement.Api.Middleware.ExceptionMiddleware] Unhandled exception occurred while processing request POST /api/auth/login
System.UnauthorizedAccessException: Invalid email or password.
   at AssignmentManagement.Application.Services.AuthService.LoginAsync(LoginRequestDto request, CancellationToken cancellationToken) in C:\Users\Tarek\Desktop\assignment\src\AssignmentManagement.Application\Services\AuthService.cs:line 37
   at AssignmentManagement.Api.Controllers.AuthController.Login(LoginRequestDto request, CancellationToken cancellationToken) in C:\Users\Tarek\Desktop\assignment\src\AssignmentManagement.Api\Controllers\AuthController.cs:line 21
   at lambda_method816(Closure, Object)
   at Microsoft.AspNetCore.Mvc.Infrastructure.ActionMethodExecutor.AwaitableObjectResultExecutor.Execute(ActionContext actionContext, IActionResultTypeMapper mapper, ObjectMethodExecutor executor, Object controller, Object[] arguments)
   at Microsoft.AspNetCore.Mvc.Infrastructure.ControllerActionInvoker.<InvokeActionMethodAsync>g__Awaited|12_0(ControllerActionInvoker invoker, ValueTask`1 actionResultValueTask)
   at Microsoft.AspNetCore.Mvc.Infrastructure.ControllerActionInvoker.<InvokeNextActionFilterAsync>g__Awaited|10_0(ControllerActionInvoker invoker, Task lastTask, State next, Scope scope, Object state, Boolean isCompleted)
   at Microsoft.AspNetCore.Mvc.Infrastructure.ControllerActionInvoker.Rethrow(ActionExecutedContextSealed context)
   at Microsoft.AspNetCore.Mvc.Infrastructure.ControllerActionInvoker.Next(State& next, Scope& scope, Object& state, Boolean& isCompleted)
   at Microsoft.AspNetCore.Mvc.Infrastructure.ControllerActionInvoker.<InvokeInnerFilterAsync>g__Awaited|13_0(ControllerActionInvoker invoker, Task lastTask, State next, Scope scope, Object state, Boolean isCompleted)
   at Microsoft.AspNetCore.Mvc.Infrastructure.ResourceInvoker.<InvokeFilterPipelineAsync>g__Awaited|20_0(ResourceInvoker invoker, Task lastTask, State next, Scope scope, Object state, Boolean isCompleted)
   at Microsoft.AspNetCore.Mvc.Infrastructure.ResourceInvoker.<InvokeAsync>g__Awaited|17_0(ResourceInvoker invoker, Task task, IDisposable scope)
   at Microsoft.AspNetCore.Mvc.Infrastructure.ResourceInvoker.<InvokeAsync>g__Awaited|17_0(ResourceInvoker invoker, Task task, IDisposable scope)
   at Microsoft.AspNetCore.Authorization.AuthorizationMiddleware.Invoke(HttpContext context)
   at Microsoft.AspNetCore.Authentication.AuthenticationMiddleware.Invoke(HttpContext context)
   at AssignmentManagement.Api.Middleware.ExceptionMiddleware.InvokeAsync(HttpContext context) in C:\Users\Tarek\Desktop\assignment\src\AssignmentManagement.Api\Middleware\ExceptionMiddleware.cs:line 23
2026-08-05 12:29:07.506 +06:00 [WRN] [AssignmentManagement.Application.Services.AuthService] Failed login attempt for email admin@school.edu.bd
2026-08-05 12:29:07.507 +06:00 [ERR] [AssignmentManagement.Api.Middleware.ExceptionMiddleware] Unhandled exception occurred while processing request POST /api/auth/login
System.UnauthorizedAccessException: Invalid email or password.
   at AssignmentManagement.Application.Services.AuthService.LoginAsync(LoginRequestDto request, CancellationToken cancellationToken) in C:\Users\Tarek\Desktop\assignment\src\AssignmentManagement.Application\Services\AuthService.cs:line 37
   at AssignmentManagement.Api.Controllers.AuthController.Login(LoginRequestDto request, CancellationToken cancellationToken) in C:\Users\Tarek\Desktop\assignment\src\AssignmentManagement.Api\Controllers\AuthController.cs:line 21
   at lambda_method816(Closure, Object)
   at Microsoft.AspNetCore.Mvc.Infrastructure.ActionMethodExecutor.AwaitableObjectResultExecutor.Execute(ActionContext actionContext, IActionResultTypeMapper mapper, ObjectMethodExecutor executor, Object controller, Object[] arguments)
   at Microsoft.AspNetCore.Mvc.Infrastructure.ControllerActionInvoker.<InvokeActionMethodAsync>g__Awaited|12_0(ControllerActionInvoker invoker, ValueTask`1 actionResultValueTask)
   at Microsoft.AspNetCore.Mvc.Infrastructure.ControllerActionInvoker.<InvokeNextActionFilterAsync>g__Awaited|10_0(ControllerActionInvoker invoker, Task lastTask, State next, Scope scope, Object state, Boolean isCompleted)
   at Microsoft.AspNetCore.Mvc.Infrastructure.ControllerActionInvoker.Rethrow(ActionExecutedContextSealed context)
   at Microsoft.AspNetCore.Mvc.Infrastructure.ControllerActionInvoker.Next(State& next, Scope& scope, Object& state, Boolean& isCompleted)
   at Microsoft.AspNetCore.Mvc.Infrastructure.ControllerActionInvoker.<InvokeInnerFilterAsync>g__Awaited|13_0(ControllerActionInvoker invoker, Task lastTask, State next, Scope scope, Object state, Boolean isCompleted)
   at Microsoft.AspNetCore.Mvc.Infrastructure.ResourceInvoker.<InvokeFilterPipelineAsync>g__Awaited|20_0(ResourceInvoker invoker, Task lastTask, State next, Scope scope, Object state, Boolean isCompleted)
   at Microsoft.AspNetCore.Mvc.Infrastructure.ResourceInvoker.<InvokeAsync>g__Awaited|17_0(ResourceInvoker invoker, Task task, IDisposable scope)
   at Microsoft.AspNetCore.Mvc.Infrastructure.ResourceInvoker.<InvokeAsync>g__Awaited|17_0(ResourceInvoker invoker, Task task, IDisposable scope)
   at Microsoft.AspNetCore.Authorization.AuthorizationMiddleware.Invoke(HttpContext context)
   at Microsoft.AspNetCore.Authentication.AuthenticationMiddleware.Invoke(HttpContext context)
   at AssignmentManagement.Api.Middleware.ExceptionMiddleware.InvokeAsync(HttpContext context) in C:\Users\Tarek\Desktop\assignment\src\AssignmentManagement.Api\Middleware\ExceptionMiddleware.cs:line 23
2026-08-05 12:29:30.218 +06:00 [INF] [AssignmentManagement.Application.Services.AuthService] User 116 (student100@school.edu.bd) logged in successfully with role "Student"
2026-08-05 12:29:32.066 +06:00 [INF] [AssignmentManagement.Application.Services.AuthService] User 116 (student100@school.edu.bd) logged out
2026-08-05 12:29:34.408 +06:00 [INF] [AssignmentManagement.Application.Services.AuthService] User 27 (student11@school.edu.bd) logged in successfully with role "Student"
2026-08-05 12:46:03.499 +06:00 [INF] [AssignmentManagement.Application.Services.AuthService] User 27 (student11@school.edu.bd) logged out
2026-08-05 12:46:04.508 +06:00 [INF] [AssignmentManagement.Application.Services.AuthService] User 116 (student100@school.edu.bd) logged in successfully with role "Student"
2026-08-05 12:46:11.424 +06:00 [INF] [AssignmentManagement.Application.Services.AuthService] User 116 (student100@school.edu.bd) logged out
2026-08-05 12:46:14.580 +06:00 [INF] [AssignmentManagement.Application.Services.AuthService] User 31 (student15@school.edu.bd) logged in successfully with role "Student"
2026-08-05 13:01:56.371 +06:00 [INF] [AssignmentManagement.Application.Services.AuthService] User 31 (student15@school.edu.bd) logged out
2026-08-05 13:01:59.621 +06:00 [WRN] [AssignmentManagement.Application.Services.AuthService] Failed login attempt for email admin@school.edu.bd
2026-08-05 13:01:59.621 +06:00 [ERR] [AssignmentManagement.Api.Middleware.ExceptionMiddleware] Unhandled exception occurred while processing request POST /api/auth/login
System.UnauthorizedAccessException: Invalid email or password.
   at AssignmentManagement.Application.Services.AuthService.LoginAsync(LoginRequestDto request, CancellationToken cancellationToken) in C:\Users\Tarek\Desktop\assignment\src\AssignmentManagement.Application\Services\AuthService.cs:line 37
   at AssignmentManagement.Api.Controllers.AuthController.Login(LoginRequestDto request, CancellationToken cancellationToken) in C:\Users\Tarek\Desktop\assignment\src\AssignmentManagement.Api\Controllers\AuthController.cs:line 21
   at lambda_method816(Closure, Object)
   at Microsoft.AspNetCore.Mvc.Infrastructure.ActionMethodExecutor.AwaitableObjectResultExecutor.Execute(ActionContext actionContext, IActionResultTypeMapper mapper, ObjectMethodExecutor executor, Object controller, Object[] arguments)
   at Microsoft.AspNetCore.Mvc.Infrastructure.ControllerActionInvoker.<InvokeActionMethodAsync>g__Awaited|12_0(ControllerActionInvoker invoker, ValueTask`1 actionResultValueTask)
   at Microsoft.AspNetCore.Mvc.Infrastructure.ControllerActionInvoker.<InvokeNextActionFilterAsync>g__Awaited|10_0(ControllerActionInvoker invoker, Task lastTask, State next, Scope scope, Object state, Boolean isCompleted)
   at Microsoft.AspNetCore.Mvc.Infrastructure.ControllerActionInvoker.Rethrow(ActionExecutedContextSealed context)
   at Microsoft.AspNetCore.Mvc.Infrastructure.ControllerActionInvoker.Next(State& next, Scope& scope, Object& state, Boolean& isCompleted)
   at Microsoft.AspNetCore.Mvc.Infrastructure.ControllerActionInvoker.<InvokeInnerFilterAsync>g__Awaited|13_0(ControllerActionInvoker invoker, Task lastTask, State next, Scope scope, Object state, Boolean isCompleted)
   at Microsoft.AspNetCore.Mvc.Infrastructure.ResourceInvoker.<InvokeFilterPipelineAsync>g__Awaited|20_0(ResourceInvoker invoker, Task lastTask, State next, Scope scope, Object state, Boolean isCompleted)
   at Microsoft.AspNetCore.Mvc.Infrastructure.ResourceInvoker.<InvokeAsync>g__Awaited|17_0(ResourceInvoker invoker, Task task, IDisposable scope)
   at Microsoft.AspNetCore.Mvc.Infrastructure.ResourceInvoker.<InvokeAsync>g__Awaited|17_0(ResourceInvoker invoker, Task task, IDisposable scope)
   at Microsoft.AspNetCore.Authorization.AuthorizationMiddleware.Invoke(HttpContext context)
   at Microsoft.AspNetCore.Authentication.AuthenticationMiddleware.Invoke(HttpContext context)
   at AssignmentManagement.Api.Middleware.ExceptionMiddleware.InvokeAsync(HttpContext context) in C:\Users\Tarek\Desktop\assignment\src\AssignmentManagement.Api\Middleware\ExceptionMiddleware.cs:line 23
2026-08-05 13:02:01.905 +06:00 [WRN] [AssignmentManagement.Application.Services.AuthService] Failed login attempt for email admin1@school.edu.bd
2026-08-05 13:02:01.905 +06:00 [ERR] [AssignmentManagement.Api.Middleware.ExceptionMiddleware] Unhandled exception occurred while processing request POST /api/auth/login
System.UnauthorizedAccessException: Invalid email or password.
   at AssignmentManagement.Application.Services.AuthService.LoginAsync(LoginRequestDto request, CancellationToken cancellationToken) in C:\Users\Tarek\Desktop\assignment\src\AssignmentManagement.Application\Services\AuthService.cs:line 37
   at AssignmentManagement.Api.Controllers.AuthController.Login(LoginRequestDto request, CancellationToken cancellationToken) in C:\Users\Tarek\Desktop\assignment\src\AssignmentManagement.Api\Controllers\AuthController.cs:line 21
   at lambda_method816(Closure, Object)
   at Microsoft.AspNetCore.Mvc.Infrastructure.ActionMethodExecutor.AwaitableObjectResultExecutor.Execute(ActionContext actionContext, IActionResultTypeMapper mapper, ObjectMethodExecutor executor, Object controller, Object[] arguments)
   at Microsoft.AspNetCore.Mvc.Infrastructure.ControllerActionInvoker.<InvokeActionMethodAsync>g__Awaited|12_0(ControllerActionInvoker invoker, ValueTask`1 actionResultValueTask)
   at Microsoft.AspNetCore.Mvc.Infrastructure.ControllerActionInvoker.<InvokeNextActionFilterAsync>g__Awaited|10_0(ControllerActionInvoker invoker, Task lastTask, State next, Scope scope, Object state, Boolean isCompleted)
   at Microsoft.AspNetCore.Mvc.Infrastructure.ControllerActionInvoker.Rethrow(ActionExecutedContextSealed context)
   at Microsoft.AspNetCore.Mvc.Infrastructure.ControllerActionInvoker.Next(State& next, Scope& scope, Object& state, Boolean& isCompleted)
   at Microsoft.AspNetCore.Mvc.Infrastructure.ControllerActionInvoker.<InvokeInnerFilterAsync>g__Awaited|13_0(ControllerActionInvoker invoker, Task lastTask, State next, Scope scope, Object state, Boolean isCompleted)
   at Microsoft.AspNetCore.Mvc.Infrastructure.ResourceInvoker.<InvokeFilterPipelineAsync>g__Awaited|20_0(ResourceInvoker invoker, Task lastTask, State next, Scope scope, Object state, Boolean isCompleted)
   at Microsoft.AspNetCore.Mvc.Infrastructure.ResourceInvoker.<InvokeAsync>g__Awaited|17_0(ResourceInvoker invoker, Task task, IDisposable scope)
   at Microsoft.AspNetCore.Mvc.Infrastructure.ResourceInvoker.<InvokeAsync>g__Awaited|17_0(ResourceInvoker invoker, Task task, IDisposable scope)
   at Microsoft.AspNetCore.Authorization.AuthorizationMiddleware.Invoke(HttpContext context)
   at Microsoft.AspNetCore.Authentication.AuthenticationMiddleware.Invoke(HttpContext context)
   at AssignmentManagement.Api.Middleware.ExceptionMiddleware.InvokeAsync(HttpContext context) in C:\Users\Tarek\Desktop\assignment\src\AssignmentManagement.Api\Middleware\ExceptionMiddleware.cs:line 23
2026-08-05 13:02:06.836 +06:00 [WRN] [AssignmentManagement.Application.Services.AuthService] Failed login attempt for email teacher1@school.edu.bd
2026-08-05 13:02:06.837 +06:00 [ERR] [AssignmentManagement.Api.Middleware.ExceptionMiddleware] Unhandled exception occurred while processing request POST /api/auth/login
System.UnauthorizedAccessException: Invalid email or password.
   at AssignmentManagement.Application.Services.AuthService.LoginAsync(LoginRequestDto request, CancellationToken cancellationToken) in C:\Users\Tarek\Desktop\assignment\src\AssignmentManagement.Application\Services\AuthService.cs:line 37
   at AssignmentManagement.Api.Controllers.AuthController.Login(LoginRequestDto request, CancellationToken cancellationToken) in C:\Users\Tarek\Desktop\assignment\src\AssignmentManagement.Api\Controllers\AuthController.cs:line 21
   at lambda_method816(Closure, Object)
   at Microsoft.AspNetCore.Mvc.Infrastructure.ActionMethodExecutor.AwaitableObjectResultExecutor.Execute(ActionContext actionContext, IActionResultTypeMapper mapper, ObjectMethodExecutor executor, Object controller, Object[] arguments)
   at Microsoft.AspNetCore.Mvc.Infrastructure.ControllerActionInvoker.<InvokeActionMethodAsync>g__Awaited|12_0(ControllerActionInvoker invoker, ValueTask`1 actionResultValueTask)
   at Microsoft.AspNetCore.Mvc.Infrastructure.ControllerActionInvoker.<InvokeNextActionFilterAsync>g__Awaited|10_0(ControllerActionInvoker invoker, Task lastTask, State next, Scope scope, Object state, Boolean isCompleted)
   at Microsoft.AspNetCore.Mvc.Infrastructure.ControllerActionInvoker.Rethrow(ActionExecutedContextSealed context)
   at Microsoft.AspNetCore.Mvc.Infrastructure.ControllerActionInvoker.Next(State& next, Scope& scope, Object& state, Boolean& isCompleted)
   at Microsoft.AspNetCore.Mvc.Infrastructure.ControllerActionInvoker.<InvokeInnerFilterAsync>g__Awaited|13_0(ControllerActionInvoker invoker, Task lastTask, State next, Scope scope, Object state, Boolean isCompleted)
   at Microsoft.AspNetCore.Mvc.Infrastructure.ResourceInvoker.<InvokeFilterPipelineAsync>g__Awaited|20_0(ResourceInvoker invoker, Task lastTask, State next, Scope scope, Object state, Boolean isCompleted)
   at Microsoft.AspNetCore.Mvc.Infrastructure.ResourceInvoker.<InvokeAsync>g__Awaited|17_0(ResourceInvoker invoker, Task task, IDisposable scope)
   at Microsoft.AspNetCore.Mvc.Infrastructure.ResourceInvoker.<InvokeAsync>g__Awaited|17_0(ResourceInvoker invoker, Task task, IDisposable scope)
   at Microsoft.AspNetCore.Authorization.AuthorizationMiddleware.Invoke(HttpContext context)
   at Microsoft.AspNetCore.Authentication.AuthenticationMiddleware.Invoke(HttpContext context)
   at AssignmentManagement.Api.Middleware.ExceptionMiddleware.InvokeAsync(HttpContext context) in C:\Users\Tarek\Desktop\assignment\src\AssignmentManagement.Api\Middleware\ExceptionMiddleware.cs:line 23
2026-08-05 13:02:08.853 +06:00 [INF] [AssignmentManagement.Application.Services.AuthService] User 4 (teacher3@school.edu.bd) logged in successfully with role "Teacher"
2026-08-05 13:02:24.906 +06:00 [ERR] [AssignmentManagement.Api.Middleware.ExceptionMiddleware] Unhandled exception occurred while processing request PUT /api/assignments/16
FluentValidation.AsyncValidatorInvokedSynchronouslyException: Validator "UpdateAssignmentRequestDtoValidator" can't be used with ASP.NET automatic validation as it contains asynchronous rules. ASP.NET's validation pipeline is not asynchronous and can't invoke asynchronous rules. Remove the asynchronous rules in order for this validator to run.
   at FluentValidation.AbstractValidator`1.Validate(ValidationContext`1 context) in /_/src/FluentValidation/AbstractValidator.cs:line 207
   at FluentValidation.AspNetCore.FluentValidationModelValidator.Validate(ModelValidationContext mvContext) in /_/src/FluentValidation.AspNetCore/FluentValidationModelValidatorProvider.cs:line 150
   at Microsoft.AspNetCore.Mvc.ModelBinding.Validation.ValidationVisitor.ValidateNode()
   at Microsoft.AspNetCore.Mvc.ModelBinding.Validation.ValidationVisitor.VisitComplexType(IValidationStrategy defaultStrategy)
   at Microsoft.AspNetCore.Mvc.ModelBinding.Validation.ValidationVisitor.VisitImplementation(ModelMetadata& metadata, String& key, Object model)
   at Microsoft.AspNetCore.Mvc.ModelBinding.ParameterBinder.BindModelAsync(ActionContext actionContext, IModelBinder modelBinder, IValueProvider valueProvider, ParameterDescriptor parameter, ModelMetadata metadata, Object value, Object container)
   at Microsoft.AspNetCore.Mvc.Controllers.ControllerBinderDelegateProvider.<>c__DisplayClass0_0.<<CreateBinderDelegate>g__Bind|0>d.MoveNext()
--- End of stack trace from previous location ---
   at Microsoft.AspNetCore.Mvc.Infrastructure.ControllerActionInvoker.<InvokeInnerFilterAsync>g__Awaited|13_0(ControllerActionInvoker invoker, Task lastTask, State next, Scope scope, Object state, Boolean isCompleted)
   at Microsoft.AspNetCore.Mvc.Infrastructure.ResourceInvoker.<InvokeFilterPipelineAsync>g__Awaited|20_0(ResourceInvoker invoker, Task lastTask, State next, Scope scope, Object state, Boolean isCompleted)
   at Microsoft.AspNetCore.Mvc.Infrastructure.ResourceInvoker.<InvokeAsync>g__Awaited|17_0(ResourceInvoker invoker, Task task, IDisposable scope)
   at Microsoft.AspNetCore.Mvc.Infrastructure.ResourceInvoker.<InvokeAsync>g__Awaited|17_0(ResourceInvoker invoker, Task task, IDisposable scope)
   at Microsoft.AspNetCore.Authorization.AuthorizationMiddleware.Invoke(HttpContext context)
   at Microsoft.AspNetCore.Authentication.AuthenticationMiddleware.Invoke(HttpContext context)
   at AssignmentManagement.Api.Middleware.ExceptionMiddleware.InvokeAsync(HttpContext context) in C:\Users\Tarek\Desktop\assignment\src\AssignmentManagement.Api\Middleware\ExceptionMiddleware.cs:line 23
2026-08-05 13:02:45.271 +06:00 [INF] [AssignmentManagement.Application.Services.AuthService] User 4 (teacher3@school.edu.bd) logged out
2026-08-05 13:02:46.600 +06:00 [INF] [AssignmentManagement.Application.Services.AuthService] User 31 (student15@school.edu.bd) logged in successfully with role "Student"
2026-08-05 14:04:59.215 +06:00 [INF] [AssignmentManagement.Application.Services.AuthService] User 31 (student15@school.edu.bd) logged out
2026-08-05 14:05:00.360 +06:00 [INF] [AssignmentManagement.Application.Services.AuthService] User 31 (student15@school.edu.bd) logged in successfully with role "Student"
2026-08-05 14:05:02.662 +06:00 [INF] [AssignmentManagement.Application.Services.AuthService] User 31 (student15@school.edu.bd) logged out
2026-08-05 14:05:55.210 +06:00 [INF] [AssignmentManagement.Application.Services.AuthService] User 1 (admin@example.com) logged in successfully with role "Admin"
2026-08-05 14:11:29.672 +06:00 [INF] [AssignmentManagement.Application.Services.AuthService] User 1 (admin@example.com) logged out
2026-08-05 14:11:30.736 +06:00 [INF] [AssignmentManagement.Application.Services.AuthService] User 1 (admin@example.com) logged in successfully with role "Admin"
2026-08-05 14:12:00.352 +06:00 [INF] [AssignmentManagement.Application.Services.AuthService] User 1 (admin@example.com) logged out
2026-08-05 14:12:04.158 +06:00 [INF] [AssignmentManagement.Application.Services.AuthService] User 2 (teacher@example.com) logged in successfully with role "Teacher"
2026-08-05 14:12:47.090 +06:00 [INF] [AssignmentManagement.Application.Services.AuthService] User 2 (teacher@example.com) logged out
2026-08-05 14:12:49.158 +06:00 [INF] [AssignmentManagement.Application.Services.AuthService] User 1 (admin@example.com) logged in successfully with role "Admin"
2026-08-05 14:20:14.848 +06:00 [INF] [AssignmentManagement.Application.Services.AuthService] User 1 (admin@example.com) logged in successfully with role "Admin"
2026-08-05 14:20:25.334 +06:00 [INF] [AssignmentManagement.Application.Services.AuthService] User 1 (admin@example.com) logged out
2026-08-05 14:20:31.922 +06:00 [WRN] [AssignmentManagement.Application.Services.AuthService] Failed login attempt for email student15@example.com
2026-08-05 14:20:31.922 +06:00 [ERR] [AssignmentManagement.Api.Middleware.ExceptionMiddleware] Unhandled exception occurred while processing request POST /api/auth/login
System.UnauthorizedAccessException: Invalid email or password.
   at AssignmentManagement.Application.Services.AuthService.LoginAsync(LoginRequestDto request, CancellationToken cancellationToken) in C:\Users\Tarek\Desktop\assignment\src\AssignmentManagement.Application\Services\AuthService.cs:line 37
   at AssignmentManagement.Api.Controllers.AuthController.Login(LoginRequestDto request, CancellationToken cancellationToken) in C:\Users\Tarek\Desktop\assignment\src\AssignmentManagement.Api\Controllers\AuthController.cs:line 21
   at lambda_method816(Closure, Object)
   at Microsoft.AspNetCore.Mvc.Infrastructure.ActionMethodExecutor.AwaitableObjectResultExecutor.Execute(ActionContext actionContext, IActionResultTypeMapper mapper, ObjectMethodExecutor executor, Object controller, Object[] arguments)
   at Microsoft.AspNetCore.Mvc.Infrastructure.ControllerActionInvoker.<InvokeActionMethodAsync>g__Awaited|12_0(ControllerActionInvoker invoker, ValueTask`1 actionResultValueTask)
   at Microsoft.AspNetCore.Mvc.Infrastructure.ControllerActionInvoker.<InvokeNextActionFilterAsync>g__Awaited|10_0(ControllerActionInvoker invoker, Task lastTask, State next, Scope scope, Object state, Boolean isCompleted)
   at Microsoft.AspNetCore.Mvc.Infrastructure.ControllerActionInvoker.Rethrow(ActionExecutedContextSealed context)
   at Microsoft.AspNetCore.Mvc.Infrastructure.ControllerActionInvoker.Next(State& next, Scope& scope, Object& state, Boolean& isCompleted)
   at Microsoft.AspNetCore.Mvc.Infrastructure.ControllerActionInvoker.<InvokeInnerFilterAsync>g__Awaited|13_0(ControllerActionInvoker invoker, Task lastTask, State next, Scope scope, Object state, Boolean isCompleted)
   at Microsoft.AspNetCore.Mvc.Infrastructure.ResourceInvoker.<InvokeFilterPipelineAsync>g__Awaited|20_0(ResourceInvoker invoker, Task lastTask, State next, Scope scope, Object state, Boolean isCompleted)
   at Microsoft.AspNetCore.Mvc.Infrastructure.ResourceInvoker.<InvokeAsync>g__Awaited|17_0(ResourceInvoker invoker, Task task, IDisposable scope)
   at Microsoft.AspNetCore.Mvc.Infrastructure.ResourceInvoker.<InvokeAsync>g__Awaited|17_0(ResourceInvoker invoker, Task task, IDisposable scope)
   at Microsoft.AspNetCore.Authorization.AuthorizationMiddleware.Invoke(HttpContext context)
   at Microsoft.AspNetCore.Authentication.AuthenticationMiddleware.Invoke(HttpContext context)
   at AssignmentManagement.Api.Middleware.ExceptionMiddleware.InvokeAsync(HttpContext context) in C:\Users\Tarek\Desktop\assignment\src\AssignmentManagement.Api\Middleware\ExceptionMiddleware.cs:line 23
2026-08-05 14:20:38.302 +06:00 [INF] [AssignmentManagement.Application.Services.AuthService] User 31 (student15@school.edu.bd) logged in successfully with role "Student"
2026-08-05 14:32:24.945 +06:00 [INF] [Microsoft.Hosting.Lifetime] Now listening on: http://localhost:5000
2026-08-05 14:32:24.969 +06:00 [INF] [Microsoft.Hosting.Lifetime] Application started. Press Ctrl+C to shut down.
2026-08-05 14:32:24.971 +06:00 [INF] [Microsoft.Hosting.Lifetime] Hosting environment: Production
2026-08-05 14:32:24.972 +06:00 [INF] [Microsoft.Hosting.Lifetime] Content root path: C:\Users\Tarek\Desktop\assignment\src\AssignmentManagement.Api
2026-08-05 14:32:36.298 +06:00 [WRN] [Microsoft.AspNetCore.HttpsPolicy.HttpsRedirectionMiddleware] Failed to determine the https port for redirect.
2026-08-05 14:36:30.197 +06:00 [ERR] [Microsoft.EntityFrameworkCore.Database.Command] Failed executing DbCommand (20ms) [Parameters=[@studentUserId='?' (DbType = Int32)], CommandType='"Text"', CommandTimeout='30']
SELECT s.student_id, s.class_level, s.student_number, s.user_id, u.user_id, u.created_at, u.email, u.first_name, u.is_active, u.last_name, u.password_hash, u.phone, u.role, u.updated_at
FROM students AS s
INNER JOIN users AS u ON s.user_id = u.user_id
WHERE s.user_id = @studentUserId
LIMIT 1
2026-08-05 14:36:30.204 +06:00 [ERR] [Microsoft.EntityFrameworkCore.Query] An exception occurred while iterating over the results of a query for context type 'AssignmentManagement.Infrastructure.Data.ApplicationDbContext'.
System.InvalidOperationException: An exception has been raised that is likely due to a transient failure.
 ---> Npgsql.NpgsqlException (0x80004005): Exception while writing to stream
 ---> System.IO.IOException: Unable to write data to the transport connection: An existing connection was forcibly closed by the remote host..
 ---> System.Net.Sockets.SocketException (10054): An existing connection was forcibly closed by the remote host.
   at System.Net.Sockets.Socket.AwaitableSocketAsyncEventArgs.CreateException(SocketError error, Boolean forAsyncThrow)
   at System.Net.Sockets.Socket.AwaitableSocketAsyncEventArgs.SendAsyncForNetworkStream(Socket socket, CancellationToken cancellationToken)
   at System.Net.Sockets.NetworkStream.WriteAsync(Byte[] buffer, Int32 offset, Int32 count, CancellationToken cancellationToken)
   at Npgsql.Internal.NpgsqlWriteBuffer.Flush(Boolean async, CancellationToken cancellationToken)
   at System.Runtime.CompilerServices.AsyncMethodBuilderCore.Start[TStateMachine](TStateMachine& stateMachine)
   at Npgsql.Internal.NpgsqlWriteBuffer.Flush(Boolean async, CancellationToken cancellationToken)
   at Npgsql.Internal.NpgsqlConnector.Flush(Boolean async, CancellationToken cancellationToken)
   at Npgsql.NpgsqlCommand.<Write>g__WriteExecute|103_0(NpgsqlConnector connector, Boolean async, Boolean flush, CancellationToken cancellationToken)
   at System.Runtime.CompilerServices.AsyncMethodBuilderCore.Start[TStateMachine](TStateMachine& stateMachine)
   at Npgsql.NpgsqlCommand.<Write>g__WriteExecute|103_0(NpgsqlConnector connector, Boolean async, Boolean flush, CancellationToken cancellationToken)
   at Npgsql.NpgsqlCommand.Write(NpgsqlConnector connector, Boolean async, Boolean flush, CancellationToken cancellationToken)
   at Npgsql.NpgsqlCommand.ExecuteReader(Boolean async, CommandBehavior behavior, CancellationToken cancellationToken)
   at System.Runtime.CompilerServices.AsyncMethodBuilderCore.Start[TStateMachine](TStateMachine& stateMachine)
   at Npgsql.NpgsqlCommand.ExecuteReader(Boolean async, CommandBehavior behavior, CancellationToken cancellationToken)
   at Npgsql.NpgsqlCommand.ExecuteReaderAsync(CommandBehavior behavior, CancellationToken cancellationToken)
   at Npgsql.NpgsqlCommand.ExecuteDbDataReaderAsync(CommandBehavior behavior, CancellationToken cancellationToken)
   at System.Runtime.CompilerServices.AsyncMethodBuilderCore.Start[TStateMachine](TStateMachine& stateMachine)
   at Npgsql.NpgsqlCommand.ExecuteDbDataReaderAsync(CommandBehavior behavior, CancellationToken cancellationToken)
   at Microsoft.EntityFrameworkCore.Storage.RelationalCommand.ExecuteReaderAsync(RelationalCommandParameterObject parameterObject, CancellationToken cancellationToken)
   at System.Runtime.CompilerServices.AsyncMethodBuilderCore.Start[TStateMachine](TStateMachine& stateMachine)
   at Microsoft.EntityFrameworkCore.Storage.RelationalCommand.ExecuteReaderAsync(RelationalCommandParameterObject parameterObject, CancellationToken cancellationToken)
   at Microsoft.EntityFrameworkCore.Query.Internal.SingleQueryingEnumerable`1.AsyncEnumerator.InitializeReaderAsync(AsyncEnumerator enumerator, CancellationToken cancellationToken)
   at System.Runtime.CompilerServices.AsyncMethodBuilderCore.Start[TStateMachine](TStateMachine& stateMachine)
   at Microsoft.EntityFrameworkCore.Query.Internal.SingleQueryingEnumerable`1.AsyncEnumerator.InitializeReaderAsync(AsyncEnumerator enumerator, CancellationToken cancellationToken)
   at Microsoft.EntityFrameworkCore.Query.Internal.SingleQueryingEnumerable`1.AsyncEnumerator.<>c.<MoveNextAsync>b__20_0(DbContext _, AsyncEnumerator enumerator, CancellationToken cancellationToken)
   at Npgsql.EntityFrameworkCore.PostgreSQL.Storage.Internal.NpgsqlExecutionStrategy.ExecuteAsync[TState,TResult](TState state, Func`4 operation, Func`4 verifySucceeded, CancellationToken cancellationToken)
   at System.Runtime.CompilerServices.AsyncMethodBuilderCore.Start[TStateMachine](TStateMachine& stateMachine)
   at Npgsql.EntityFrameworkCore.PostgreSQL.Storage.Internal.NpgsqlExecutionStrategy.ExecuteAsync[TState,TResult](TState state, Func`4 operation, Func`4 verifySucceeded, CancellationToken cancellationToken)
   at Microsoft.EntityFrameworkCore.Query.Internal.SingleQueryingEnumerable`1.AsyncEnumerator.MoveNextAsync()
   at System.Runtime.CompilerServices.AsyncMethodBuilderCore.Start[TStateMachine](TStateMachine& stateMachine)
   at Microsoft.EntityFrameworkCore.Query.Internal.SingleQueryingEnumerable`1.AsyncEnumerator.MoveNextAsync()
   at Microsoft.EntityFrameworkCore.Query.ShapedQueryCompilingExpressionVisitor.SingleOrDefaultAsync[TSource](IAsyncEnumerable`1 asyncEnumerable, CancellationToken cancellationToken)
   at System.Runtime.CompilerServices.AsyncMethodBuilderCore.Start[TStateMachine](TStateMachine& stateMachine)
   at lambda_method833(Closure, QueryContext)
   at Microsoft.EntityFrameworkCore.Query.Internal.QueryCompiler.ExecuteCore[TResult](Expression query, Boolean async, CancellationToken cancellationToken)
   at Microsoft.EntityFrameworkCore.Query.Internal.QueryCompiler.ExecuteAsync[TResult](Expression query, CancellationToken cancellationToken)
   at Microsoft.EntityFrameworkCore.Query.Internal.EntityQueryProvider.ExecuteAsync[TResult](Expression expression, CancellationToken cancellationToken)
   at Microsoft.EntityFrameworkCore.EntityFrameworkQueryableExtensions.ExecuteAsync[TSource,TResult](MethodInfo operatorMethodInfo, IQueryable`1 source, Expression expression, CancellationToken cancellationToken)
   at Microsoft.EntityFrameworkCore.EntityFrameworkQueryableExtensions.ExecuteAsync[TSource,TResult](MethodInfo operatorMethodInfo, IQueryable`1 source, LambdaExpression expression, CancellationToken cancellationToken)
   at Microsoft.EntityFrameworkCore.EntityFrameworkQueryableExtensions.FirstOrDefaultAsync[TSource](IQueryable`1 source, Expression`1 predicate, CancellationToken cancellationToken)
   at AssignmentManagement.Infrastructure.Repositories.DashboardRepository.GetStudentDashboardMetricsAsync(Int32 studentUserId, CancellationToken cancellationToken) in C:\Users\Tarek\Desktop\assignment\src\AssignmentManagement.Infrastructure\Repositories\DashboardRepository.cs:line 205
   at System.Runtime.CompilerServices.AsyncMethodBuilderCore.Start[TStateMachine](TStateMachine& stateMachine)
   at AssignmentManagement.Infrastructure.Repositories.DashboardRepository.GetStudentDashboardMetricsAsync(Int32 studentUserId, CancellationToken cancellationToken)
   at AssignmentManagement.Application.Services.DashboardService.GetStudentDashboardAsync(CancellationToken cancellationToken) in C:\Users\Tarek\Desktop\assignment\src\AssignmentManagement.Application\Services\DashboardService.cs:line 37
   at System.Runtime.CompilerServices.AsyncMethodBuilderCore.Start[TStateMachine](TStateMachine& stateMachine)
   at AssignmentManagement.Application.Services.DashboardService.GetStudentDashboardAsync(CancellationToken cancellationToken)
   at AssignmentManagement.Api.Controllers.DashboardsController.GetStudentDashboard(CancellationToken cancellationToken) in C:\Users\Tarek\Desktop\assignment\src\AssignmentManagement.Api\Controllers\DashboardsController.cs:line 39
   at System.Runtime.CompilerServices.AsyncMethodBuilderCore.Start[TStateMachine](TStateMachine& stateMachine)
   at AssignmentManagement.Api.Controllers.DashboardsController.GetStudentDashboard(CancellationToken cancellationToken)
   at lambda_method813(Closure, Object, Object[])
   at Microsoft.AspNetCore.Mvc.Infrastructure.ActionMethodExecutor.AwaitableObjectResultExecutor.Execute(ActionContext actionContext, IActionResultTypeMapper mapper, ObjectMethodExecutor executor, Object controller, Object[] arguments)
   at System.Runtime.CompilerServices.AsyncMethodBuilderCore.Start[TStateMachine](TStateMachine& stateMachine)
   at Microsoft.AspNetCore.Mvc.Infrastructure.ActionMethodExecutor.AwaitableObjectResultExecutor.Execute(ActionContext actionContext, IActionResultTypeMapper mapper, ObjectMethodExecutor executor, Object controller, Object[] arguments)
   at Microsoft.AspNetCore.Mvc.Infrastructure.ControllerActionInvoker.InvokeActionMethodAsync()
   at Microsoft.AspNetCore.Mvc.Infrastructure.ControllerActionInvoker.Next(State& next, Scope& scope, Object& state, Boolean& isCompleted)
   at Microsoft.AspNetCore.Mvc.Infrastructure.ControllerActionInvoker.InvokeNextActionFilterAsync()
   at Microsoft.AspNetCore.Mvc.Infrastructure.ControllerActionInvoker.Next(State& next, Scope& scope, Object& state, Boolean& isCompleted)
   at Microsoft.AspNetCore.Mvc.Infrastructure.ControllerActionInvoker.InvokeNextActionFilterAsync()
   at Microsoft.AspNetCore.Mvc.Infrastructure.ControllerActionInvoker.Next(State& next, Scope& scope, Object& state, Boolean& isCompleted)
   at Microsoft.AspNetCore.Mvc.Infrastructure.ControllerActionInvoker.InvokeInnerFilterAsync()
   at Microsoft.AspNetCore.Mvc.Infrastructure.ResourceInvoker.Next(State& next, Scope& scope, Object& state, Boolean& isCompleted)
   at Microsoft.AspNetCore.Mvc.Infrastructure.ResourceInvoker.InvokeFilterPipelineAsync()
   at Microsoft.AspNetCore.Mvc.Infrastructure.ResourceInvoker.InvokeAsync()
   at Microsoft.AspNetCore.Authorization.AuthorizationMiddleware.Invoke(HttpContext context)
   at System.Runtime.CompilerServices.AsyncMethodBuilderCore.Start[TStateMachine](TStateMachine& stateMachine)
   at Microsoft.AspNetCore.Authorization.AuthorizationMiddleware.Invoke(HttpContext context)
   at Microsoft.AspNetCore.Authentication.AuthenticationMiddleware.Invoke(HttpContext context)
   at System.Runtime.CompilerServices.AsyncMethodBuilderCore.Start[TStateMachine](TStateMachine& stateMachine)
   at Microsoft.AspNetCore.Authentication.AuthenticationMiddleware.Invoke(HttpContext context)
   at Microsoft.AspNetCore.HttpsPolicy.HttpsRedirectionMiddleware.Invoke(HttpContext context)
   at AssignmentManagement.Api.Middleware.ExceptionMiddleware.InvokeAsync(HttpContext context) in C:\Users\Tarek\Desktop\assignment\src\AssignmentManagement.Api\Middleware\ExceptionMiddleware.cs:line 23
   at System.Runtime.CompilerServices.AsyncMethodBuilderCore.Start[TStateMachine](TStateMachine& stateMachine)
   at AssignmentManagement.Api.Middleware.ExceptionMiddleware.InvokeAsync(HttpContext context)
   at Microsoft.AspNetCore.HostFiltering.HostFilteringMiddleware.Invoke(HttpContext context)
   at Microsoft.AspNetCore.Server.Kestrel.Core.Internal.Http.HttpProtocol.ProcessRequests[TContext](IHttpApplication`1 application)
   at System.Runtime.CompilerServices.AsyncTaskMethodBuilder`1.AsyncStateMachineBox`1.ExecutionContextCallback(Object s)
   at System.Threading.ExecutionContext.RunFromThreadPoolDispatchLoop(Thread threadPoolThread, ExecutionContext executionContext, ContextCallback callback, Object state)
   at System.Runtime.CompilerServices.AsyncTaskMethodBuilder`1.AsyncStateMachineBox`1.MoveNext(Thread threadPoolThread)
   at System.Runtime.CompilerServices.AsyncTaskMethodBuilder`1.AsyncStateMachineBox`1.ExecuteFromThreadPool(Thread threadPoolThread)
   at System.Threading.ThreadPoolWorkQueue.Dispatch()
   at System.Threading.PortableThreadPool.WorkerThread.WorkerThreadStart()
   at System.Threading.Thread.StartCallback()
--- End of stack trace from previous location ---

   --- End of inner exception stack trace ---
   at Npgsql.Internal.NpgsqlWriteBuffer.Flush(Boolean async, CancellationToken cancellationToken)
   at Npgsql.Internal.NpgsqlWriteBuffer.Flush(Boolean async, CancellationToken cancellationToken)
   at Npgsql.NpgsqlCommand.<Write>g__WriteExecute|103_0(NpgsqlConnector connector, Boolean async, Boolean flush, CancellationToken cancellationToken)
   at Npgsql.NpgsqlCommand.ExecuteReader(Boolean async, CommandBehavior behavior, CancellationToken cancellationToken)
   at Npgsql.NpgsqlCommand.ExecuteReader(Boolean async, CommandBehavior behavior, CancellationToken cancellationToken)
   at Npgsql.NpgsqlCommand.ExecuteDbDataReaderAsync(CommandBehavior behavior, CancellationToken cancellationToken)
   at Microsoft.EntityFrameworkCore.Storage.RelationalCommand.ExecuteReaderAsync(RelationalCommandParameterObject parameterObject, CancellationToken cancellationToken)
   at Microsoft.EntityFrameworkCore.Storage.RelationalCommand.ExecuteReaderAsync(RelationalCommandParameterObject parameterObject, CancellationToken cancellationToken)
   at Microsoft.EntityFrameworkCore.Query.Internal.SingleQueryingEnumerable`1.AsyncEnumerator.InitializeReaderAsync(AsyncEnumerator enumerator, CancellationToken cancellationToken)
   at Npgsql.EntityFrameworkCore.PostgreSQL.Storage.Internal.NpgsqlExecutionStrategy.ExecuteAsync[TState,TResult](TState state, Func`4 operation, Func`4 verifySucceeded, CancellationToken cancellationToken)
   --- End of inner exception stack trace ---
   at Npgsql.EntityFrameworkCore.PostgreSQL.Storage.Internal.NpgsqlExecutionStrategy.ExecuteAsync[TState,TResult](TState state, Func`4 operation, Func`4 verifySucceeded, CancellationToken cancellationToken)
   at Microsoft.EntityFrameworkCore.Query.Internal.SingleQueryingEnumerable`1.AsyncEnumerator.MoveNextAsync()
System.InvalidOperationException: An exception has been raised that is likely due to a transient failure.
 ---> Npgsql.NpgsqlException (0x80004005): Exception while writing to stream
 ---> System.IO.IOException: Unable to write data to the transport connection: An existing connection was forcibly closed by the remote host..
 ---> System.Net.Sockets.SocketException (10054): An existing connection was forcibly closed by the remote host.
   at System.Net.Sockets.Socket.AwaitableSocketAsyncEventArgs.CreateException(SocketError error, Boolean forAsyncThrow)
   at System.Net.Sockets.Socket.AwaitableSocketAsyncEventArgs.SendAsyncForNetworkStream(Socket socket, CancellationToken cancellationToken)
   at System.Net.Sockets.NetworkStream.WriteAsync(Byte[] buffer, Int32 offset, Int32 count, CancellationToken cancellationToken)
   at Npgsql.Internal.NpgsqlWriteBuffer.Flush(Boolean async, CancellationToken cancellationToken)
   at System.Runtime.CompilerServices.AsyncMethodBuilderCore.Start[TStateMachine](TStateMachine& stateMachine)
   at Npgsql.Internal.NpgsqlWriteBuffer.Flush(Boolean async, CancellationToken cancellationToken)
   at Npgsql.Internal.NpgsqlConnector.Flush(Boolean async, CancellationToken cancellationToken)
   at Npgsql.NpgsqlCommand.<Write>g__WriteExecute|103_0(NpgsqlConnector connector, Boolean async, Boolean flush, CancellationToken cancellationToken)
   at System.Runtime.CompilerServices.AsyncMethodBuilderCore.Start[TStateMachine](TStateMachine& stateMachine)
   at Npgsql.NpgsqlCommand.<Write>g__WriteExecute|103_0(NpgsqlConnector connector, Boolean async, Boolean flush, CancellationToken cancellationToken)
   at Npgsql.NpgsqlCommand.Write(NpgsqlConnector connector, Boolean async, Boolean flush, CancellationToken cancellationToken)
   at Npgsql.NpgsqlCommand.ExecuteReader(Boolean async, CommandBehavior behavior, CancellationToken cancellationToken)
   at System.Runtime.CompilerServices.AsyncMethodBuilderCore.Start[TStateMachine](TStateMachine& stateMachine)
   at Npgsql.NpgsqlCommand.ExecuteReader(Boolean async, CommandBehavior behavior, CancellationToken cancellationToken)
   at Npgsql.NpgsqlCommand.ExecuteReaderAsync(CommandBehavior behavior, CancellationToken cancellationToken)
   at Npgsql.NpgsqlCommand.ExecuteDbDataReaderAsync(CommandBehavior behavior, CancellationToken cancellationToken)
   at System.Runtime.CompilerServices.AsyncMethodBuilderCore.Start[TStateMachine](TStateMachine& stateMachine)
   at Npgsql.NpgsqlCommand.ExecuteDbDataReaderAsync(CommandBehavior behavior, CancellationToken cancellationToken)
   at Microsoft.EntityFrameworkCore.Storage.RelationalCommand.ExecuteReaderAsync(RelationalCommandParameterObject parameterObject, CancellationToken cancellationToken)
   at System.Runtime.CompilerServices.AsyncMethodBuilderCore.Start[TStateMachine](TStateMachine& stateMachine)
   at Microsoft.EntityFrameworkCore.Storage.RelationalCommand.ExecuteReaderAsync(RelationalCommandParameterObject parameterObject, CancellationToken cancellationToken)
   at Microsoft.EntityFrameworkCore.Query.Internal.SingleQueryingEnumerable`1.AsyncEnumerator.InitializeReaderAsync(AsyncEnumerator enumerator, CancellationToken cancellationToken)
   at System.Runtime.CompilerServices.AsyncMethodBuilderCore.Start[TStateMachine](TStateMachine& stateMachine)
   at Microsoft.EntityFrameworkCore.Query.Internal.SingleQueryingEnumerable`1.AsyncEnumerator.InitializeReaderAsync(AsyncEnumerator enumerator, CancellationToken cancellationToken)
   at Microsoft.EntityFrameworkCore.Query.Internal.SingleQueryingEnumerable`1.AsyncEnumerator.<>c.<MoveNextAsync>b__20_0(DbContext _, AsyncEnumerator enumerator, CancellationToken cancellationToken)
   at Npgsql.EntityFrameworkCore.PostgreSQL.Storage.Internal.NpgsqlExecutionStrategy.ExecuteAsync[TState,TResult](TState state, Func`4 operation, Func`4 verifySucceeded, CancellationToken cancellationToken)
   at System.Runtime.CompilerServices.AsyncMethodBuilderCore.Start[TStateMachine](TStateMachine& stateMachine)
   at Npgsql.EntityFrameworkCore.PostgreSQL.Storage.Internal.NpgsqlExecutionStrategy.ExecuteAsync[TState,TResult](TState state, Func`4 operation, Func`4 verifySucceeded, CancellationToken cancellationToken)
   at Microsoft.EntityFrameworkCore.Query.Internal.SingleQueryingEnumerable`1.AsyncEnumerator.MoveNextAsync()
   at System.Runtime.CompilerServices.AsyncMethodBuilderCore.Start[TStateMachine](TStateMachine& stateMachine)
   at Microsoft.EntityFrameworkCore.Query.Internal.SingleQueryingEnumerable`1.AsyncEnumerator.MoveNextAsync()
   at Microsoft.EntityFrameworkCore.Query.ShapedQueryCompilingExpressionVisitor.SingleOrDefaultAsync[TSource](IAsyncEnumerable`1 asyncEnumerable, CancellationToken cancellationToken)
   at System.Runtime.CompilerServices.AsyncMethodBuilderCore.Start[TStateMachine](TStateMachine& stateMachine)
   at lambda_method833(Closure, QueryContext)
   at Microsoft.EntityFrameworkCore.Query.Internal.QueryCompiler.ExecuteCore[TResult](Expression query, Boolean async, CancellationToken cancellationToken)
   at Microsoft.EntityFrameworkCore.Query.Internal.QueryCompiler.ExecuteAsync[TResult](Expression query, CancellationToken cancellationToken)
   at Microsoft.EntityFrameworkCore.Query.Internal.EntityQueryProvider.ExecuteAsync[TResult](Expression expression, CancellationToken cancellationToken)
   at Microsoft.EntityFrameworkCore.EntityFrameworkQueryableExtensions.ExecuteAsync[TSource,TResult](MethodInfo operatorMethodInfo, IQueryable`1 source, Expression expression, CancellationToken cancellationToken)
   at Microsoft.EntityFrameworkCore.EntityFrameworkQueryableExtensions.ExecuteAsync[TSource,TResult](MethodInfo operatorMethodInfo, IQueryable`1 source, LambdaExpression expression, CancellationToken cancellationToken)
   at Microsoft.EntityFrameworkCore.EntityFrameworkQueryableExtensions.FirstOrDefaultAsync[TSource](IQueryable`1 source, Expression`1 predicate, CancellationToken cancellationToken)
   at AssignmentManagement.Infrastructure.Repositories.DashboardRepository.GetStudentDashboardMetricsAsync(Int32 studentUserId, CancellationToken cancellationToken) in C:\Users\Tarek\Desktop\assignment\src\AssignmentManagement.Infrastructure\Repositories\DashboardRepository.cs:line 205
   at System.Runtime.CompilerServices.AsyncMethodBuilderCore.Start[TStateMachine](TStateMachine& stateMachine)
   at AssignmentManagement.Infrastructure.Repositories.DashboardRepository.GetStudentDashboardMetricsAsync(Int32 studentUserId, CancellationToken cancellationToken)
   at AssignmentManagement.Application.Services.DashboardService.GetStudentDashboardAsync(CancellationToken cancellationToken) in C:\Users\Tarek\Desktop\assignment\src\AssignmentManagement.Application\Services\DashboardService.cs:line 37
   at System.Runtime.CompilerServices.AsyncMethodBuilderCore.Start[TStateMachine](TStateMachine& stateMachine)
   at AssignmentManagement.Application.Services.DashboardService.GetStudentDashboardAsync(CancellationToken cancellationToken)
   at AssignmentManagement.Api.Controllers.DashboardsController.GetStudentDashboard(CancellationToken cancellationToken) in C:\Users\Tarek\Desktop\assignment\src\AssignmentManagement.Api\Controllers\DashboardsController.cs:line 39
   at System.Runtime.CompilerServices.AsyncMethodBuilderCore.Start[TStateMachine](TStateMachine& stateMachine)
   at AssignmentManagement.Api.Controllers.DashboardsController.GetStudentDashboard(CancellationToken cancellationToken)
   at lambda_method813(Closure, Object, Object[])
   at Microsoft.AspNetCore.Mvc.Infrastructure.ActionMethodExecutor.AwaitableObjectResultExecutor.Execute(ActionContext actionContext, IActionResultTypeMapper mapper, ObjectMethodExecutor executor, Object controller, Object[] arguments)
   at System.Runtime.CompilerServices.AsyncMethodBuilderCore.Start[TStateMachine](TStateMachine& stateMachine)
   at Microsoft.AspNetCore.Mvc.Infrastructure.ActionMethodExecutor.AwaitableObjectResultExecutor.Execute(ActionContext actionContext, IActionResultTypeMapper mapper, ObjectMethodExecutor executor, Object controller, Object[] arguments)
   at Microsoft.AspNetCore.Mvc.Infrastructure.ControllerActionInvoker.InvokeActionMethodAsync()
   at Microsoft.AspNetCore.Mvc.Infrastructure.ControllerActionInvoker.Next(State& next, Scope& scope, Object& state, Boolean& isCompleted)
   at Microsoft.AspNetCore.Mvc.Infrastructure.ControllerActionInvoker.InvokeNextActionFilterAsync()
   at Microsoft.AspNetCore.Mvc.Infrastructure.ControllerActionInvoker.Next(State& next, Scope& scope, Object& state, Boolean& isCompleted)
   at Microsoft.AspNetCore.Mvc.Infrastructure.ControllerActionInvoker.InvokeNextActionFilterAsync()
   at Microsoft.AspNetCore.Mvc.Infrastructure.ControllerActionInvoker.Next(State& next, Scope& scope, Object& state, Boolean& isCompleted)
   at Microsoft.AspNetCore.Mvc.Infrastructure.ControllerActionInvoker.InvokeInnerFilterAsync()
   at Microsoft.AspNetCore.Mvc.Infrastructure.ResourceInvoker.Next(State& next, Scope& scope, Object& state, Boolean& isCompleted)
   at Microsoft.AspNetCore.Mvc.Infrastructure.ResourceInvoker.InvokeFilterPipelineAsync()
   at Microsoft.AspNetCore.Mvc.Infrastructure.ResourceInvoker.InvokeAsync()
   at Microsoft.AspNetCore.Authorization.AuthorizationMiddleware.Invoke(HttpContext context)
   at System.Runtime.CompilerServices.AsyncMethodBuilderCore.Start[TStateMachine](TStateMachine& stateMachine)
   at Microsoft.AspNetCore.Authorization.AuthorizationMiddleware.Invoke(HttpContext context)
   at Microsoft.AspNetCore.Authentication.AuthenticationMiddleware.Invoke(HttpContext context)
   at System.Runtime.CompilerServices.AsyncMethodBuilderCore.Start[TStateMachine](TStateMachine& stateMachine)
   at Microsoft.AspNetCore.Authentication.AuthenticationMiddleware.Invoke(HttpContext context)
   at Microsoft.AspNetCore.HttpsPolicy.HttpsRedirectionMiddleware.Invoke(HttpContext context)
   at AssignmentManagement.Api.Middleware.ExceptionMiddleware.InvokeAsync(HttpContext context) in C:\Users\Tarek\Desktop\assignment\src\AssignmentManagement.Api\Middleware\ExceptionMiddleware.cs:line 23
   at System.Runtime.CompilerServices.AsyncMethodBuilderCore.Start[TStateMachine](TStateMachine& stateMachine)
   at AssignmentManagement.Api.Middleware.ExceptionMiddleware.InvokeAsync(HttpContext context)
   at Microsoft.AspNetCore.HostFiltering.HostFilteringMiddleware.Invoke(HttpContext context)
   at Microsoft.AspNetCore.Server.Kestrel.Core.Internal.Http.HttpProtocol.ProcessRequests[TContext](IHttpApplication`1 application)
   at System.Runtime.CompilerServices.AsyncTaskMethodBuilder`1.AsyncStateMachineBox`1.ExecutionContextCallback(Object s)
   at System.Threading.ExecutionContext.RunFromThreadPoolDispatchLoop(Thread threadPoolThread, ExecutionContext executionContext, ContextCallback callback, Object state)
   at System.Runtime.CompilerServices.AsyncTaskMethodBuilder`1.AsyncStateMachineBox`1.MoveNext(Thread threadPoolThread)
   at System.Runtime.CompilerServices.AsyncTaskMethodBuilder`1.AsyncStateMachineBox`1.ExecuteFromThreadPool(Thread threadPoolThread)
   at System.Threading.ThreadPoolWorkQueue.Dispatch()
   at System.Threading.PortableThreadPool.WorkerThread.WorkerThreadStart()
   at System.Threading.Thread.StartCallback()
--- End of stack trace from previous location ---

   --- End of inner exception stack trace ---
   at Npgsql.Internal.NpgsqlWriteBuffer.Flush(Boolean async, CancellationToken cancellationToken)
   at Npgsql.Internal.NpgsqlWriteBuffer.Flush(Boolean async, CancellationToken cancellationToken)
   at Npgsql.NpgsqlCommand.<Write>g__WriteExecute|103_0(NpgsqlConnector connector, Boolean async, Boolean flush, CancellationToken cancellationToken)
   at Npgsql.NpgsqlCommand.ExecuteReader(Boolean async, CommandBehavior behavior, CancellationToken cancellationToken)
   at Npgsql.NpgsqlCommand.ExecuteReader(Boolean async, CommandBehavior behavior, CancellationToken cancellationToken)
   at Npgsql.NpgsqlCommand.ExecuteDbDataReaderAsync(CommandBehavior behavior, CancellationToken cancellationToken)
   at Microsoft.EntityFrameworkCore.Storage.RelationalCommand.ExecuteReaderAsync(RelationalCommandParameterObject parameterObject, CancellationToken cancellationToken)
   at Microsoft.EntityFrameworkCore.Storage.RelationalCommand.ExecuteReaderAsync(RelationalCommandParameterObject parameterObject, CancellationToken cancellationToken)
   at Microsoft.EntityFrameworkCore.Query.Internal.SingleQueryingEnumerable`1.AsyncEnumerator.InitializeReaderAsync(AsyncEnumerator enumerator, CancellationToken cancellationToken)
   at Npgsql.EntityFrameworkCore.PostgreSQL.Storage.Internal.NpgsqlExecutionStrategy.ExecuteAsync[TState,TResult](TState state, Func`4 operation, Func`4 verifySucceeded, CancellationToken cancellationToken)
   --- End of inner exception stack trace ---
   at Npgsql.EntityFrameworkCore.PostgreSQL.Storage.Internal.NpgsqlExecutionStrategy.ExecuteAsync[TState,TResult](TState state, Func`4 operation, Func`4 verifySucceeded, CancellationToken cancellationToken)
   at Microsoft.EntityFrameworkCore.Query.Internal.SingleQueryingEnumerable`1.AsyncEnumerator.MoveNextAsync()
2026-08-05 14:36:30.212 +06:00 [ERR] [AssignmentManagement.Api.Middleware.ExceptionMiddleware] Unhandled exception occurred while processing request GET /api/dashboard/student
System.InvalidOperationException: An exception has been raised that is likely due to a transient failure.
 ---> Npgsql.NpgsqlException (0x80004005): Exception while writing to stream
 ---> System.IO.IOException: Unable to write data to the transport connection: An existing connection was forcibly closed by the remote host..
 ---> System.Net.Sockets.SocketException (10054): An existing connection was forcibly closed by the remote host.
   at System.Net.Sockets.Socket.AwaitableSocketAsyncEventArgs.CreateException(SocketError error, Boolean forAsyncThrow)
   at System.Net.Sockets.Socket.AwaitableSocketAsyncEventArgs.SendAsyncForNetworkStream(Socket socket, CancellationToken cancellationToken)
   at System.Net.Sockets.NetworkStream.WriteAsync(Byte[] buffer, Int32 offset, Int32 count, CancellationToken cancellationToken)
   at Npgsql.Internal.NpgsqlWriteBuffer.Flush(Boolean async, CancellationToken cancellationToken)
   at System.Runtime.CompilerServices.AsyncMethodBuilderCore.Start[TStateMachine](TStateMachine& stateMachine)
   at Npgsql.Internal.NpgsqlWriteBuffer.Flush(Boolean async, CancellationToken cancellationToken)
   at Npgsql.Internal.NpgsqlConnector.Flush(Boolean async, CancellationToken cancellationToken)
   at Npgsql.NpgsqlCommand.<Write>g__WriteExecute|103_0(NpgsqlConnector connector, Boolean async, Boolean flush, CancellationToken cancellationToken)
   at System.Runtime.CompilerServices.AsyncMethodBuilderCore.Start[TStateMachine](TStateMachine& stateMachine)
   at Npgsql.NpgsqlCommand.<Write>g__WriteExecute|103_0(NpgsqlConnector connector, Boolean async, Boolean flush, CancellationToken cancellationToken)
   at Npgsql.NpgsqlCommand.Write(NpgsqlConnector connector, Boolean async, Boolean flush, CancellationToken cancellationToken)
   at Npgsql.NpgsqlCommand.ExecuteReader(Boolean async, CommandBehavior behavior, CancellationToken cancellationToken)
   at System.Runtime.CompilerServices.AsyncMethodBuilderCore.Start[TStateMachine](TStateMachine& stateMachine)
   at Npgsql.NpgsqlCommand.ExecuteReader(Boolean async, CommandBehavior behavior, CancellationToken cancellationToken)
   at Npgsql.NpgsqlCommand.ExecuteReaderAsync(CommandBehavior behavior, CancellationToken cancellationToken)
   at Npgsql.NpgsqlCommand.ExecuteDbDataReaderAsync(CommandBehavior behavior, CancellationToken cancellationToken)
   at System.Runtime.CompilerServices.AsyncMethodBuilderCore.Start[TStateMachine](TStateMachine& stateMachine)
   at Npgsql.NpgsqlCommand.ExecuteDbDataReaderAsync(CommandBehavior behavior, CancellationToken cancellationToken)
   at Microsoft.EntityFrameworkCore.Storage.RelationalCommand.ExecuteReaderAsync(RelationalCommandParameterObject parameterObject, CancellationToken cancellationToken)
   at System.Runtime.CompilerServices.AsyncMethodBuilderCore.Start[TStateMachine](TStateMachine& stateMachine)
   at Microsoft.EntityFrameworkCore.Storage.RelationalCommand.ExecuteReaderAsync(RelationalCommandParameterObject parameterObject, CancellationToken cancellationToken)
   at Microsoft.EntityFrameworkCore.Query.Internal.SingleQueryingEnumerable`1.AsyncEnumerator.InitializeReaderAsync(AsyncEnumerator enumerator, CancellationToken cancellationToken)
   at System.Runtime.CompilerServices.AsyncMethodBuilderCore.Start[TStateMachine](TStateMachine& stateMachine)
   at Microsoft.EntityFrameworkCore.Query.Internal.SingleQueryingEnumerable`1.AsyncEnumerator.InitializeReaderAsync(AsyncEnumerator enumerator, CancellationToken cancellationToken)
   at Microsoft.EntityFrameworkCore.Query.Internal.SingleQueryingEnumerable`1.AsyncEnumerator.<>c.<MoveNextAsync>b__20_0(DbContext _, AsyncEnumerator enumerator, CancellationToken cancellationToken)
   at Npgsql.EntityFrameworkCore.PostgreSQL.Storage.Internal.NpgsqlExecutionStrategy.ExecuteAsync[TState,TResult](TState state, Func`4 operation, Func`4 verifySucceeded, CancellationToken cancellationToken)
   at System.Runtime.CompilerServices.AsyncMethodBuilderCore.Start[TStateMachine](TStateMachine& stateMachine)
   at Npgsql.EntityFrameworkCore.PostgreSQL.Storage.Internal.NpgsqlExecutionStrategy.ExecuteAsync[TState,TResult](TState state, Func`4 operation, Func`4 verifySucceeded, CancellationToken cancellationToken)
   at Microsoft.EntityFrameworkCore.Query.Internal.SingleQueryingEnumerable`1.AsyncEnumerator.MoveNextAsync()
   at System.Runtime.CompilerServices.AsyncMethodBuilderCore.Start[TStateMachine](TStateMachine& stateMachine)
   at Microsoft.EntityFrameworkCore.Query.Internal.SingleQueryingEnumerable`1.AsyncEnumerator.MoveNextAsync()
   at Microsoft.EntityFrameworkCore.Query.ShapedQueryCompilingExpressionVisitor.SingleOrDefaultAsync[TSource](IAsyncEnumerable`1 asyncEnumerable, CancellationToken cancellationToken)
   at System.Runtime.CompilerServices.AsyncMethodBuilderCore.Start[TStateMachine](TStateMachine& stateMachine)
   at lambda_method833(Closure, QueryContext)
   at Microsoft.EntityFrameworkCore.Query.Internal.QueryCompiler.ExecuteCore[TResult](Expression query, Boolean async, CancellationToken cancellationToken)
   at Microsoft.EntityFrameworkCore.Query.Internal.QueryCompiler.ExecuteAsync[TResult](Expression query, CancellationToken cancellationToken)
   at Microsoft.EntityFrameworkCore.Query.Internal.EntityQueryProvider.ExecuteAsync[TResult](Expression expression, CancellationToken cancellationToken)
   at Microsoft.EntityFrameworkCore.EntityFrameworkQueryableExtensions.ExecuteAsync[TSource,TResult](MethodInfo operatorMethodInfo, IQueryable`1 source, Expression expression, CancellationToken cancellationToken)
   at Microsoft.EntityFrameworkCore.EntityFrameworkQueryableExtensions.ExecuteAsync[TSource,TResult](MethodInfo operatorMethodInfo, IQueryable`1 source, LambdaExpression expression, CancellationToken cancellationToken)
   at Microsoft.EntityFrameworkCore.EntityFrameworkQueryableExtensions.FirstOrDefaultAsync[TSource](IQueryable`1 source, Expression`1 predicate, CancellationToken cancellationToken)
   at AssignmentManagement.Infrastructure.Repositories.DashboardRepository.GetStudentDashboardMetricsAsync(Int32 studentUserId, CancellationToken cancellationToken) in C:\Users\Tarek\Desktop\assignment\src\AssignmentManagement.Infrastructure\Repositories\DashboardRepository.cs:line 205
   at System.Runtime.CompilerServices.AsyncMethodBuilderCore.Start[TStateMachine](TStateMachine& stateMachine)
   at AssignmentManagement.Infrastructure.Repositories.DashboardRepository.GetStudentDashboardMetricsAsync(Int32 studentUserId, CancellationToken cancellationToken)
   at AssignmentManagement.Application.Services.DashboardService.GetStudentDashboardAsync(CancellationToken cancellationToken) in C:\Users\Tarek\Desktop\assignment\src\AssignmentManagement.Application\Services\DashboardService.cs:line 37
   at System.Runtime.CompilerServices.AsyncMethodBuilderCore.Start[TStateMachine](TStateMachine& stateMachine)
   at AssignmentManagement.Application.Services.DashboardService.GetStudentDashboardAsync(CancellationToken cancellationToken)
   at AssignmentManagement.Api.Controllers.DashboardsController.GetStudentDashboard(CancellationToken cancellationToken) in C:\Users\Tarek\Desktop\assignment\src\AssignmentManagement.Api\Controllers\DashboardsController.cs:line 39
   at System.Runtime.CompilerServices.AsyncMethodBuilderCore.Start[TStateMachine](TStateMachine& stateMachine)
   at AssignmentManagement.Api.Controllers.DashboardsController.GetStudentDashboard(CancellationToken cancellationToken)
   at lambda_method813(Closure, Object, Object[])
   at Microsoft.AspNetCore.Mvc.Infrastructure.ActionMethodExecutor.AwaitableObjectResultExecutor.Execute(ActionContext actionContext, IActionResultTypeMapper mapper, ObjectMethodExecutor executor, Object controller, Object[] arguments)
   at System.Runtime.CompilerServices.AsyncMethodBuilderCore.Start[TStateMachine](TStateMachine& stateMachine)
   at Microsoft.AspNetCore.Mvc.Infrastructure.ActionMethodExecutor.AwaitableObjectResultExecutor.Execute(ActionContext actionContext, IActionResultTypeMapper mapper, ObjectMethodExecutor executor, Object controller, Object[] arguments)
   at Microsoft.AspNetCore.Mvc.Infrastructure.ControllerActionInvoker.InvokeActionMethodAsync()
   at Microsoft.AspNetCore.Mvc.Infrastructure.ControllerActionInvoker.Next(State& next, Scope& scope, Object& state, Boolean& isCompleted)
   at Microsoft.AspNetCore.Mvc.Infrastructure.ControllerActionInvoker.InvokeNextActionFilterAsync()
   at Microsoft.AspNetCore.Mvc.Infrastructure.ControllerActionInvoker.Next(State& next, Scope& scope, Object& state, Boolean& isCompleted)
   at Microsoft.AspNetCore.Mvc.Infrastructure.ControllerActionInvoker.InvokeNextActionFilterAsync()
   at Microsoft.AspNetCore.Mvc.Infrastructure.ControllerActionInvoker.Next(State& next, Scope& scope, Object& state, Boolean& isCompleted)
   at Microsoft.AspNetCore.Mvc.Infrastructure.ControllerActionInvoker.InvokeInnerFilterAsync()
   at Microsoft.AspNetCore.Mvc.Infrastructure.ResourceInvoker.Next(State& next, Scope& scope, Object& state, Boolean& isCompleted)
   at Microsoft.AspNetCore.Mvc.Infrastructure.ResourceInvoker.InvokeFilterPipelineAsync()
   at Microsoft.AspNetCore.Mvc.Infrastructure.ResourceInvoker.InvokeAsync()
   at Microsoft.AspNetCore.Authorization.AuthorizationMiddleware.Invoke(HttpContext context)
   at System.Runtime.CompilerServices.AsyncMethodBuilderCore.Start[TStateMachine](TStateMachine& stateMachine)
   at Microsoft.AspNetCore.Authorization.AuthorizationMiddleware.Invoke(HttpContext context)
   at Microsoft.AspNetCore.Authentication.AuthenticationMiddleware.Invoke(HttpContext context)
   at System.Runtime.CompilerServices.AsyncMethodBuilderCore.Start[TStateMachine](TStateMachine& stateMachine)
   at Microsoft.AspNetCore.Authentication.AuthenticationMiddleware.Invoke(HttpContext context)
   at Microsoft.AspNetCore.HttpsPolicy.HttpsRedirectionMiddleware.Invoke(HttpContext context)
   at AssignmentManagement.Api.Middleware.ExceptionMiddleware.InvokeAsync(HttpContext context) in C:\Users\Tarek\Desktop\assignment\src\AssignmentManagement.Api\Middleware\ExceptionMiddleware.cs:line 23
   at System.Runtime.CompilerServices.AsyncMethodBuilderCore.Start[TStateMachine](TStateMachine& stateMachine)
   at AssignmentManagement.Api.Middleware.ExceptionMiddleware.InvokeAsync(HttpContext context)
   at Microsoft.AspNetCore.HostFiltering.HostFilteringMiddleware.Invoke(HttpContext context)
   at Microsoft.AspNetCore.Server.Kestrel.Core.Internal.Http.HttpProtocol.ProcessRequests[TContext](IHttpApplication`1 application)
   at System.Runtime.CompilerServices.AsyncTaskMethodBuilder`1.AsyncStateMachineBox`1.ExecutionContextCallback(Object s)
   at System.Threading.ExecutionContext.RunFromThreadPoolDispatchLoop(Thread threadPoolThread, ExecutionContext executionContext, ContextCallback callback, Object state)
   at System.Runtime.CompilerServices.AsyncTaskMethodBuilder`1.AsyncStateMachineBox`1.MoveNext(Thread threadPoolThread)
   at System.Runtime.CompilerServices.AsyncTaskMethodBuilder`1.AsyncStateMachineBox`1.ExecuteFromThreadPool(Thread threadPoolThread)
   at System.Threading.ThreadPoolWorkQueue.Dispatch()
   at System.Threading.PortableThreadPool.WorkerThread.WorkerThreadStart()
   at System.Threading.Thread.StartCallback()
--- End of stack trace from previous location ---

   --- End of inner exception stack trace ---
   at Npgsql.Internal.NpgsqlWriteBuffer.Flush(Boolean async, CancellationToken cancellationToken)
   at Npgsql.Internal.NpgsqlWriteBuffer.Flush(Boolean async, CancellationToken cancellationToken)
   at Npgsql.NpgsqlCommand.<Write>g__WriteExecute|103_0(NpgsqlConnector connector, Boolean async, Boolean flush, CancellationToken cancellationToken)
   at Npgsql.NpgsqlCommand.ExecuteReader(Boolean async, CommandBehavior behavior, CancellationToken cancellationToken)
   at Npgsql.NpgsqlCommand.ExecuteReader(Boolean async, CommandBehavior behavior, CancellationToken cancellationToken)
   at Npgsql.NpgsqlCommand.ExecuteDbDataReaderAsync(CommandBehavior behavior, CancellationToken cancellationToken)
   at Microsoft.EntityFrameworkCore.Storage.RelationalCommand.ExecuteReaderAsync(RelationalCommandParameterObject parameterObject, CancellationToken cancellationToken)
   at Microsoft.EntityFrameworkCore.Storage.RelationalCommand.ExecuteReaderAsync(RelationalCommandParameterObject parameterObject, CancellationToken cancellationToken)
   at Microsoft.EntityFrameworkCore.Query.Internal.SingleQueryingEnumerable`1.AsyncEnumerator.InitializeReaderAsync(AsyncEnumerator enumerator, CancellationToken cancellationToken)
   at Npgsql.EntityFrameworkCore.PostgreSQL.Storage.Internal.NpgsqlExecutionStrategy.ExecuteAsync[TState,TResult](TState state, Func`4 operation, Func`4 verifySucceeded, CancellationToken cancellationToken)
   --- End of inner exception stack trace ---
   at Npgsql.EntityFrameworkCore.PostgreSQL.Storage.Internal.NpgsqlExecutionStrategy.ExecuteAsync[TState,TResult](TState state, Func`4 operation, Func`4 verifySucceeded, CancellationToken cancellationToken)
   at Microsoft.EntityFrameworkCore.Query.Internal.SingleQueryingEnumerable`1.AsyncEnumerator.MoveNextAsync()
   at Microsoft.EntityFrameworkCore.Query.ShapedQueryCompilingExpressionVisitor.SingleOrDefaultAsync[TSource](IAsyncEnumerable`1 asyncEnumerable, CancellationToken cancellationToken)
   at Microsoft.EntityFrameworkCore.Query.ShapedQueryCompilingExpressionVisitor.SingleOrDefaultAsync[TSource](IAsyncEnumerable`1 asyncEnumerable, CancellationToken cancellationToken)
   at AssignmentManagement.Infrastructure.Repositories.DashboardRepository.GetStudentDashboardMetricsAsync(Int32 studentUserId, CancellationToken cancellationToken) in C:\Users\Tarek\Desktop\assignment\src\AssignmentManagement.Infrastructure\Repositories\DashboardRepository.cs:line 205
   at AssignmentManagement.Application.Services.DashboardService.GetStudentDashboardAsync(CancellationToken cancellationToken) in C:\Users\Tarek\Desktop\assignment\src\AssignmentManagement.Application\Services\DashboardService.cs:line 37
   at AssignmentManagement.Api.Controllers.DashboardsController.GetStudentDashboard(CancellationToken cancellationToken) in C:\Users\Tarek\Desktop\assignment\src\AssignmentManagement.Api\Controllers\DashboardsController.cs:line 39
   at lambda_method810(Closure, Object)
   at Microsoft.AspNetCore.Mvc.Infrastructure.ActionMethodExecutor.AwaitableObjectResultExecutor.Execute(ActionContext actionContext, IActionResultTypeMapper mapper, ObjectMethodExecutor executor, Object controller, Object[] arguments)
   at Microsoft.AspNetCore.Mvc.Infrastructure.ControllerActionInvoker.<InvokeActionMethodAsync>g__Awaited|12_0(ControllerActionInvoker invoker, ValueTask`1 actionResultValueTask)
   at Microsoft.AspNetCore.Mvc.Infrastructure.ControllerActionInvoker.<InvokeNextActionFilterAsync>g__Awaited|10_0(ControllerActionInvoker invoker, Task lastTask, State next, Scope scope, Object state, Boolean isCompleted)
   at Microsoft.AspNetCore.Mvc.Infrastructure.ControllerActionInvoker.Rethrow(ActionExecutedContextSealed context)
   at Microsoft.AspNetCore.Mvc.Infrastructure.ControllerActionInvoker.Next(State& next, Scope& scope, Object& state, Boolean& isCompleted)
   at Microsoft.AspNetCore.Mvc.Infrastructure.ControllerActionInvoker.InvokeInnerFilterAsync()
--- End of stack trace from previous location ---
   at Microsoft.AspNetCore.Mvc.Infrastructure.ResourceInvoker.<InvokeFilterPipelineAsync>g__Awaited|20_0(ResourceInvoker invoker, Task lastTask, State next, Scope scope, Object state, Boolean isCompleted)
   at Microsoft.AspNetCore.Mvc.Infrastructure.ResourceInvoker.<InvokeAsync>g__Awaited|17_0(ResourceInvoker invoker, Task task, IDisposable scope)
   at Microsoft.AspNetCore.Mvc.Infrastructure.ResourceInvoker.<InvokeAsync>g__Awaited|17_0(ResourceInvoker invoker, Task task, IDisposable scope)
   at Microsoft.AspNetCore.Authorization.AuthorizationMiddleware.Invoke(HttpContext context)
   at Microsoft.AspNetCore.Authentication.AuthenticationMiddleware.Invoke(HttpContext context)
   at AssignmentManagement.Api.Middleware.ExceptionMiddleware.InvokeAsync(HttpContext context) in C:\Users\Tarek\Desktop\assignment\src\AssignmentManagement.Api\Middleware\ExceptionMiddleware.cs:line 23
2026-08-05 14:36:41.561 +06:00 [INF] [AssignmentManagement.Application.Services.AuthService] User 1 (admin@example.com) logged in successfully with role "Admin"
2026-08-05 14:36:47.102 +06:00 [INF] [AssignmentManagement.Application.Services.AuthService] User 1 (admin@example.com) logged in successfully with role "Admin"
2026-08-05 14:36:57.151 +06:00 [INF] [AssignmentManagement.Application.Services.AuthService] User 1 (admin@example.com) logged in successfully with role "Admin"
2026-08-05 14:39:46.590 +06:00 [INF] [AssignmentManagement.Application.Services.AuthService] User 31 (student15@school.edu.bd) logged out
2026-08-05 14:39:47.673 +06:00 [INF] [AssignmentManagement.Application.Services.AuthService] User 31 (student15@school.edu.bd) logged in successfully with role "Student"
2026-08-05 14:41:52.817 +06:00 [INF] [AssignmentManagement.Application.Services.AuthService] User 31 (student15@school.edu.bd) logged out
2026-08-05 14:41:56.328 +06:00 [INF] [AssignmentManagement.Application.Services.AuthService] User 1 (admin@example.com) logged in successfully with role "Admin"
2026-08-05 14:44:35.149 +06:00 [INF] [AssignmentManagement.Application.Services.AuthService] User 1 (admin@example.com) logged out
2026-08-05 14:44:42.705 +06:00 [INF] [AssignmentManagement.Application.Services.AuthService] User 116 (student100@school.edu.bd) logged in successfully with role "Student"
2026-08-05 14:44:46.039 +06:00 [INF] [AssignmentManagement.Application.Services.AuthService] User 116 (student100@school.edu.bd) logged out
2026-08-05 14:44:50.735 +06:00 [INF] [AssignmentManagement.Application.Services.AuthService] User 27 (student11@school.edu.bd) logged in successfully with role "Student"
2026-08-05 14:45:04.791 +06:00 [INF] [AssignmentManagement.Application.Services.AuthService] User 27 (student11@school.edu.bd) logged out
2026-08-05 14:45:08.830 +06:00 [INF] [AssignmentManagement.Application.Services.AuthService] User 43 (student27@school.edu.bd) logged in successfully with role "Student"
2026-08-05 14:52:18.910 +06:00 [INF] [AssignmentManagement.Application.Services.AuthService] User 43 (student27@school.edu.bd) logged out
2026-08-05 14:52:21.975 +06:00 [INF] [AssignmentManagement.Application.Services.AuthService] User 1 (admin@example.com) logged in successfully with role "Admin"
2026-08-05 14:52:57.918 +06:00 [INF] [AssignmentManagement.Application.Services.AuthService] User 1 (admin@example.com) logged out
2026-08-05 14:53:02.093 +06:00 [INF] [AssignmentManagement.Application.Services.AuthService] User 2 (teacher@example.com) logged in successfully with role "Teacher"
2026-08-05 14:53:48.856 +06:00 [INF] [AssignmentManagement.Application.Services.AuthService] User 2 (teacher@example.com) logged out
2026-08-05 14:53:55.405 +06:00 [INF] [AssignmentManagement.Application.Services.AuthService] User 27 (student11@school.edu.bd) logged in successfully with role "Student"
2026-08-05 14:54:00.255 +06:00 [INF] [AssignmentManagement.Application.Services.AuthService] User 27 (student11@school.edu.bd) logged out
2026-08-05 14:54:03.733 +06:00 [INF] [AssignmentManagement.Application.Services.AuthService] User 2 (teacher@example.com) logged in successfully with role "Teacher"
2026-08-05 14:54:12.118 +06:00 [INF] [AssignmentManagement.Application.Services.AuthService] User 2 (teacher@example.com) logged out
2026-08-05 14:54:29.531 +06:00 [INF] [AssignmentManagement.Application.Services.AuthService] User 27 (student11@school.edu.bd) logged in successfully with role "Student"
2026-08-05 14:55:55.342 +06:00 [INF] [AssignmentManagement.Application.Services.AuthService] User 27 (student11@school.edu.bd) logged in successfully with role "Student"
2026-08-05 15:01:04.430 +06:00 [INF] [AssignmentManagement.Application.Services.AuthService] User 27 (student11@school.edu.bd) logged out
2026-08-05 15:01:07.922 +06:00 [INF] [AssignmentManagement.Application.Services.AuthService] User 1 (admin@example.com) logged in successfully with role "Admin"
2026-08-05 15:01:33.740 +06:00 [INF] [AssignmentManagement.Application.Services.AuthService] User 1 (admin@example.com) logged out
2026-08-05 15:01:37.137 +06:00 [INF] [AssignmentManagement.Application.Services.AuthService] User 1 (admin@example.com) logged in successfully with role "Admin"
2026-08-05 15:01:38.783 +06:00 [INF] [AssignmentManagement.Application.Services.AuthService] User 1 (admin@example.com) logged out
2026-08-05 15:01:42.213 +06:00 [INF] [AssignmentManagement.Application.Services.AuthService] User 31 (student15@school.edu.bd) logged in successfully with role "Student"
2026-08-05 15:03:04.924 +06:00 [INF] [AssignmentManagement.Application.Services.AuthService] User 31 (student15@school.edu.bd) logged out
2026-08-05 15:03:07.993 +06:00 [INF] [AssignmentManagement.Application.Services.AuthService] User 1 (admin@example.com) logged in successfully with role "Admin"
2026-08-05 15:07:40.869 +06:00 [INF] [AssignmentManagement.Application.Services.AuthService] User 1 (admin@example.com) logged out
2026-08-05 15:08:24.918 +06:00 [INF] [AssignmentManagement.Application.Services.AuthService] User 1 (admin@example.com) logged in successfully with role "Admin"
2026-08-05 15:08:34.277 +06:00 [INF] [AssignmentManagement.Application.Services.AuthService] User 1 (admin@example.com) logged out
2026-08-05 15:08:43.975 +06:00 [INF] [AssignmentManagement.Application.Services.AuthService] User 116 (student100@school.edu.bd) logged in successfully with role "Student"
2026-08-05 15:09:00.661 +06:00 [INF] [AssignmentManagement.Application.Services.AuthService] User 116 (student100@school.edu.bd) logged out
2026-08-05 15:09:04.404 +06:00 [INF] [AssignmentManagement.Application.Services.AuthService] User 2 (teacher@example.com) logged in successfully with role "Teacher"
2026-08-05 15:10:50.183 +06:00 [INF] [AssignmentManagement.Application.Services.AuthService] User 2 (teacher@example.com) logged out
2026-08-05 15:11:04.094 +06:00 [INF] [AssignmentManagement.Application.Services.AuthService] User 116 (student100@school.edu.bd) logged in successfully with role "Student"
2026-08-05 15:15:05.838 +06:00 [INF] [AssignmentManagement.Application.Services.AuthService] User 116 (student100@school.edu.bd) logged out
2026-08-05 15:15:44.860 +06:00 [INF] [AssignmentManagement.Application.Services.AuthService] User 116 (student100@school.edu.bd) logged in successfully with role "Student"
2026-08-05 15:15:50.573 +06:00 [INF] [AssignmentManagement.Application.Services.AuthService] User 116 (student100@school.edu.bd) logged out
2026-08-05 15:15:55.226 +06:00 [INF] [AssignmentManagement.Application.Services.AuthService] User 31 (student15@school.edu.bd) logged in successfully with role "Student"
2026-08-05 15:16:12.470 +06:00 [INF] [AssignmentManagement.Application.Services.AuthService] User 31 (student15@school.edu.bd) logged out
2026-08-05 15:16:15.345 +06:00 [INF] [AssignmentManagement.Application.Services.AuthService] User 1 (admin@example.com) logged in successfully with role "Admin"
2026-08-05 15:17:40.157 +06:00 [INF] [AssignmentManagement.Application.Services.AuthService] User 1 (admin@example.com) logged out
2026-08-05 15:17:41.204 +06:00 [INF] [AssignmentManagement.Application.Services.AuthService] User 1 (admin@example.com) logged in successfully with role "Admin"
2026-08-05 15:25:44.582 +06:00 [INF] [AssignmentManagement.Application.Services.AuthService] User 1 (admin@example.com) logged out
2026-08-05 15:25:47.157 +06:00 [INF] [AssignmentManagement.Application.Services.AuthService] User 116 (student100@school.edu.bd) logged in successfully with role "Student"
2026-08-05 15:26:33.141 +06:00 [INF] [AssignmentManagement.Application.Services.AuthService] User 116 (student100@school.edu.bd) logged out
2026-08-05 15:26:45.559 +06:00 [INF] [AssignmentManagement.Application.Services.AuthService] User 1 (admin@example.com) logged in successfully with role "Admin"
2026-08-05 15:27:20.209 +06:00 [ERR] [AssignmentManagement.Api.Middleware.ExceptionMiddleware] Unhandled exception occurred while processing request PATCH /api/classes/21/assign-teacher
FluentValidation.AsyncValidatorInvokedSynchronouslyException: Validator "AssignTeacherRequestDtoValidator" can't be used with ASP.NET automatic validation as it contains asynchronous rules. ASP.NET's validation pipeline is not asynchronous and can't invoke asynchronous rules. Remove the asynchronous rules in order for this validator to run.
   at FluentValidation.AbstractValidator`1.Validate(ValidationContext`1 context) in /_/src/FluentValidation/AbstractValidator.cs:line 207
   at FluentValidation.AspNetCore.FluentValidationModelValidator.Validate(ModelValidationContext mvContext) in /_/src/FluentValidation.AspNetCore/FluentValidationModelValidatorProvider.cs:line 150
   at Microsoft.AspNetCore.Mvc.ModelBinding.Validation.ValidationVisitor.ValidateNode()
   at Microsoft.AspNetCore.Mvc.ModelBinding.Validation.ValidationVisitor.VisitComplexType(IValidationStrategy defaultStrategy)
   at Microsoft.AspNetCore.Mvc.ModelBinding.Validation.ValidationVisitor.VisitImplementation(ModelMetadata& metadata, String& key, Object model)
   at Microsoft.AspNetCore.Mvc.ModelBinding.ParameterBinder.BindModelAsync(ActionContext actionContext, IModelBinder modelBinder, IValueProvider valueProvider, ParameterDescriptor parameter, ModelMetadata metadata, Object value, Object container)
   at Microsoft.AspNetCore.Mvc.Controllers.ControllerBinderDelegateProvider.<>c__DisplayClass0_0.<<CreateBinderDelegate>g__Bind|0>d.MoveNext()
--- End of stack trace from previous location ---
   at Microsoft.AspNetCore.Mvc.Infrastructure.ControllerActionInvoker.<InvokeInnerFilterAsync>g__Awaited|13_0(ControllerActionInvoker invoker, Task lastTask, State next, Scope scope, Object state, Boolean isCompleted)
   at Microsoft.AspNetCore.Mvc.Infrastructure.ResourceInvoker.<InvokeFilterPipelineAsync>g__Awaited|20_0(ResourceInvoker invoker, Task lastTask, State next, Scope scope, Object state, Boolean isCompleted)
   at Microsoft.AspNetCore.Mvc.Infrastructure.ResourceInvoker.<InvokeAsync>g__Awaited|17_0(ResourceInvoker invoker, Task task, IDisposable scope)
   at Microsoft.AspNetCore.Mvc.Infrastructure.ResourceInvoker.<InvokeAsync>g__Awaited|17_0(ResourceInvoker invoker, Task task, IDisposable scope)
   at Microsoft.AspNetCore.Authorization.AuthorizationMiddleware.Invoke(HttpContext context)
   at Microsoft.AspNetCore.Authentication.AuthenticationMiddleware.Invoke(HttpContext context)
   at AssignmentManagement.Api.Middleware.ExceptionMiddleware.InvokeAsync(HttpContext context) in C:\Users\Tarek\Desktop\assignment\src\AssignmentManagement.Api\Middleware\ExceptionMiddleware.cs:line 23
2026-08-05 15:27:35.128 +06:00 [ERR] [AssignmentManagement.Api.Middleware.ExceptionMiddleware] Unhandled exception occurred while processing request PATCH /api/classes/13/assign-teacher
FluentValidation.AsyncValidatorInvokedSynchronouslyException: Validator "AssignTeacherRequestDtoValidator" can't be used with ASP.NET automatic validation as it contains asynchronous rules. ASP.NET's validation pipeline is not asynchronous and can't invoke asynchronous rules. Remove the asynchronous rules in order for this validator to run.
   at FluentValidation.AbstractValidator`1.Validate(ValidationContext`1 context) in /_/src/FluentValidation/AbstractValidator.cs:line 207
   at FluentValidation.AspNetCore.FluentValidationModelValidator.Validate(ModelValidationContext mvContext) in /_/src/FluentValidation.AspNetCore/FluentValidationModelValidatorProvider.cs:line 150
   at Microsoft.AspNetCore.Mvc.ModelBinding.Validation.ValidationVisitor.ValidateNode()
   at Microsoft.AspNetCore.Mvc.ModelBinding.Validation.ValidationVisitor.VisitComplexType(IValidationStrategy defaultStrategy)
   at Microsoft.AspNetCore.Mvc.ModelBinding.Validation.ValidationVisitor.VisitImplementation(ModelMetadata& metadata, String& key, Object model)
   at Microsoft.AspNetCore.Mvc.ModelBinding.ParameterBinder.BindModelAsync(ActionContext actionContext, IModelBinder modelBinder, IValueProvider valueProvider, ParameterDescriptor parameter, ModelMetadata metadata, Object value, Object container)
   at Microsoft.AspNetCore.Mvc.Controllers.ControllerBinderDelegateProvider.<>c__DisplayClass0_0.<<CreateBinderDelegate>g__Bind|0>d.MoveNext()
--- End of stack trace from previous location ---
   at Microsoft.AspNetCore.Mvc.Infrastructure.ControllerActionInvoker.<InvokeInnerFilterAsync>g__Awaited|13_0(ControllerActionInvoker invoker, Task lastTask, State next, Scope scope, Object state, Boolean isCompleted)
   at Microsoft.AspNetCore.Mvc.Infrastructure.ResourceInvoker.<InvokeFilterPipelineAsync>g__Awaited|20_0(ResourceInvoker invoker, Task lastTask, State next, Scope scope, Object state, Boolean isCompleted)
   at Microsoft.AspNetCore.Mvc.Infrastructure.ResourceInvoker.<InvokeAsync>g__Awaited|17_0(ResourceInvoker invoker, Task task, IDisposable scope)
   at Microsoft.AspNetCore.Mvc.Infrastructure.ResourceInvoker.<InvokeAsync>g__Awaited|17_0(ResourceInvoker invoker, Task task, IDisposable scope)
   at Microsoft.AspNetCore.Authorization.AuthorizationMiddleware.Invoke(HttpContext context)
   at Microsoft.AspNetCore.Authentication.AuthenticationMiddleware.Invoke(HttpContext context)
   at AssignmentManagement.Api.Middleware.ExceptionMiddleware.InvokeAsync(HttpContext context) in C:\Users\Tarek\Desktop\assignment\src\AssignmentManagement.Api\Middleware\ExceptionMiddleware.cs:line 23
2026-08-05 15:29:15.718 +06:00 [INF] [AssignmentManagement.Application.Services.AuthService] User 1 (admin@example.com) logged out
2026-08-05 15:29:18.460 +06:00 [INF] [AssignmentManagement.Application.Services.AuthService] User 116 (student100@school.edu.bd) logged in successfully with role "Student"
