2026-08-10 08:38:45.301 +06:00 [INF] [Microsoft.Hosting.Lifetime] Now listening on: http://localhost:5000
2026-08-10 08:38:45.325 +06:00 [INF] [Microsoft.Hosting.Lifetime] Application started. Press Ctrl+C to shut down.
2026-08-10 08:38:45.325 +06:00 [INF] [Microsoft.Hosting.Lifetime] Hosting environment: Production
2026-08-10 08:38:45.325 +06:00 [INF] [Microsoft.Hosting.Lifetime] Content root path: C:\Users\Tarek\Desktop\assignment\src\AssignmentManagement.Api
2026-08-10 08:42:04.926 +06:00 [WRN] [Microsoft.AspNetCore.HttpsPolicy.HttpsRedirectionMiddleware] Failed to determine the https port for redirect.
2026-08-10 08:42:05.015 +06:00 [INF] [AssignmentManagement.Application.Services.AuthService] Login attempt received for email 'admin@school.edu.bd' (length 12)
2026-08-10 08:42:05.259 +06:00 [INF] [AssignmentManagement.Application.Services.AuthService] User 117 (admin@school.edu.bd) logged in successfully with role "Admin"
2026-08-10 08:42:51.629 +06:00 [INF] [AssignmentManagement.Application.Services.AuthService] User 117 (admin@school.edu.bd) logged out
2026-08-10 08:43:40.083 +06:00 [INF] [AssignmentManagement.Application.Services.AuthService] Login attempt received for email 'sarah@gmail.com' (length 8)
2026-08-10 08:43:40.084 +06:00 [WRN] [AssignmentManagement.Application.Services.AuthService] Login failed: No user found for email 'sarah@gmail.com'
2026-08-10 08:43:40.087 +06:00 [ERR] [AssignmentManagement.Api.Middleware.ExceptionMiddleware] Unhandled exception occurred while processing request POST /api/auth/login
System.UnauthorizedAccessException: Invalid email or password.
   at AssignmentManagement.Application.Services.AuthService.LoginAsync(LoginRequestDto request, CancellationToken cancellationToken) in C:\Users\Tarek\Desktop\assignment\src\AssignmentManagement.Application\Services\AuthService.cs:line 42
   at AssignmentManagement.Api.Controllers.AuthController.Login(LoginRequestDto request, CancellationToken cancellationToken) in C:\Users\Tarek\Desktop\assignment\src\AssignmentManagement.Api\Controllers\AuthController.cs:line 21
   at lambda_method152(Closure, Object)
   at Microsoft.AspNetCore.Mvc.Infrastructure.ActionMethodExecutor.AwaitableObjectResultExecutor.Execute(ActionContext actionContext, IActionResultTypeMapper mapper, ObjectMethodExecutor executor, Object controller, Object[] arguments)
   at Microsoft.AspNetCore.Mvc.Infrastructure.ControllerActionInvoker.<InvokeActionMethodAsync>g__Awaited|12_0(ControllerActionInvoker invoker, ValueTask`1 actionResultValueTask)
   at Microsoft.AspNetCore.Mvc.Infrastructure.ControllerActionInvoker.<InvokeNextActionFilterAsync>g__Awaited|10_0(ControllerActionInvoker invoker, Task lastTask, State next, Scope scope, Object state, Boolean isCompleted)
   at Microsoft.AspNetCore.Mvc.Infrastructure.ControllerActionInvoker.Rethrow(ActionExecutedContextSealed context)
   at Microsoft.AspNetCore.Mvc.Infrastructure.ControllerActionInvoker.Next(State& next, Scope& scope, Object& state, Boolean& isCompleted)
   at Microsoft.AspNetCore.Mvc.Infrastructure.ControllerActionInvoker.<InvokeInnerFilterAsync>g__Awaited|13_0(ControllerActionInvoker invoker, Task lastTask, State next, Scope scope, Object state, Boolean isCompleted)
   at Microsoft.AspNetCore.Mvc.Infrastructure.ResourceInvoker.<InvokeFilterPipelineAsync>g__Awaited|20_0(ResourceInvoker invoker, Task lastTask, State next, Scope scope, Object state, Boolean isCompleted)
   at Microsoft.AspNetCore.Mvc.Infrastructure.ResourceInvoker.<InvokeAsync>g__Awaited|17_0(ResourceInvoker invoker, Task task, IDisposable scope)
   at Microsoft.AspNetCore.Mvc.Infrastructure.ResourceInvoker.<InvokeAsync>g__Awaited|17_0(ResourceInvoker invoker, Task task, IDisposable scope)
   at Microsoft.AspNetCore.Authorization.AuthorizationMiddleware.Invoke(HttpContext context)
   at Microsoft.AspNetCore.Authentication.AuthenticationMiddleware.Invoke(HttpContext context)
   at Swashbuckle.AspNetCore.SwaggerUI.SwaggerUIMiddleware.Invoke(HttpContext httpContext)
   at Swashbuckle.AspNetCore.Swagger.SwaggerMiddleware.Invoke(HttpContext httpContext, ISwaggerProvider swaggerProvider)
   at AssignmentManagement.Api.Middleware.ExceptionMiddleware.InvokeAsync(HttpContext context) in C:\Users\Tarek\Desktop\assignment\src\AssignmentManagement.Api\Middleware\ExceptionMiddleware.cs:line 23
2026-08-10 08:43:43.751 +06:00 [INF] [AssignmentManagement.Application.Services.AuthService] Login attempt received for email 'sarah@gmail.com' (length 8)
2026-08-10 08:43:43.753 +06:00 [WRN] [AssignmentManagement.Application.Services.AuthService] Login failed: No user found for email 'sarah@gmail.com'
2026-08-10 08:43:43.753 +06:00 [ERR] [AssignmentManagement.Api.Middleware.ExceptionMiddleware] Unhandled exception occurred while processing request POST /api/auth/login
System.UnauthorizedAccessException: Invalid email or password.
   at AssignmentManagement.Application.Services.AuthService.LoginAsync(LoginRequestDto request, CancellationToken cancellationToken) in C:\Users\Tarek\Desktop\assignment\src\AssignmentManagement.Application\Services\AuthService.cs:line 42
   at AssignmentManagement.Api.Controllers.AuthController.Login(LoginRequestDto request, CancellationToken cancellationToken) in C:\Users\Tarek\Desktop\assignment\src\AssignmentManagement.Api\Controllers\AuthController.cs:line 21
   at lambda_method152(Closure, Object)
   at Microsoft.AspNetCore.Mvc.Infrastructure.ActionMethodExecutor.AwaitableObjectResultExecutor.Execute(ActionContext actionContext, IActionResultTypeMapper mapper, ObjectMethodExecutor executor, Object controller, Object[] arguments)
   at Microsoft.AspNetCore.Mvc.Infrastructure.ControllerActionInvoker.<InvokeActionMethodAsync>g__Awaited|12_0(ControllerActionInvoker invoker, ValueTask`1 actionResultValueTask)
   at Microsoft.AspNetCore.Mvc.Infrastructure.ControllerActionInvoker.<InvokeNextActionFilterAsync>g__Awaited|10_0(ControllerActionInvoker invoker, Task lastTask, State next, Scope scope, Object state, Boolean isCompleted)
   at Microsoft.AspNetCore.Mvc.Infrastructure.ControllerActionInvoker.Rethrow(ActionExecutedContextSealed context)
   at Microsoft.AspNetCore.Mvc.Infrastructure.ControllerActionInvoker.Next(State& next, Scope& scope, Object& state, Boolean& isCompleted)
   at Microsoft.AspNetCore.Mvc.Infrastructure.ControllerActionInvoker.<InvokeInnerFilterAsync>g__Awaited|13_0(ControllerActionInvoker invoker, Task lastTask, State next, Scope scope, Object state, Boolean isCompleted)
   at Microsoft.AspNetCore.Mvc.Infrastructure.ResourceInvoker.<InvokeFilterPipelineAsync>g__Awaited|20_0(ResourceInvoker invoker, Task lastTask, State next, Scope scope, Object state, Boolean isCompleted)
   at Microsoft.AspNetCore.Mvc.Infrastructure.ResourceInvoker.<InvokeAsync>g__Awaited|17_0(ResourceInvoker invoker, Task task, IDisposable scope)
   at Microsoft.AspNetCore.Mvc.Infrastructure.ResourceInvoker.<InvokeAsync>g__Awaited|17_0(ResourceInvoker invoker, Task task, IDisposable scope)
   at Microsoft.AspNetCore.Authorization.AuthorizationMiddleware.Invoke(HttpContext context)
   at Microsoft.AspNetCore.Authentication.AuthenticationMiddleware.Invoke(HttpContext context)
   at Swashbuckle.AspNetCore.SwaggerUI.SwaggerUIMiddleware.Invoke(HttpContext httpContext)
   at Swashbuckle.AspNetCore.Swagger.SwaggerMiddleware.Invoke(HttpContext httpContext, ISwaggerProvider swaggerProvider)
   at AssignmentManagement.Api.Middleware.ExceptionMiddleware.InvokeAsync(HttpContext context) in C:\Users\Tarek\Desktop\assignment\src\AssignmentManagement.Api\Middleware\ExceptionMiddleware.cs:line 23
2026-08-10 08:43:46.593 +06:00 [INF] [AssignmentManagement.Application.Services.AuthService] Login attempt received for email 'admin@school.edu.bd' (length 12)
2026-08-10 08:43:46.740 +06:00 [INF] [AssignmentManagement.Application.Services.AuthService] User 117 (admin@school.edu.bd) logged in successfully with role "Admin"
2026-08-10 09:12:04.356 +06:00 [INF] [AssignmentManagement.Application.Services.AuthService] User 117 (admin@school.edu.bd) logged out
2026-08-10 09:12:08.081 +06:00 [INF] [AssignmentManagement.Application.Services.AuthService] Login attempt received for email 'teacher10@school.edu.bd' (length 12)
2026-08-10 09:12:08.199 +06:00 [INF] [AssignmentManagement.Application.Services.AuthService] User 11 (teacher10@school.edu.bd) logged in successfully with role "Teacher"
2026-08-10 09:15:05.724 +06:00 [INF] [AssignmentManagement.Application.Services.AuthService] User 11 (teacher10@school.edu.bd) logged out
2026-08-10 09:15:10.743 +06:00 [INF] [AssignmentManagement.Application.Services.AuthService] Login attempt received for email 'sarah@gmail.com' (length 8)
2026-08-10 09:15:10.862 +06:00 [INF] [AssignmentManagement.Application.Services.AuthService] User 123 (sarah@gmail.com) logged in successfully with role "Student"
2026-08-10 09:16:13.109 +06:00 [INF] [AssignmentManagement.Application.Services.AuthService] User 123 (sarah@gmail.com) logged out
2026-08-10 09:16:16.216 +06:00 [INF] [AssignmentManagement.Application.Services.AuthService] Login attempt received for email 'admin@school.edu.bd' (length 12)
2026-08-10 09:16:16.374 +06:00 [INF] [AssignmentManagement.Application.Services.AuthService] User 117 (admin@school.edu.bd) logged in successfully with role "Admin"
2026-08-10 09:16:20.307 +06:00 [INF] [AssignmentManagement.Application.Services.AuthService] User 117 (admin@school.edu.bd) logged out
2026-08-10 09:16:32.778 +06:00 [INF] [AssignmentManagement.Application.Services.AuthService] Login attempt received for email 'teacher4@example.com' (length 12)
2026-08-10 09:16:32.780 +06:00 [WRN] [AssignmentManagement.Application.Services.AuthService] Login failed: No user found for email 'teacher4@example.com'
2026-08-10 09:16:32.780 +06:00 [ERR] [AssignmentManagement.Api.Middleware.ExceptionMiddleware] Unhandled exception occurred while processing request POST /api/auth/login
System.UnauthorizedAccessException: Invalid email or password.
   at AssignmentManagement.Application.Services.AuthService.LoginAsync(LoginRequestDto request, CancellationToken cancellationToken) in C:\Users\Tarek\Desktop\assignment\src\AssignmentManagement.Application\Services\AuthService.cs:line 42
   at AssignmentManagement.Api.Controllers.AuthController.Login(LoginRequestDto request, CancellationToken cancellationToken) in C:\Users\Tarek\Desktop\assignment\src\AssignmentManagement.Api\Controllers\AuthController.cs:line 21
   at lambda_method152(Closure, Object)
   at Microsoft.AspNetCore.Mvc.Infrastructure.ActionMethodExecutor.AwaitableObjectResultExecutor.Execute(ActionContext actionContext, IActionResultTypeMapper mapper, ObjectMethodExecutor executor, Object controller, Object[] arguments)
   at Microsoft.AspNetCore.Mvc.Infrastructure.ControllerActionInvoker.<InvokeActionMethodAsync>g__Awaited|12_0(ControllerActionInvoker invoker, ValueTask`1 actionResultValueTask)
   at Microsoft.AspNetCore.Mvc.Infrastructure.ControllerActionInvoker.<InvokeNextActionFilterAsync>g__Awaited|10_0(ControllerActionInvoker invoker, Task lastTask, State next, Scope scope, Object state, Boolean isCompleted)
   at Microsoft.AspNetCore.Mvc.Infrastructure.ControllerActionInvoker.Rethrow(ActionExecutedContextSealed context)
   at Microsoft.AspNetCore.Mvc.Infrastructure.ControllerActionInvoker.Next(State& next, Scope& scope, Object& state, Boolean& isCompleted)
   at Microsoft.AspNetCore.Mvc.Infrastructure.ControllerActionInvoker.<InvokeInnerFilterAsync>g__Awaited|13_0(ControllerActionInvoker invoker, Task lastTask, State next, Scope scope, Object state, Boolean isCompleted)
   at Microsoft.AspNetCore.Mvc.Infrastructure.ResourceInvoker.<InvokeFilterPipelineAsync>g__Awaited|20_0(ResourceInvoker invoker, Task lastTask, State next, Scope scope, Object state, Boolean isCompleted)
   at Microsoft.AspNetCore.Mvc.Infrastructure.ResourceInvoker.<InvokeAsync>g__Awaited|17_0(ResourceInvoker invoker, Task task, IDisposable scope)
   at Microsoft.AspNetCore.Mvc.Infrastructure.ResourceInvoker.<InvokeAsync>g__Awaited|17_0(ResourceInvoker invoker, Task task, IDisposable scope)
   at Microsoft.AspNetCore.Authorization.AuthorizationMiddleware.Invoke(HttpContext context)
   at Microsoft.AspNetCore.Authentication.AuthenticationMiddleware.Invoke(HttpContext context)
   at Swashbuckle.AspNetCore.SwaggerUI.SwaggerUIMiddleware.Invoke(HttpContext httpContext)
   at Swashbuckle.AspNetCore.Swagger.SwaggerMiddleware.Invoke(HttpContext httpContext, ISwaggerProvider swaggerProvider)
   at AssignmentManagement.Api.Middleware.ExceptionMiddleware.InvokeAsync(HttpContext context) in C:\Users\Tarek\Desktop\assignment\src\AssignmentManagement.Api\Middleware\ExceptionMiddleware.cs:line 23
2026-08-10 09:16:41.889 +06:00 [INF] [Microsoft.Hosting.Lifetime] Now listening on: http://localhost:5000
2026-08-10 09:16:41.915 +06:00 [INF] [Microsoft.Hosting.Lifetime] Application started. Press Ctrl+C to shut down.
2026-08-10 09:16:41.915 +06:00 [INF] [Microsoft.Hosting.Lifetime] Hosting environment: Production
2026-08-10 09:16:41.915 +06:00 [INF] [Microsoft.Hosting.Lifetime] Content root path: C:\Users\Tarek\Desktop\assignment\src\AssignmentManagement.Api
2026-08-10 09:16:45.801 +06:00 [WRN] [Microsoft.AspNetCore.HttpsPolicy.HttpsRedirectionMiddleware] Failed to determine the https port for redirect.
2026-08-10 09:16:45.879 +06:00 [INF] [AssignmentManagement.Application.Services.AuthService] Login attempt received for email 'teacher4@school.edu.bd' (length 12)
2026-08-10 09:16:46.040 +06:00 [INF] [AssignmentManagement.Application.Services.AuthService] User 5 (teacher4@school.edu.bd) logged in successfully with role "Teacher"
2026-08-10 09:17:23.936 +06:00 [INF] [AssignmentManagement.Application.Services.AuthService] User 5 (teacher4@school.edu.bd) logged out
2026-08-10 09:17:24.857 +06:00 [INF] [AssignmentManagement.Application.Services.AuthService] Login attempt received for email 'teacher4@school.edu.bd' (length 12)
2026-08-10 09:17:24.977 +06:00 [INF] [AssignmentManagement.Application.Services.AuthService] User 5 (teacher4@school.edu.bd) logged in successfully with role "Teacher"
2026-08-10 09:21:23.363 +06:00 [INF] [AssignmentManagement.Application.Services.AuthService] User 5 (teacher4@school.edu.bd) logged out
2026-08-10 09:21:24.448 +06:00 [INF] [AssignmentManagement.Application.Services.AuthService] Login attempt received for email 'teacher4@school.edu.bd' (length 12)
2026-08-10 09:21:24.568 +06:00 [INF] [AssignmentManagement.Application.Services.AuthService] User 5 (teacher4@school.edu.bd) logged in successfully with role "Teacher"
2026-08-10 09:21:32.947 +06:00 [INF] [AssignmentManagement.Application.Services.AuthService] User 5 (teacher4@school.edu.bd) logged out
2026-08-10 09:21:35.191 +06:00 [INF] [AssignmentManagement.Application.Services.AuthService] Login attempt received for email 'admin@school.edu.bd' (length 12)
2026-08-10 09:21:35.309 +06:00 [INF] [AssignmentManagement.Application.Services.AuthService] User 117 (admin@school.edu.bd) logged in successfully with role "Admin"
2026-08-10 09:21:42.219 +06:00 [INF] [AssignmentManagement.Application.Services.AuthService] User 117 (admin@school.edu.bd) logged out
2026-08-10 09:21:45.333 +06:00 [INF] [AssignmentManagement.Application.Services.AuthService] Login attempt received for email 'sarah@gmail.com' (length 8)
2026-08-10 09:21:45.578 +06:00 [INF] [AssignmentManagement.Application.Services.AuthService] User 123 (sarah@gmail.com) logged in successfully with role "Student"
2026-08-10 09:23:10.540 +06:00 [INF] [AssignmentManagement.Application.Services.AuthService] User 123 (sarah@gmail.com) logged out
2026-08-10 09:23:12.581 +06:00 [INF] [AssignmentManagement.Application.Services.AuthService] Login attempt received for email 'admin@school.edu.bd' (length 12)
2026-08-10 09:23:12.699 +06:00 [INF] [AssignmentManagement.Application.Services.AuthService] User 117 (admin@school.edu.bd) logged in successfully with role "Admin"
2026-08-10 09:24:22.772 +06:00 [INF] [AssignmentManagement.Application.Services.AuthService] User 117 (admin@school.edu.bd) logged out
2026-08-10 09:24:25.334 +06:00 [INF] [AssignmentManagement.Application.Services.AuthService] Login attempt received for email 'teacher4@school.edu.bd' (length 12)
2026-08-10 09:24:25.454 +06:00 [INF] [AssignmentManagement.Application.Services.AuthService] User 5 (teacher4@school.edu.bd) logged in successfully with role "Teacher"
2026-08-10 09:26:16.458 +06:00 [INF] [AssignmentManagement.Application.Services.AuthService] User 5 (teacher4@school.edu.bd) logged out
2026-08-10 09:26:19.132 +06:00 [INF] [AssignmentManagement.Application.Services.AuthService] Login attempt received for email 'sarah@gmail.com' (length 8)
2026-08-10 09:26:19.256 +06:00 [INF] [AssignmentManagement.Application.Services.AuthService] User 123 (sarah@gmail.com) logged in successfully with role "Student"
2026-08-10 09:26:28.340 +06:00 [INF] [AssignmentManagement.Application.Services.AuthService] User 123 (sarah@gmail.com) logged out
2026-08-10 09:26:30.446 +06:00 [INF] [AssignmentManagement.Application.Services.AuthService] Login attempt received for email 'admin@school.edu.bd' (length 12)
2026-08-10 09:26:30.566 +06:00 [INF] [AssignmentManagement.Application.Services.AuthService] User 117 (admin@school.edu.bd) logged in successfully with role "Admin"
2026-08-10 09:26:33.882 +06:00 [INF] [AssignmentManagement.Application.Services.AuthService] User 117 (admin@school.edu.bd) logged out
2026-08-10 09:26:36.725 +06:00 [INF] [AssignmentManagement.Application.Services.AuthService] Login attempt received for email 'sarah@gmail.com' (length 8)
2026-08-10 09:26:36.844 +06:00 [INF] [AssignmentManagement.Application.Services.AuthService] User 123 (sarah@gmail.com) logged in successfully with role "Student"
2026-08-10 09:27:04.555 +06:00 [INF] [AssignmentManagement.Application.Services.AuthService] User 123 (sarah@gmail.com) logged out
2026-08-10 09:27:08.229 +06:00 [INF] [AssignmentManagement.Application.Services.AuthService] Login attempt received for email 'admin@school.edu.bd' (length 12)
2026-08-10 09:27:08.349 +06:00 [INF] [AssignmentManagement.Application.Services.AuthService] User 117 (admin@school.edu.bd) logged in successfully with role "Admin"
2026-08-10 09:27:10.731 +06:00 [INF] [AssignmentManagement.Application.Services.AuthService] User 117 (admin@school.edu.bd) logged out
2026-08-10 09:27:19.046 +06:00 [INF] [AssignmentManagement.Application.Services.AuthService] Login attempt received for email 'admin@school.edu.bd' (length 12)
2026-08-10 09:27:19.165 +06:00 [INF] [AssignmentManagement.Application.Services.AuthService] User 117 (admin@school.edu.bd) logged in successfully with role "Admin"
2026-08-10 09:27:20.276 +06:00 [INF] [AssignmentManagement.Application.Services.AuthService] User 117 (admin@school.edu.bd) logged out
2026-08-10 09:27:22.867 +06:00 [INF] [AssignmentManagement.Application.Services.AuthService] Login attempt received for email 'teacher4@school.edu.bd' (length 12)
2026-08-10 09:27:22.985 +06:00 [INF] [AssignmentManagement.Application.Services.AuthService] User 5 (teacher4@school.edu.bd) logged in successfully with role "Teacher"
2026-08-10 09:28:05.913 +06:00 [INF] [AssignmentManagement.Application.Services.AuthService] User 5 (teacher4@school.edu.bd) logged out
2026-08-10 09:28:06.943 +06:00 [INF] [AssignmentManagement.Application.Services.AuthService] Login attempt received for email 'teacher4@school.edu.bd' (length 12)
2026-08-10 09:28:07.062 +06:00 [INF] [AssignmentManagement.Application.Services.AuthService] User 5 (teacher4@school.edu.bd) logged in successfully with role "Teacher"
2026-08-10 09:34:02.368 +06:00 [ERR] [AssignmentManagement.Api.Middleware.ExceptionMiddleware] Unhandled exception occurred while processing request GET /api/submissions/1253/preview
AssignmentManagement.Application.Common.NotFoundException: The specified submission file does not exist on disk.
   at AssignmentManagement.Infrastructure.Services.StorageService.GetFileAsync(String relativePath, Boolean isDownload, CancellationToken cancellationToken) in C:\Users\Tarek\Desktop\assignment\src\AssignmentManagement.Infrastructure\Services\StorageService.cs:line 139
   at AssignmentManagement.Application.Services.SubmissionService.GetSubmissionFileStreamAsync(Int32 submissionId, Boolean isPreview, CancellationToken cancellationToken) in C:\Users\Tarek\Desktop\assignment\src\AssignmentManagement.Application\Services\SubmissionService.cs:line 230
   at AssignmentManagement.Api.Controllers.SubmissionsController.Preview(Int32 id, CancellationToken cancellationToken) in C:\Users\Tarek\Desktop\assignment\src\AssignmentManagement.Api\Controllers\SubmissionsController.cs:line 88
   at Microsoft.AspNetCore.Mvc.Infrastructure.ActionMethodExecutor.TaskOfIActionResultExecutor.Execute(ActionContext actionContext, IActionResultTypeMapper mapper, ObjectMethodExecutor executor, Object controller, Object[] arguments)
   at Microsoft.AspNetCore.Mvc.Infrastructure.ControllerActionInvoker.<InvokeActionMethodAsync>g__Awaited|12_0(ControllerActionInvoker invoker, ValueTask`1 actionResultValueTask)
   at Microsoft.AspNetCore.Mvc.Infrastructure.ControllerActionInvoker.<InvokeNextActionFilterAsync>g__Awaited|10_0(ControllerActionInvoker invoker, Task lastTask, State next, Scope scope, Object state, Boolean isCompleted)
   at Microsoft.AspNetCore.Mvc.Infrastructure.ControllerActionInvoker.Rethrow(ActionExecutedContextSealed context)
   at Microsoft.AspNetCore.Mvc.Infrastructure.ControllerActionInvoker.Next(State& next, Scope& scope, Object& state, Boolean& isCompleted)
   at Microsoft.AspNetCore.Mvc.Infrastructure.ControllerActionInvoker.<InvokeInnerFilterAsync>g__Awaited|13_0(ControllerActionInvoker invoker, Task lastTask, State next, Scope scope, Object state, Boolean isCompleted)
   at Microsoft.AspNetCore.Mvc.Infrastructure.ResourceInvoker.<InvokeFilterPipelineAsync>g__Awaited|20_0(ResourceInvoker invoker, Task lastTask, State next, Scope scope, Object state, Boolean isCompleted)
   at Microsoft.AspNetCore.Mvc.Infrastructure.ResourceInvoker.<InvokeAsync>g__Awaited|17_0(ResourceInvoker invoker, Task task, IDisposable scope)
   at Microsoft.AspNetCore.Mvc.Infrastructure.ResourceInvoker.<InvokeAsync>g__Awaited|17_0(ResourceInvoker invoker, Task task, IDisposable scope)
   at Microsoft.AspNetCore.Authorization.AuthorizationMiddleware.Invoke(HttpContext context)
   at Microsoft.AspNetCore.Authentication.AuthenticationMiddleware.Invoke(HttpContext context)
   at Swashbuckle.AspNetCore.SwaggerUI.SwaggerUIMiddleware.Invoke(HttpContext httpContext)
   at Swashbuckle.AspNetCore.Swagger.SwaggerMiddleware.Invoke(HttpContext httpContext, ISwaggerProvider swaggerProvider)
   at AssignmentManagement.Api.Middleware.ExceptionMiddleware.InvokeAsync(HttpContext context) in C:\Users\Tarek\Desktop\assignment\src\AssignmentManagement.Api\Middleware\ExceptionMiddleware.cs:line 23
2026-08-10 09:34:04.023 +06:00 [ERR] [AssignmentManagement.Api.Middleware.ExceptionMiddleware] Unhandled exception occurred while processing request GET /api/submissions/1253/preview
AssignmentManagement.Application.Common.NotFoundException: The specified submission file does not exist on disk.
   at AssignmentManagement.Infrastructure.Services.StorageService.GetFileAsync(String relativePath, Boolean isDownload, CancellationToken cancellationToken) in C:\Users\Tarek\Desktop\assignment\src\AssignmentManagement.Infrastructure\Services\StorageService.cs:line 139
   at AssignmentManagement.Application.Services.SubmissionService.GetSubmissionFileStreamAsync(Int32 submissionId, Boolean isPreview, CancellationToken cancellationToken) in C:\Users\Tarek\Desktop\assignment\src\AssignmentManagement.Application\Services\SubmissionService.cs:line 230
   at AssignmentManagement.Api.Controllers.SubmissionsController.Preview(Int32 id, CancellationToken cancellationToken) in C:\Users\Tarek\Desktop\assignment\src\AssignmentManagement.Api\Controllers\SubmissionsController.cs:line 88
   at Microsoft.AspNetCore.Mvc.Infrastructure.ActionMethodExecutor.TaskOfIActionResultExecutor.Execute(ActionContext actionContext, IActionResultTypeMapper mapper, ObjectMethodExecutor executor, Object controller, Object[] arguments)
   at Microsoft.AspNetCore.Mvc.Infrastructure.ControllerActionInvoker.<InvokeActionMethodAsync>g__Awaited|12_0(ControllerActionInvoker invoker, ValueTask`1 actionResultValueTask)
   at Microsoft.AspNetCore.Mvc.Infrastructure.ControllerActionInvoker.<InvokeNextActionFilterAsync>g__Awaited|10_0(ControllerActionInvoker invoker, Task lastTask, State next, Scope scope, Object state, Boolean isCompleted)
   at Microsoft.AspNetCore.Mvc.Infrastructure.ControllerActionInvoker.Rethrow(ActionExecutedContextSealed context)
   at Microsoft.AspNetCore.Mvc.Infrastructure.ControllerActionInvoker.Next(State& next, Scope& scope, Object& state, Boolean& isCompleted)
   at Microsoft.AspNetCore.Mvc.Infrastructure.ControllerActionInvoker.<InvokeInnerFilterAsync>g__Awaited|13_0(ControllerActionInvoker invoker, Task lastTask, State next, Scope scope, Object state, Boolean isCompleted)
   at Microsoft.AspNetCore.Mvc.Infrastructure.ResourceInvoker.<InvokeFilterPipelineAsync>g__Awaited|20_0(ResourceInvoker invoker, Task lastTask, State next, Scope scope, Object state, Boolean isCompleted)
   at Microsoft.AspNetCore.Mvc.Infrastructure.ResourceInvoker.<InvokeAsync>g__Awaited|17_0(ResourceInvoker invoker, Task task, IDisposable scope)
   at Microsoft.AspNetCore.Mvc.Infrastructure.ResourceInvoker.<InvokeAsync>g__Awaited|17_0(ResourceInvoker invoker, Task task, IDisposable scope)
   at Microsoft.AspNetCore.Authorization.AuthorizationMiddleware.Invoke(HttpContext context)
   at Microsoft.AspNetCore.Authentication.AuthenticationMiddleware.Invoke(HttpContext context)
   at Swashbuckle.AspNetCore.SwaggerUI.SwaggerUIMiddleware.Invoke(HttpContext httpContext)
   at Swashbuckle.AspNetCore.Swagger.SwaggerMiddleware.Invoke(HttpContext httpContext, ISwaggerProvider swaggerProvider)
   at AssignmentManagement.Api.Middleware.ExceptionMiddleware.InvokeAsync(HttpContext context) in C:\Users\Tarek\Desktop\assignment\src\AssignmentManagement.Api\Middleware\ExceptionMiddleware.cs:line 23
2026-08-10 09:42:46.656 +06:00 [ERR] [AssignmentManagement.Api.Middleware.ExceptionMiddleware] Unhandled exception occurred while processing request GET /api/submissions/2119/preview
AssignmentManagement.Application.Common.NotFoundException: The specified submission file does not exist on disk.
   at AssignmentManagement.Infrastructure.Services.StorageService.GetFileAsync(String relativePath, Boolean isDownload, CancellationToken cancellationToken) in C:\Users\Tarek\Desktop\assignment\src\AssignmentManagement.Infrastructure\Services\StorageService.cs:line 139
   at AssignmentManagement.Application.Services.SubmissionService.GetSubmissionFileStreamAsync(Int32 submissionId, Boolean isPreview, CancellationToken cancellationToken) in C:\Users\Tarek\Desktop\assignment\src\AssignmentManagement.Application\Services\SubmissionService.cs:line 230
   at AssignmentManagement.Api.Controllers.SubmissionsController.Preview(Int32 id, CancellationToken cancellationToken) in C:\Users\Tarek\Desktop\assignment\src\AssignmentManagement.Api\Controllers\SubmissionsController.cs:line 88
   at Microsoft.AspNetCore.Mvc.Infrastructure.ActionMethodExecutor.TaskOfIActionResultExecutor.Execute(ActionContext actionContext, IActionResultTypeMapper mapper, ObjectMethodExecutor executor, Object controller, Object[] arguments)
   at Microsoft.AspNetCore.Mvc.Infrastructure.ControllerActionInvoker.<InvokeActionMethodAsync>g__Awaited|12_0(ControllerActionInvoker invoker, ValueTask`1 actionResultValueTask)
   at Microsoft.AspNetCore.Mvc.Infrastructure.ControllerActionInvoker.<InvokeNextActionFilterAsync>g__Awaited|10_0(ControllerActionInvoker invoker, Task lastTask, State next, Scope scope, Object state, Boolean isCompleted)
   at Microsoft.AspNetCore.Mvc.Infrastructure.ControllerActionInvoker.Rethrow(ActionExecutedContextSealed context)
   at Microsoft.AspNetCore.Mvc.Infrastructure.ControllerActionInvoker.Next(State& next, Scope& scope, Object& state, Boolean& isCompleted)
   at Microsoft.AspNetCore.Mvc.Infrastructure.ControllerActionInvoker.<InvokeInnerFilterAsync>g__Awaited|13_0(ControllerActionInvoker invoker, Task lastTask, State next, Scope scope, Object state, Boolean isCompleted)
   at Microsoft.AspNetCore.Mvc.Infrastructure.ResourceInvoker.<InvokeFilterPipelineAsync>g__Awaited|20_0(ResourceInvoker invoker, Task lastTask, State next, Scope scope, Object state, Boolean isCompleted)
   at Microsoft.AspNetCore.Mvc.Infrastructure.ResourceInvoker.<InvokeAsync>g__Awaited|17_0(ResourceInvoker invoker, Task task, IDisposable scope)
   at Microsoft.AspNetCore.Mvc.Infrastructure.ResourceInvoker.<InvokeAsync>g__Awaited|17_0(ResourceInvoker invoker, Task task, IDisposable scope)
   at Microsoft.AspNetCore.Authorization.AuthorizationMiddleware.Invoke(HttpContext context)
   at Microsoft.AspNetCore.Authentication.AuthenticationMiddleware.Invoke(HttpContext context)
   at Swashbuckle.AspNetCore.SwaggerUI.SwaggerUIMiddleware.Invoke(HttpContext httpContext)
   at Swashbuckle.AspNetCore.Swagger.SwaggerMiddleware.Invoke(HttpContext httpContext, ISwaggerProvider swaggerProvider)
   at AssignmentManagement.Api.Middleware.ExceptionMiddleware.InvokeAsync(HttpContext context) in C:\Users\Tarek\Desktop\assignment\src\AssignmentManagement.Api\Middleware\ExceptionMiddleware.cs:line 23
2026-08-10 09:56:23.550 +06:00 [ERR] [AssignmentManagement.Api.Middleware.ExceptionMiddleware] Unhandled exception occurred while processing request GET /api/submissions/1649/preview
AssignmentManagement.Application.Common.NotFoundException: The specified submission file does not exist on disk.
   at AssignmentManagement.Infrastructure.Services.StorageService.GetFileAsync(String relativePath, Boolean isDownload, CancellationToken cancellationToken) in C:\Users\Tarek\Desktop\assignment\src\AssignmentManagement.Infrastructure\Services\StorageService.cs:line 139
   at AssignmentManagement.Application.Services.SubmissionService.GetSubmissionFileStreamAsync(Int32 submissionId, Boolean isPreview, CancellationToken cancellationToken) in C:\Users\Tarek\Desktop\assignment\src\AssignmentManagement.Application\Services\SubmissionService.cs:line 230
   at AssignmentManagement.Api.Controllers.SubmissionsController.Preview(Int32 id, CancellationToken cancellationToken) in C:\Users\Tarek\Desktop\assignment\src\AssignmentManagement.Api\Controllers\SubmissionsController.cs:line 88
   at Microsoft.AspNetCore.Mvc.Infrastructure.ActionMethodExecutor.TaskOfIActionResultExecutor.Execute(ActionContext actionContext, IActionResultTypeMapper mapper, ObjectMethodExecutor executor, Object controller, Object[] arguments)
   at Microsoft.AspNetCore.Mvc.Infrastructure.ControllerActionInvoker.<InvokeActionMethodAsync>g__Awaited|12_0(ControllerActionInvoker invoker, ValueTask`1 actionResultValueTask)
   at Microsoft.AspNetCore.Mvc.Infrastructure.ControllerActionInvoker.<InvokeNextActionFilterAsync>g__Awaited|10_0(ControllerActionInvoker invoker, Task lastTask, State next, Scope scope, Object state, Boolean isCompleted)
   at Microsoft.AspNetCore.Mvc.Infrastructure.ControllerActionInvoker.Rethrow(ActionExecutedContextSealed context)
   at Microsoft.AspNetCore.Mvc.Infrastructure.ControllerActionInvoker.Next(State& next, Scope& scope, Object& state, Boolean& isCompleted)
   at Microsoft.AspNetCore.Mvc.Infrastructure.ControllerActionInvoker.<InvokeInnerFilterAsync>g__Awaited|13_0(ControllerActionInvoker invoker, Task lastTask, State next, Scope scope, Object state, Boolean isCompleted)
   at Microsoft.AspNetCore.Mvc.Infrastructure.ResourceInvoker.<InvokeFilterPipelineAsync>g__Awaited|20_0(ResourceInvoker invoker, Task lastTask, State next, Scope scope, Object state, Boolean isCompleted)
   at Microsoft.AspNetCore.Mvc.Infrastructure.ResourceInvoker.<InvokeAsync>g__Awaited|17_0(ResourceInvoker invoker, Task task, IDisposable scope)
   at Microsoft.AspNetCore.Mvc.Infrastructure.ResourceInvoker.<InvokeAsync>g__Awaited|17_0(ResourceInvoker invoker, Task task, IDisposable scope)
   at Microsoft.AspNetCore.Authorization.AuthorizationMiddleware.Invoke(HttpContext context)
   at Microsoft.AspNetCore.Authentication.AuthenticationMiddleware.Invoke(HttpContext context)
   at Swashbuckle.AspNetCore.SwaggerUI.SwaggerUIMiddleware.Invoke(HttpContext httpContext)
   at Swashbuckle.AspNetCore.Swagger.SwaggerMiddleware.Invoke(HttpContext httpContext, ISwaggerProvider swaggerProvider)
   at AssignmentManagement.Api.Middleware.ExceptionMiddleware.InvokeAsync(HttpContext context) in C:\Users\Tarek\Desktop\assignment\src\AssignmentManagement.Api\Middleware\ExceptionMiddleware.cs:line 23
2026-08-10 09:56:23.557 +06:00 [ERR] [AssignmentManagement.Api.Middleware.ExceptionMiddleware] Unhandled exception occurred while processing request GET /api/submissions/1649/preview
AssignmentManagement.Application.Common.NotFoundException: The specified submission file does not exist on disk.
   at AssignmentManagement.Infrastructure.Services.StorageService.GetFileAsync(String relativePath, Boolean isDownload, CancellationToken cancellationToken) in C:\Users\Tarek\Desktop\assignment\src\AssignmentManagement.Infrastructure\Services\StorageService.cs:line 139
   at AssignmentManagement.Application.Services.SubmissionService.GetSubmissionFileStreamAsync(Int32 submissionId, Boolean isPreview, CancellationToken cancellationToken) in C:\Users\Tarek\Desktop\assignment\src\AssignmentManagement.Application\Services\SubmissionService.cs:line 230
   at AssignmentManagement.Api.Controllers.SubmissionsController.Preview(Int32 id, CancellationToken cancellationToken) in C:\Users\Tarek\Desktop\assignment\src\AssignmentManagement.Api\Controllers\SubmissionsController.cs:line 88
   at Microsoft.AspNetCore.Mvc.Infrastructure.ActionMethodExecutor.TaskOfIActionResultExecutor.Execute(ActionContext actionContext, IActionResultTypeMapper mapper, ObjectMethodExecutor executor, Object controller, Object[] arguments)
   at Microsoft.AspNetCore.Mvc.Infrastructure.ControllerActionInvoker.<InvokeActionMethodAsync>g__Awaited|12_0(ControllerActionInvoker invoker, ValueTask`1 actionResultValueTask)
   at Microsoft.AspNetCore.Mvc.Infrastructure.ControllerActionInvoker.<InvokeNextActionFilterAsync>g__Awaited|10_0(ControllerActionInvoker invoker, Task lastTask, State next, Scope scope, Object state, Boolean isCompleted)
   at Microsoft.AspNetCore.Mvc.Infrastructure.ControllerActionInvoker.Rethrow(ActionExecutedContextSealed context)
   at Microsoft.AspNetCore.Mvc.Infrastructure.ControllerActionInvoker.Next(State& next, Scope& scope, Object& state, Boolean& isCompleted)
   at Microsoft.AspNetCore.Mvc.Infrastructure.ControllerActionInvoker.<InvokeInnerFilterAsync>g__Awaited|13_0(ControllerActionInvoker invoker, Task lastTask, State next, Scope scope, Object state, Boolean isCompleted)
   at Microsoft.AspNetCore.Mvc.Infrastructure.ResourceInvoker.<InvokeFilterPipelineAsync>g__Awaited|20_0(ResourceInvoker invoker, Task lastTask, State next, Scope scope, Object state, Boolean isCompleted)
   at Microsoft.AspNetCore.Mvc.Infrastructure.ResourceInvoker.<InvokeAsync>g__Awaited|17_0(ResourceInvoker invoker, Task task, IDisposable scope)
   at Microsoft.AspNetCore.Mvc.Infrastructure.ResourceInvoker.<InvokeAsync>g__Awaited|17_0(ResourceInvoker invoker, Task task, IDisposable scope)
   at Microsoft.AspNetCore.Authorization.AuthorizationMiddleware.Invoke(HttpContext context)
   at Microsoft.AspNetCore.Authentication.AuthenticationMiddleware.Invoke(HttpContext context)
   at Swashbuckle.AspNetCore.SwaggerUI.SwaggerUIMiddleware.Invoke(HttpContext httpContext)
   at Swashbuckle.AspNetCore.Swagger.SwaggerMiddleware.Invoke(HttpContext httpContext, ISwaggerProvider swaggerProvider)
   at AssignmentManagement.Api.Middleware.ExceptionMiddleware.InvokeAsync(HttpContext context) in C:\Users\Tarek\Desktop\assignment\src\AssignmentManagement.Api\Middleware\ExceptionMiddleware.cs:line 23
2026-08-10 09:56:35.948 +06:00 [ERR] [AssignmentManagement.Api.Middleware.ExceptionMiddleware] Unhandled exception occurred while processing request GET /api/submissions/1649/preview
AssignmentManagement.Application.Common.NotFoundException: The specified submission file does not exist on disk.
   at AssignmentManagement.Infrastructure.Services.StorageService.GetFileAsync(String relativePath, Boolean isDownload, CancellationToken cancellationToken) in C:\Users\Tarek\Desktop\assignment\src\AssignmentManagement.Infrastructure\Services\StorageService.cs:line 139
   at AssignmentManagement.Application.Services.SubmissionService.GetSubmissionFileStreamAsync(Int32 submissionId, Boolean isPreview, CancellationToken cancellationToken) in C:\Users\Tarek\Desktop\assignment\src\AssignmentManagement.Application\Services\SubmissionService.cs:line 230
   at AssignmentManagement.Api.Controllers.SubmissionsController.Preview(Int32 id, CancellationToken cancellationToken) in C:\Users\Tarek\Desktop\assignment\src\AssignmentManagement.Api\Controllers\SubmissionsController.cs:line 88
   at Microsoft.AspNetCore.Mvc.Infrastructure.ActionMethodExecutor.TaskOfIActionResultExecutor.Execute(ActionContext actionContext, IActionResultTypeMapper mapper, ObjectMethodExecutor executor, Object controller, Object[] arguments)
   at Microsoft.AspNetCore.Mvc.Infrastructure.ControllerActionInvoker.<InvokeActionMethodAsync>g__Awaited|12_0(ControllerActionInvoker invoker, ValueTask`1 actionResultValueTask)
   at Microsoft.AspNetCore.Mvc.Infrastructure.ControllerActionInvoker.<InvokeNextActionFilterAsync>g__Awaited|10_0(ControllerActionInvoker invoker, Task lastTask, State next, Scope scope, Object state, Boolean isCompleted)
   at Microsoft.AspNetCore.Mvc.Infrastructure.ControllerActionInvoker.Rethrow(ActionExecutedContextSealed context)
   at Microsoft.AspNetCore.Mvc.Infrastructure.ControllerActionInvoker.Next(State& next, Scope& scope, Object& state, Boolean& isCompleted)
   at Microsoft.AspNetCore.Mvc.Infrastructure.ControllerActionInvoker.<InvokeInnerFilterAsync>g__Awaited|13_0(ControllerActionInvoker invoker, Task lastTask, State next, Scope scope, Object state, Boolean isCompleted)
   at Microsoft.AspNetCore.Mvc.Infrastructure.ResourceInvoker.<InvokeFilterPipelineAsync>g__Awaited|20_0(ResourceInvoker invoker, Task lastTask, State next, Scope scope, Object state, Boolean isCompleted)
   at Microsoft.AspNetCore.Mvc.Infrastructure.ResourceInvoker.<InvokeAsync>g__Awaited|17_0(ResourceInvoker invoker, Task task, IDisposable scope)
   at Microsoft.AspNetCore.Mvc.Infrastructure.ResourceInvoker.<InvokeAsync>g__Awaited|17_0(ResourceInvoker invoker, Task task, IDisposable scope)
   at Microsoft.AspNetCore.Authorization.AuthorizationMiddleware.Invoke(HttpContext context)
   at Microsoft.AspNetCore.Authentication.AuthenticationMiddleware.Invoke(HttpContext context)
   at Swashbuckle.AspNetCore.SwaggerUI.SwaggerUIMiddleware.Invoke(HttpContext httpContext)
   at Swashbuckle.AspNetCore.Swagger.SwaggerMiddleware.Invoke(HttpContext httpContext, ISwaggerProvider swaggerProvider)
   at AssignmentManagement.Api.Middleware.ExceptionMiddleware.InvokeAsync(HttpContext context) in C:\Users\Tarek\Desktop\assignment\src\AssignmentManagement.Api\Middleware\ExceptionMiddleware.cs:line 23
2026-08-10 09:56:35.955 +06:00 [ERR] [AssignmentManagement.Api.Middleware.ExceptionMiddleware] Unhandled exception occurred while processing request GET /api/submissions/1649/preview
AssignmentManagement.Application.Common.NotFoundException: The specified submission file does not exist on disk.
   at AssignmentManagement.Infrastructure.Services.StorageService.GetFileAsync(String relativePath, Boolean isDownload, CancellationToken cancellationToken) in C:\Users\Tarek\Desktop\assignment\src\AssignmentManagement.Infrastructure\Services\StorageService.cs:line 139
   at AssignmentManagement.Application.Services.SubmissionService.GetSubmissionFileStreamAsync(Int32 submissionId, Boolean isPreview, CancellationToken cancellationToken) in C:\Users\Tarek\Desktop\assignment\src\AssignmentManagement.Application\Services\SubmissionService.cs:line 230
   at AssignmentManagement.Api.Controllers.SubmissionsController.Preview(Int32 id, CancellationToken cancellationToken) in C:\Users\Tarek\Desktop\assignment\src\AssignmentManagement.Api\Controllers\SubmissionsController.cs:line 88
   at Microsoft.AspNetCore.Mvc.Infrastructure.ActionMethodExecutor.TaskOfIActionResultExecutor.Execute(ActionContext actionContext, IActionResultTypeMapper mapper, ObjectMethodExecutor executor, Object controller, Object[] arguments)
   at Microsoft.AspNetCore.Mvc.Infrastructure.ControllerActionInvoker.<InvokeActionMethodAsync>g__Awaited|12_0(ControllerActionInvoker invoker, ValueTask`1 actionResultValueTask)
   at Microsoft.AspNetCore.Mvc.Infrastructure.ControllerActionInvoker.<InvokeNextActionFilterAsync>g__Awaited|10_0(ControllerActionInvoker invoker, Task lastTask, State next, Scope scope, Object state, Boolean isCompleted)
   at Microsoft.AspNetCore.Mvc.Infrastructure.ControllerActionInvoker.Rethrow(ActionExecutedContextSealed context)
   at Microsoft.AspNetCore.Mvc.Infrastructure.ControllerActionInvoker.Next(State& next, Scope& scope, Object& state, Boolean& isCompleted)
   at Microsoft.AspNetCore.Mvc.Infrastructure.ControllerActionInvoker.<InvokeInnerFilterAsync>g__Awaited|13_0(ControllerActionInvoker invoker, Task lastTask, State next, Scope scope, Object state, Boolean isCompleted)
   at Microsoft.AspNetCore.Mvc.Infrastructure.ResourceInvoker.<InvokeFilterPipelineAsync>g__Awaited|20_0(ResourceInvoker invoker, Task lastTask, State next, Scope scope, Object state, Boolean isCompleted)
   at Microsoft.AspNetCore.Mvc.Infrastructure.ResourceInvoker.<InvokeAsync>g__Awaited|17_0(ResourceInvoker invoker, Task task, IDisposable scope)
   at Microsoft.AspNetCore.Mvc.Infrastructure.ResourceInvoker.<InvokeAsync>g__Awaited|17_0(ResourceInvoker invoker, Task task, IDisposable scope)
   at Microsoft.AspNetCore.Authorization.AuthorizationMiddleware.Invoke(HttpContext context)
   at Microsoft.AspNetCore.Authentication.AuthenticationMiddleware.Invoke(HttpContext context)
   at Swashbuckle.AspNetCore.SwaggerUI.SwaggerUIMiddleware.Invoke(HttpContext httpContext)
   at Swashbuckle.AspNetCore.Swagger.SwaggerMiddleware.Invoke(HttpContext httpContext, ISwaggerProvider swaggerProvider)
   at AssignmentManagement.Api.Middleware.ExceptionMiddleware.InvokeAsync(HttpContext context) in C:\Users\Tarek\Desktop\assignment\src\AssignmentManagement.Api\Middleware\ExceptionMiddleware.cs:line 23
2026-08-10 10:05:22.900 +06:00 [ERR] [AssignmentManagement.Api.Middleware.ExceptionMiddleware] Unhandled exception occurred while processing request POST /api/assignments/91/publish
AssignmentManagement.Application.Common.ConflictException: Assignment deadline must be in the future before publishing.
   at AssignmentManagement.Application.Services.AssignmentService.EnsurePublishable(Assignment assignment) in C:\Users\Tarek\Desktop\assignment\src\AssignmentManagement.Application\Services\AssignmentService.cs:line 186
   at AssignmentManagement.Application.Services.AssignmentService.PublishAssignmentAsync(Int32 id, CancellationToken cancellationToken) in C:\Users\Tarek\Desktop\assignment\src\AssignmentManagement.Application\Services\AssignmentService.cs:line 119
   at AssignmentManagement.Api.Controllers.AssignmentsController.Publish(Int32 id, CancellationToken cancellationToken) in C:\Users\Tarek\Desktop\assignment\src\AssignmentManagement.Api\Controllers\AssignmentsController.cs:line 56
   at lambda_method1480(Closure, Object)
   at Microsoft.AspNetCore.Mvc.Infrastructure.ActionMethodExecutor.AwaitableObjectResultExecutor.Execute(ActionContext actionContext, IActionResultTypeMapper mapper, ObjectMethodExecutor executor, Object controller, Object[] arguments)
   at Microsoft.AspNetCore.Mvc.Infrastructure.ControllerActionInvoker.<InvokeActionMethodAsync>g__Awaited|12_0(ControllerActionInvoker invoker, ValueTask`1 actionResultValueTask)
   at Microsoft.AspNetCore.Mvc.Infrastructure.ControllerActionInvoker.<InvokeNextActionFilterAsync>g__Awaited|10_0(ControllerActionInvoker invoker, Task lastTask, State next, Scope scope, Object state, Boolean isCompleted)
   at Microsoft.AspNetCore.Mvc.Infrastructure.ControllerActionInvoker.Rethrow(ActionExecutedContextSealed context)
   at Microsoft.AspNetCore.Mvc.Infrastructure.ControllerActionInvoker.Next(State& next, Scope& scope, Object& state, Boolean& isCompleted)
   at Microsoft.AspNetCore.Mvc.Infrastructure.ControllerActionInvoker.<InvokeInnerFilterAsync>g__Awaited|13_0(ControllerActionInvoker invoker, Task lastTask, State next, Scope scope, Object state, Boolean isCompleted)
   at Microsoft.AspNetCore.Mvc.Infrastructure.ResourceInvoker.<InvokeFilterPipelineAsync>g__Awaited|20_0(ResourceInvoker invoker, Task lastTask, State next, Scope scope, Object state, Boolean isCompleted)
   at Microsoft.AspNetCore.Mvc.Infrastructure.ResourceInvoker.<InvokeAsync>g__Awaited|17_0(ResourceInvoker invoker, Task task, IDisposable scope)
   at Microsoft.AspNetCore.Mvc.Infrastructure.ResourceInvoker.<InvokeAsync>g__Awaited|17_0(ResourceInvoker invoker, Task task, IDisposable scope)
   at Microsoft.AspNetCore.Authorization.AuthorizationMiddleware.Invoke(HttpContext context)
   at Microsoft.AspNetCore.Authentication.AuthenticationMiddleware.Invoke(HttpContext context)
   at Swashbuckle.AspNetCore.SwaggerUI.SwaggerUIMiddleware.Invoke(HttpContext httpContext)
   at Swashbuckle.AspNetCore.Swagger.SwaggerMiddleware.Invoke(HttpContext httpContext, ISwaggerProvider swaggerProvider)
   at AssignmentManagement.Api.Middleware.ExceptionMiddleware.InvokeAsync(HttpContext context) in C:\Users\Tarek\Desktop\assignment\src\AssignmentManagement.Api\Middleware\ExceptionMiddleware.cs:line 23
2026-08-10 10:05:23.498 +06:00 [ERR] [AssignmentManagement.Api.Middleware.ExceptionMiddleware] Unhandled exception occurred while processing request POST /api/assignments/91/publish
AssignmentManagement.Application.Common.ConflictException: Assignment deadline must be in the future before publishing.
   at AssignmentManagement.Application.Services.AssignmentService.EnsurePublishable(Assignment assignment) in C:\Users\Tarek\Desktop\assignment\src\AssignmentManagement.Application\Services\AssignmentService.cs:line 186
   at AssignmentManagement.Application.Services.AssignmentService.PublishAssignmentAsync(Int32 id, CancellationToken cancellationToken) in C:\Users\Tarek\Desktop\assignment\src\AssignmentManagement.Application\Services\AssignmentService.cs:line 119
   at AssignmentManagement.Api.Controllers.AssignmentsController.Publish(Int32 id, CancellationToken cancellationToken) in C:\Users\Tarek\Desktop\assignment\src\AssignmentManagement.Api\Controllers\AssignmentsController.cs:line 56
   at lambda_method1480(Closure, Object)
   at Microsoft.AspNetCore.Mvc.Infrastructure.ActionMethodExecutor.AwaitableObjectResultExecutor.Execute(ActionContext actionContext, IActionResultTypeMapper mapper, ObjectMethodExecutor executor, Object controller, Object[] arguments)
   at Microsoft.AspNetCore.Mvc.Infrastructure.ControllerActionInvoker.<InvokeActionMethodAsync>g__Awaited|12_0(ControllerActionInvoker invoker, ValueTask`1 actionResultValueTask)
   at Microsoft.AspNetCore.Mvc.Infrastructure.ControllerActionInvoker.<InvokeNextActionFilterAsync>g__Awaited|10_0(ControllerActionInvoker invoker, Task lastTask, State next, Scope scope, Object state, Boolean isCompleted)
   at Microsoft.AspNetCore.Mvc.Infrastructure.ControllerActionInvoker.Rethrow(ActionExecutedContextSealed context)
   at Microsoft.AspNetCore.Mvc.Infrastructure.ControllerActionInvoker.Next(State& next, Scope& scope, Object& state, Boolean& isCompleted)
   at Microsoft.AspNetCore.Mvc.Infrastructure.ControllerActionInvoker.<InvokeInnerFilterAsync>g__Awaited|13_0(ControllerActionInvoker invoker, Task lastTask, State next, Scope scope, Object state, Boolean isCompleted)
   at Microsoft.AspNetCore.Mvc.Infrastructure.ResourceInvoker.<InvokeFilterPipelineAsync>g__Awaited|20_0(ResourceInvoker invoker, Task lastTask, State next, Scope scope, Object state, Boolean isCompleted)
   at Microsoft.AspNetCore.Mvc.Infrastructure.ResourceInvoker.<InvokeAsync>g__Awaited|17_0(ResourceInvoker invoker, Task task, IDisposable scope)
   at Microsoft.AspNetCore.Mvc.Infrastructure.ResourceInvoker.<InvokeAsync>g__Awaited|17_0(ResourceInvoker invoker, Task task, IDisposable scope)
   at Microsoft.AspNetCore.Authorization.AuthorizationMiddleware.Invoke(HttpContext context)
   at Microsoft.AspNetCore.Authentication.AuthenticationMiddleware.Invoke(HttpContext context)
   at Swashbuckle.AspNetCore.SwaggerUI.SwaggerUIMiddleware.Invoke(HttpContext httpContext)
   at Swashbuckle.AspNetCore.Swagger.SwaggerMiddleware.Invoke(HttpContext httpContext, ISwaggerProvider swaggerProvider)
   at AssignmentManagement.Api.Middleware.ExceptionMiddleware.InvokeAsync(HttpContext context) in C:\Users\Tarek\Desktop\assignment\src\AssignmentManagement.Api\Middleware\ExceptionMiddleware.cs:line 23
2026-08-10 10:05:24.028 +06:00 [ERR] [AssignmentManagement.Api.Middleware.ExceptionMiddleware] Unhandled exception occurred while processing request POST /api/assignments/91/publish
AssignmentManagement.Application.Common.ConflictException: Assignment deadline must be in the future before publishing.
   at AssignmentManagement.Application.Services.AssignmentService.EnsurePublishable(Assignment assignment) in C:\Users\Tarek\Desktop\assignment\src\AssignmentManagement.Application\Services\AssignmentService.cs:line 186
   at AssignmentManagement.Application.Services.AssignmentService.PublishAssignmentAsync(Int32 id, CancellationToken cancellationToken) in C:\Users\Tarek\Desktop\assignment\src\AssignmentManagement.Application\Services\AssignmentService.cs:line 119
   at AssignmentManagement.Api.Controllers.AssignmentsController.Publish(Int32 id, CancellationToken cancellationToken) in C:\Users\Tarek\Desktop\assignment\src\AssignmentManagement.Api\Controllers\AssignmentsController.cs:line 56
   at lambda_method1480(Closure, Object)
   at Microsoft.AspNetCore.Mvc.Infrastructure.ActionMethodExecutor.AwaitableObjectResultExecutor.Execute(ActionContext actionContext, IActionResultTypeMapper mapper, ObjectMethodExecutor executor, Object controller, Object[] arguments)
   at Microsoft.AspNetCore.Mvc.Infrastructure.ControllerActionInvoker.<InvokeActionMethodAsync>g__Awaited|12_0(ControllerActionInvoker invoker, ValueTask`1 actionResultValueTask)
   at Microsoft.AspNetCore.Mvc.Infrastructure.ControllerActionInvoker.<InvokeNextActionFilterAsync>g__Awaited|10_0(ControllerActionInvoker invoker, Task lastTask, State next, Scope scope, Object state, Boolean isCompleted)
   at Microsoft.AspNetCore.Mvc.Infrastructure.ControllerActionInvoker.Rethrow(ActionExecutedContextSealed context)
   at Microsoft.AspNetCore.Mvc.Infrastructure.ControllerActionInvoker.Next(State& next, Scope& scope, Object& state, Boolean& isCompleted)
   at Microsoft.AspNetCore.Mvc.Infrastructure.ControllerActionInvoker.<InvokeInnerFilterAsync>g__Awaited|13_0(ControllerActionInvoker invoker, Task lastTask, State next, Scope scope, Object state, Boolean isCompleted)
   at Microsoft.AspNetCore.Mvc.Infrastructure.ResourceInvoker.<InvokeFilterPipelineAsync>g__Awaited|20_0(ResourceInvoker invoker, Task lastTask, State next, Scope scope, Object state, Boolean isCompleted)
   at Microsoft.AspNetCore.Mvc.Infrastructure.ResourceInvoker.<InvokeAsync>g__Awaited|17_0(ResourceInvoker invoker, Task task, IDisposable scope)
   at Microsoft.AspNetCore.Mvc.Infrastructure.ResourceInvoker.<InvokeAsync>g__Awaited|17_0(ResourceInvoker invoker, Task task, IDisposable scope)
   at Microsoft.AspNetCore.Authorization.AuthorizationMiddleware.Invoke(HttpContext context)
   at Microsoft.AspNetCore.Authentication.AuthenticationMiddleware.Invoke(HttpContext context)
   at Swashbuckle.AspNetCore.SwaggerUI.SwaggerUIMiddleware.Invoke(HttpContext httpContext)
   at Swashbuckle.AspNetCore.Swagger.SwaggerMiddleware.Invoke(HttpContext httpContext, ISwaggerProvider swaggerProvider)
   at AssignmentManagement.Api.Middleware.ExceptionMiddleware.InvokeAsync(HttpContext context) in C:\Users\Tarek\Desktop\assignment\src\AssignmentManagement.Api\Middleware\ExceptionMiddleware.cs:line 23
2026-08-10 10:05:25.419 +06:00 [ERR] [AssignmentManagement.Api.Middleware.ExceptionMiddleware] Unhandled exception occurred while processing request POST /api/assignments/91/publish
AssignmentManagement.Application.Common.ConflictException: Assignment deadline must be in the future before publishing.
   at AssignmentManagement.Application.Services.AssignmentService.EnsurePublishable(Assignment assignment) in C:\Users\Tarek\Desktop\assignment\src\AssignmentManagement.Application\Services\AssignmentService.cs:line 186
   at AssignmentManagement.Application.Services.AssignmentService.PublishAssignmentAsync(Int32 id, CancellationToken cancellationToken) in C:\Users\Tarek\Desktop\assignment\src\AssignmentManagement.Application\Services\AssignmentService.cs:line 119
   at AssignmentManagement.Api.Controllers.AssignmentsController.Publish(Int32 id, CancellationToken cancellationToken) in C:\Users\Tarek\Desktop\assignment\src\AssignmentManagement.Api\Controllers\AssignmentsController.cs:line 56
   at lambda_method1480(Closure, Object)
   at Microsoft.AspNetCore.Mvc.Infrastructure.ActionMethodExecutor.AwaitableObjectResultExecutor.Execute(ActionContext actionContext, IActionResultTypeMapper mapper, ObjectMethodExecutor executor, Object controller, Object[] arguments)
   at Microsoft.AspNetCore.Mvc.Infrastructure.ControllerActionInvoker.<InvokeActionMethodAsync>g__Awaited|12_0(ControllerActionInvoker invoker, ValueTask`1 actionResultValueTask)
   at Microsoft.AspNetCore.Mvc.Infrastructure.ControllerActionInvoker.<InvokeNextActionFilterAsync>g__Awaited|10_0(ControllerActionInvoker invoker, Task lastTask, State next, Scope scope, Object state, Boolean isCompleted)
   at Microsoft.AspNetCore.Mvc.Infrastructure.ControllerActionInvoker.Rethrow(ActionExecutedContextSealed context)
   at Microsoft.AspNetCore.Mvc.Infrastructure.ControllerActionInvoker.Next(State& next, Scope& scope, Object& state, Boolean& isCompleted)
   at Microsoft.AspNetCore.Mvc.Infrastructure.ControllerActionInvoker.<InvokeInnerFilterAsync>g__Awaited|13_0(ControllerActionInvoker invoker, Task lastTask, State next, Scope scope, Object state, Boolean isCompleted)
   at Microsoft.AspNetCore.Mvc.Infrastructure.ResourceInvoker.<InvokeFilterPipelineAsync>g__Awaited|20_0(ResourceInvoker invoker, Task lastTask, State next, Scope scope, Object state, Boolean isCompleted)
   at Microsoft.AspNetCore.Mvc.Infrastructure.ResourceInvoker.<InvokeAsync>g__Awaited|17_0(ResourceInvoker invoker, Task task, IDisposable scope)
   at Microsoft.AspNetCore.Mvc.Infrastructure.ResourceInvoker.<InvokeAsync>g__Awaited|17_0(ResourceInvoker invoker, Task task, IDisposable scope)
   at Microsoft.AspNetCore.Authorization.AuthorizationMiddleware.Invoke(HttpContext context)
   at Microsoft.AspNetCore.Authentication.AuthenticationMiddleware.Invoke(HttpContext context)
   at Swashbuckle.AspNetCore.SwaggerUI.SwaggerUIMiddleware.Invoke(HttpContext httpContext)
   at Swashbuckle.AspNetCore.Swagger.SwaggerMiddleware.Invoke(HttpContext httpContext, ISwaggerProvider swaggerProvider)
   at AssignmentManagement.Api.Middleware.ExceptionMiddleware.InvokeAsync(HttpContext context) in C:\Users\Tarek\Desktop\assignment\src\AssignmentManagement.Api\Middleware\ExceptionMiddleware.cs:line 23
2026-08-10 10:30:37.598 +06:00 [ERR] [AssignmentManagement.Api.Middleware.ExceptionMiddleware] Unhandled exception occurred while processing request GET /api/submissions/1656/preview
AssignmentManagement.Application.Common.NotFoundException: The specified submission file does not exist on disk.
   at AssignmentManagement.Infrastructure.Services.StorageService.GetFileAsync(String relativePath, Boolean isDownload, CancellationToken cancellationToken) in C:\Users\Tarek\Desktop\assignment\src\AssignmentManagement.Infrastructure\Services\StorageService.cs:line 139
   at AssignmentManagement.Application.Services.SubmissionService.GetSubmissionFileStreamAsync(Int32 submissionId, Boolean isPreview, CancellationToken cancellationToken) in C:\Users\Tarek\Desktop\assignment\src\AssignmentManagement.Application\Services\SubmissionService.cs:line 230
   at AssignmentManagement.Api.Controllers.SubmissionsController.Preview(Int32 id, CancellationToken cancellationToken) in C:\Users\Tarek\Desktop\assignment\src\AssignmentManagement.Api\Controllers\SubmissionsController.cs:line 88
   at Microsoft.AspNetCore.Mvc.Infrastructure.ActionMethodExecutor.TaskOfIActionResultExecutor.Execute(ActionContext actionContext, IActionResultTypeMapper mapper, ObjectMethodExecutor executor, Object controller, Object[] arguments)
   at Microsoft.AspNetCore.Mvc.Infrastructure.ControllerActionInvoker.<InvokeActionMethodAsync>g__Awaited|12_0(ControllerActionInvoker invoker, ValueTask`1 actionResultValueTask)
   at Microsoft.AspNetCore.Mvc.Infrastructure.ControllerActionInvoker.<InvokeNextActionFilterAsync>g__Awaited|10_0(ControllerActionInvoker invoker, Task lastTask, State next, Scope scope, Object state, Boolean isCompleted)
   at Microsoft.AspNetCore.Mvc.Infrastructure.ControllerActionInvoker.Rethrow(ActionExecutedContextSealed context)
   at Microsoft.AspNetCore.Mvc.Infrastructure.ControllerActionInvoker.Next(State& next, Scope& scope, Object& state, Boolean& isCompleted)
   at Microsoft.AspNetCore.Mvc.Infrastructure.ControllerActionInvoker.<InvokeInnerFilterAsync>g__Awaited|13_0(ControllerActionInvoker invoker, Task lastTask, State next, Scope scope, Object state, Boolean isCompleted)
   at Microsoft.AspNetCore.Mvc.Infrastructure.ResourceInvoker.<InvokeFilterPipelineAsync>g__Awaited|20_0(ResourceInvoker invoker, Task lastTask, State next, Scope scope, Object state, Boolean isCompleted)
   at Microsoft.AspNetCore.Mvc.Infrastructure.ResourceInvoker.<InvokeAsync>g__Awaited|17_0(ResourceInvoker invoker, Task task, IDisposable scope)
   at Microsoft.AspNetCore.Mvc.Infrastructure.ResourceInvoker.<InvokeAsync>g__Awaited|17_0(ResourceInvoker invoker, Task task, IDisposable scope)
   at Microsoft.AspNetCore.Authorization.AuthorizationMiddleware.Invoke(HttpContext context)
   at Microsoft.AspNetCore.Authentication.AuthenticationMiddleware.Invoke(HttpContext context)
   at Swashbuckle.AspNetCore.SwaggerUI.SwaggerUIMiddleware.Invoke(HttpContext httpContext)
   at Swashbuckle.AspNetCore.Swagger.SwaggerMiddleware.Invoke(HttpContext httpContext, ISwaggerProvider swaggerProvider)
   at AssignmentManagement.Api.Middleware.ExceptionMiddleware.InvokeAsync(HttpContext context) in C:\Users\Tarek\Desktop\assignment\src\AssignmentManagement.Api\Middleware\ExceptionMiddleware.cs:line 23
2026-08-10 10:31:10.276 +06:00 [ERR] [AssignmentManagement.Api.Middleware.ExceptionMiddleware] Unhandled exception occurred while processing request GET /api/submissions/1649/preview
AssignmentManagement.Application.Common.NotFoundException: The specified submission file does not exist on disk.
   at AssignmentManagement.Infrastructure.Services.StorageService.GetFileAsync(String relativePath, Boolean isDownload, CancellationToken cancellationToken) in C:\Users\Tarek\Desktop\assignment\src\AssignmentManagement.Infrastructure\Services\StorageService.cs:line 139
   at AssignmentManagement.Application.Services.SubmissionService.GetSubmissionFileStreamAsync(Int32 submissionId, Boolean isPreview, CancellationToken cancellationToken) in C:\Users\Tarek\Desktop\assignment\src\AssignmentManagement.Application\Services\SubmissionService.cs:line 230
   at AssignmentManagement.Api.Controllers.SubmissionsController.Preview(Int32 id, CancellationToken cancellationToken) in C:\Users\Tarek\Desktop\assignment\src\AssignmentManagement.Api\Controllers\SubmissionsController.cs:line 88
   at Microsoft.AspNetCore.Mvc.Infrastructure.ActionMethodExecutor.TaskOfIActionResultExecutor.Execute(ActionContext actionContext, IActionResultTypeMapper mapper, ObjectMethodExecutor executor, Object controller, Object[] arguments)
   at Microsoft.AspNetCore.Mvc.Infrastructure.ControllerActionInvoker.<InvokeActionMethodAsync>g__Awaited|12_0(ControllerActionInvoker invoker, ValueTask`1 actionResultValueTask)
   at Microsoft.AspNetCore.Mvc.Infrastructure.ControllerActionInvoker.<InvokeNextActionFilterAsync>g__Awaited|10_0(ControllerActionInvoker invoker, Task lastTask, State next, Scope scope, Object state, Boolean isCompleted)
   at Microsoft.AspNetCore.Mvc.Infrastructure.ControllerActionInvoker.Rethrow(ActionExecutedContextSealed context)
   at Microsoft.AspNetCore.Mvc.Infrastructure.ControllerActionInvoker.Next(State& next, Scope& scope, Object& state, Boolean& isCompleted)
   at Microsoft.AspNetCore.Mvc.Infrastructure.ControllerActionInvoker.<InvokeInnerFilterAsync>g__Awaited|13_0(ControllerActionInvoker invoker, Task lastTask, State next, Scope scope, Object state, Boolean isCompleted)
   at Microsoft.AspNetCore.Mvc.Infrastructure.ResourceInvoker.<InvokeFilterPipelineAsync>g__Awaited|20_0(ResourceInvoker invoker, Task lastTask, State next, Scope scope, Object state, Boolean isCompleted)
   at Microsoft.AspNetCore.Mvc.Infrastructure.ResourceInvoker.<InvokeAsync>g__Awaited|17_0(ResourceInvoker invoker, Task task, IDisposable scope)
   at Microsoft.AspNetCore.Mvc.Infrastructure.ResourceInvoker.<InvokeAsync>g__Awaited|17_0(ResourceInvoker invoker, Task task, IDisposable scope)
   at Microsoft.AspNetCore.Authorization.AuthorizationMiddleware.Invoke(HttpContext context)
   at Microsoft.AspNetCore.Authentication.AuthenticationMiddleware.Invoke(HttpContext context)
   at Swashbuckle.AspNetCore.SwaggerUI.SwaggerUIMiddleware.Invoke(HttpContext httpContext)
   at Swashbuckle.AspNetCore.Swagger.SwaggerMiddleware.Invoke(HttpContext httpContext, ISwaggerProvider swaggerProvider)
   at AssignmentManagement.Api.Middleware.ExceptionMiddleware.InvokeAsync(HttpContext context) in C:\Users\Tarek\Desktop\assignment\src\AssignmentManagement.Api\Middleware\ExceptionMiddleware.cs:line 23
2026-08-10 10:31:10.280 +06:00 [ERR] [AssignmentManagement.Api.Middleware.ExceptionMiddleware] Unhandled exception occurred while processing request GET /api/submissions/1649/preview
AssignmentManagement.Application.Common.NotFoundException: The specified submission file does not exist on disk.
   at AssignmentManagement.Infrastructure.Services.StorageService.GetFileAsync(String relativePath, Boolean isDownload, CancellationToken cancellationToken) in C:\Users\Tarek\Desktop\assignment\src\AssignmentManagement.Infrastructure\Services\StorageService.cs:line 139
   at AssignmentManagement.Application.Services.SubmissionService.GetSubmissionFileStreamAsync(Int32 submissionId, Boolean isPreview, CancellationToken cancellationToken) in C:\Users\Tarek\Desktop\assignment\src\AssignmentManagement.Application\Services\SubmissionService.cs:line 230
   at AssignmentManagement.Api.Controllers.SubmissionsController.Preview(Int32 id, CancellationToken cancellationToken) in C:\Users\Tarek\Desktop\assignment\src\AssignmentManagement.Api\Controllers\SubmissionsController.cs:line 88
   at Microsoft.AspNetCore.Mvc.Infrastructure.ActionMethodExecutor.TaskOfIActionResultExecutor.Execute(ActionContext actionContext, IActionResultTypeMapper mapper, ObjectMethodExecutor executor, Object controller, Object[] arguments)
   at Microsoft.AspNetCore.Mvc.Infrastructure.ControllerActionInvoker.<InvokeActionMethodAsync>g__Awaited|12_0(ControllerActionInvoker invoker, ValueTask`1 actionResultValueTask)
   at Microsoft.AspNetCore.Mvc.Infrastructure.ControllerActionInvoker.<InvokeNextActionFilterAsync>g__Awaited|10_0(ControllerActionInvoker invoker, Task lastTask, State next, Scope scope, Object state, Boolean isCompleted)
   at Microsoft.AspNetCore.Mvc.Infrastructure.ControllerActionInvoker.Rethrow(ActionExecutedContextSealed context)
   at Microsoft.AspNetCore.Mvc.Infrastructure.ControllerActionInvoker.Next(State& next, Scope& scope, Object& state, Boolean& isCompleted)
   at Microsoft.AspNetCore.Mvc.Infrastructure.ControllerActionInvoker.<InvokeInnerFilterAsync>g__Awaited|13_0(ControllerActionInvoker invoker, Task lastTask, State next, Scope scope, Object state, Boolean isCompleted)
   at Microsoft.AspNetCore.Mvc.Infrastructure.ResourceInvoker.<InvokeFilterPipelineAsync>g__Awaited|20_0(ResourceInvoker invoker, Task lastTask, State next, Scope scope, Object state, Boolean isCompleted)
   at Microsoft.AspNetCore.Mvc.Infrastructure.ResourceInvoker.<InvokeAsync>g__Awaited|17_0(ResourceInvoker invoker, Task task, IDisposable scope)
   at Microsoft.AspNetCore.Mvc.Infrastructure.ResourceInvoker.<InvokeAsync>g__Awaited|17_0(ResourceInvoker invoker, Task task, IDisposable scope)
   at Microsoft.AspNetCore.Authorization.AuthorizationMiddleware.Invoke(HttpContext context)
   at Microsoft.AspNetCore.Authentication.AuthenticationMiddleware.Invoke(HttpContext context)
   at Swashbuckle.AspNetCore.SwaggerUI.SwaggerUIMiddleware.Invoke(HttpContext httpContext)
   at Swashbuckle.AspNetCore.Swagger.SwaggerMiddleware.Invoke(HttpContext httpContext, ISwaggerProvider swaggerProvider)
   at AssignmentManagement.Api.Middleware.ExceptionMiddleware.InvokeAsync(HttpContext context) in C:\Users\Tarek\Desktop\assignment\src\AssignmentManagement.Api\Middleware\ExceptionMiddleware.cs:line 23
2026-08-10 10:31:16.611 +06:00 [ERR] [AssignmentManagement.Api.Middleware.ExceptionMiddleware] Unhandled exception occurred while processing request GET /api/submissions/1649/preview
AssignmentManagement.Application.Common.NotFoundException: The specified submission file does not exist on disk.
   at AssignmentManagement.Infrastructure.Services.StorageService.GetFileAsync(String relativePath, Boolean isDownload, CancellationToken cancellationToken) in C:\Users\Tarek\Desktop\assignment\src\AssignmentManagement.Infrastructure\Services\StorageService.cs:line 139
   at AssignmentManagement.Application.Services.SubmissionService.GetSubmissionFileStreamAsync(Int32 submissionId, Boolean isPreview, CancellationToken cancellationToken) in C:\Users\Tarek\Desktop\assignment\src\AssignmentManagement.Application\Services\SubmissionService.cs:line 230
   at AssignmentManagement.Api.Controllers.SubmissionsController.Preview(Int32 id, CancellationToken cancellationToken) in C:\Users\Tarek\Desktop\assignment\src\AssignmentManagement.Api\Controllers\SubmissionsController.cs:line 88
   at Microsoft.AspNetCore.Mvc.Infrastructure.ActionMethodExecutor.TaskOfIActionResultExecutor.Execute(ActionContext actionContext, IActionResultTypeMapper mapper, ObjectMethodExecutor executor, Object controller, Object[] arguments)
   at Microsoft.AspNetCore.Mvc.Infrastructure.ControllerActionInvoker.<InvokeActionMethodAsync>g__Awaited|12_0(ControllerActionInvoker invoker, ValueTask`1 actionResultValueTask)
   at Microsoft.AspNetCore.Mvc.Infrastructure.ControllerActionInvoker.<InvokeNextActionFilterAsync>g__Awaited|10_0(ControllerActionInvoker invoker, Task lastTask, State next, Scope scope, Object state, Boolean isCompleted)
   at Microsoft.AspNetCore.Mvc.Infrastructure.ControllerActionInvoker.Rethrow(ActionExecutedContextSealed context)
   at Microsoft.AspNetCore.Mvc.Infrastructure.ControllerActionInvoker.Next(State& next, Scope& scope, Object& state, Boolean& isCompleted)
   at Microsoft.AspNetCore.Mvc.Infrastructure.ControllerActionInvoker.<InvokeInnerFilterAsync>g__Awaited|13_0(ControllerActionInvoker invoker, Task lastTask, State next, Scope scope, Object state, Boolean isCompleted)
   at Microsoft.AspNetCore.Mvc.Infrastructure.ResourceInvoker.<InvokeFilterPipelineAsync>g__Awaited|20_0(ResourceInvoker invoker, Task lastTask, State next, Scope scope, Object state, Boolean isCompleted)
   at Microsoft.AspNetCore.Mvc.Infrastructure.ResourceInvoker.<InvokeAsync>g__Awaited|17_0(ResourceInvoker invoker, Task task, IDisposable scope)
   at Microsoft.AspNetCore.Mvc.Infrastructure.ResourceInvoker.<InvokeAsync>g__Awaited|17_0(ResourceInvoker invoker, Task task, IDisposable scope)
   at Microsoft.AspNetCore.Authorization.AuthorizationMiddleware.Invoke(HttpContext context)
   at Microsoft.AspNetCore.Authentication.AuthenticationMiddleware.Invoke(HttpContext context)
   at Swashbuckle.AspNetCore.SwaggerUI.SwaggerUIMiddleware.Invoke(HttpContext httpContext)
   at Swashbuckle.AspNetCore.Swagger.SwaggerMiddleware.Invoke(HttpContext httpContext, ISwaggerProvider swaggerProvider)
   at AssignmentManagement.Api.Middleware.ExceptionMiddleware.InvokeAsync(HttpContext context) in C:\Users\Tarek\Desktop\assignment\src\AssignmentManagement.Api\Middleware\ExceptionMiddleware.cs:line 23
2026-08-10 10:31:16.616 +06:00 [ERR] [AssignmentManagement.Api.Middleware.ExceptionMiddleware] Unhandled exception occurred while processing request GET /api/submissions/1649/preview
AssignmentManagement.Application.Common.NotFoundException: The specified submission file does not exist on disk.
   at AssignmentManagement.Infrastructure.Services.StorageService.GetFileAsync(String relativePath, Boolean isDownload, CancellationToken cancellationToken) in C:\Users\Tarek\Desktop\assignment\src\AssignmentManagement.Infrastructure\Services\StorageService.cs:line 139
   at AssignmentManagement.Application.Services.SubmissionService.GetSubmissionFileStreamAsync(Int32 submissionId, Boolean isPreview, CancellationToken cancellationToken) in C:\Users\Tarek\Desktop\assignment\src\AssignmentManagement.Application\Services\SubmissionService.cs:line 230
   at AssignmentManagement.Api.Controllers.SubmissionsController.Preview(Int32 id, CancellationToken cancellationToken) in C:\Users\Tarek\Desktop\assignment\src\AssignmentManagement.Api\Controllers\SubmissionsController.cs:line 88
   at Microsoft.AspNetCore.Mvc.Infrastructure.ActionMethodExecutor.TaskOfIActionResultExecutor.Execute(ActionContext actionContext, IActionResultTypeMapper mapper, ObjectMethodExecutor executor, Object controller, Object[] arguments)
   at Microsoft.AspNetCore.Mvc.Infrastructure.ControllerActionInvoker.<InvokeActionMethodAsync>g__Awaited|12_0(ControllerActionInvoker invoker, ValueTask`1 actionResultValueTask)
   at Microsoft.AspNetCore.Mvc.Infrastructure.ControllerActionInvoker.<InvokeNextActionFilterAsync>g__Awaited|10_0(ControllerActionInvoker invoker, Task lastTask, State next, Scope scope, Object state, Boolean isCompleted)
   at Microsoft.AspNetCore.Mvc.Infrastructure.ControllerActionInvoker.Rethrow(ActionExecutedContextSealed context)
   at Microsoft.AspNetCore.Mvc.Infrastructure.ControllerActionInvoker.Next(State& next, Scope& scope, Object& state, Boolean& isCompleted)
   at Microsoft.AspNetCore.Mvc.Infrastructure.ControllerActionInvoker.<InvokeInnerFilterAsync>g__Awaited|13_0(ControllerActionInvoker invoker, Task lastTask, State next, Scope scope, Object state, Boolean isCompleted)
   at Microsoft.AspNetCore.Mvc.Infrastructure.ResourceInvoker.<InvokeFilterPipelineAsync>g__Awaited|20_0(ResourceInvoker invoker, Task lastTask, State next, Scope scope, Object state, Boolean isCompleted)
   at Microsoft.AspNetCore.Mvc.Infrastructure.ResourceInvoker.<InvokeAsync>g__Awaited|17_0(ResourceInvoker invoker, Task task, IDisposable scope)
   at Microsoft.AspNetCore.Mvc.Infrastructure.ResourceInvoker.<InvokeAsync>g__Awaited|17_0(ResourceInvoker invoker, Task task, IDisposable scope)
   at Microsoft.AspNetCore.Authorization.AuthorizationMiddleware.Invoke(HttpContext context)
   at Microsoft.AspNetCore.Authentication.AuthenticationMiddleware.Invoke(HttpContext context)
   at Swashbuckle.AspNetCore.SwaggerUI.SwaggerUIMiddleware.Invoke(HttpContext httpContext)
   at Swashbuckle.AspNetCore.Swagger.SwaggerMiddleware.Invoke(HttpContext httpContext, ISwaggerProvider swaggerProvider)
   at AssignmentManagement.Api.Middleware.ExceptionMiddleware.InvokeAsync(HttpContext context) in C:\Users\Tarek\Desktop\assignment\src\AssignmentManagement.Api\Middleware\ExceptionMiddleware.cs:line 23
2026-08-10 10:31:35.392 +06:00 [INF] [AssignmentManagement.Application.Services.AuthService] User 5 (teacher4@school.edu.bd) logged out
2026-08-10 10:31:37.884 +06:00 [INF] [AssignmentManagement.Application.Services.AuthService] Login attempt received for email 'sarah@gmail.com' (length 8)
2026-08-10 10:31:38.007 +06:00 [INF] [AssignmentManagement.Application.Services.AuthService] User 123 (sarah@gmail.com) logged in successfully with role "Student"
2026-08-10 10:31:56.456 +06:00 [INF] [AssignmentManagement.Application.Services.AuthService] User 123 (sarah@gmail.com) logged out
2026-08-10 10:32:02.298 +06:00 [INF] [AssignmentManagement.Application.Services.AuthService] Login attempt received for email 'student15@school.edu.bd' (length 8)
2026-08-10 10:32:02.418 +06:00 [WRN] [AssignmentManagement.Application.Services.AuthService] Login failed: Password mismatch for user 31 (student15@school.edu.bd). Input Pwd Len: 8, Hash: $2a$11$u1OP2waG
2026-08-10 10:32:02.419 +06:00 [ERR] [AssignmentManagement.Api.Middleware.ExceptionMiddleware] Unhandled exception occurred while processing request POST /api/auth/login
System.UnauthorizedAccessException: Invalid email or password.
   at AssignmentManagement.Application.Services.AuthService.LoginAsync(LoginRequestDto request, CancellationToken cancellationToken) in C:\Users\Tarek\Desktop\assignment\src\AssignmentManagement.Application\Services\AuthService.cs:line 55
   at AssignmentManagement.Api.Controllers.AuthController.Login(LoginRequestDto request, CancellationToken cancellationToken) in C:\Users\Tarek\Desktop\assignment\src\AssignmentManagement.Api\Controllers\AuthController.cs:line 21
   at lambda_method152(Closure, Object)
   at Microsoft.AspNetCore.Mvc.Infrastructure.ActionMethodExecutor.AwaitableObjectResultExecutor.Execute(ActionContext actionContext, IActionResultTypeMapper mapper, ObjectMethodExecutor executor, Object controller, Object[] arguments)
   at Microsoft.AspNetCore.Mvc.Infrastructure.ControllerActionInvoker.<InvokeActionMethodAsync>g__Awaited|12_0(ControllerActionInvoker invoker, ValueTask`1 actionResultValueTask)
   at Microsoft.AspNetCore.Mvc.Infrastructure.ControllerActionInvoker.<InvokeNextActionFilterAsync>g__Awaited|10_0(ControllerActionInvoker invoker, Task lastTask, State next, Scope scope, Object state, Boolean isCompleted)
   at Microsoft.AspNetCore.Mvc.Infrastructure.ControllerActionInvoker.Rethrow(ActionExecutedContextSealed context)
   at Microsoft.AspNetCore.Mvc.Infrastructure.ControllerActionInvoker.Next(State& next, Scope& scope, Object& state, Boolean& isCompleted)
   at Microsoft.AspNetCore.Mvc.Infrastructure.ControllerActionInvoker.<InvokeInnerFilterAsync>g__Awaited|13_0(ControllerActionInvoker invoker, Task lastTask, State next, Scope scope, Object state, Boolean isCompleted)
   at Microsoft.AspNetCore.Mvc.Infrastructure.ResourceInvoker.<InvokeFilterPipelineAsync>g__Awaited|20_0(ResourceInvoker invoker, Task lastTask, State next, Scope scope, Object state, Boolean isCompleted)
   at Microsoft.AspNetCore.Mvc.Infrastructure.ResourceInvoker.<InvokeAsync>g__Awaited|17_0(ResourceInvoker invoker, Task task, IDisposable scope)
   at Microsoft.AspNetCore.Mvc.Infrastructure.ResourceInvoker.<InvokeAsync>g__Awaited|17_0(ResourceInvoker invoker, Task task, IDisposable scope)
   at Microsoft.AspNetCore.Authorization.AuthorizationMiddleware.Invoke(HttpContext context)
   at Microsoft.AspNetCore.Authentication.AuthenticationMiddleware.Invoke(HttpContext context)
   at Swashbuckle.AspNetCore.SwaggerUI.SwaggerUIMiddleware.Invoke(HttpContext httpContext)
   at Swashbuckle.AspNetCore.Swagger.SwaggerMiddleware.Invoke(HttpContext httpContext, ISwaggerProvider swaggerProvider)
   at AssignmentManagement.Api.Middleware.ExceptionMiddleware.InvokeAsync(HttpContext context) in C:\Users\Tarek\Desktop\assignment\src\AssignmentManagement.Api\Middleware\ExceptionMiddleware.cs:line 23
2026-08-10 10:32:07.796 +06:00 [INF] [AssignmentManagement.Application.Services.AuthService] Login attempt received for email 'student15@school.edu.bd' (length 12)
2026-08-10 10:32:07.912 +06:00 [INF] [AssignmentManagement.Application.Services.AuthService] User 31 (student15@school.edu.bd) logged in successfully with role "Student"
2026-08-10 10:33:36.197 +06:00 [ERR] [AssignmentManagement.Api.Middleware.ExceptionMiddleware] Unhandled exception occurred while processing request GET /api/submissions/385/preview
AssignmentManagement.Application.Common.NotFoundException: The specified submission file does not exist on disk.
   at AssignmentManagement.Infrastructure.Services.StorageService.GetFileAsync(String relativePath, Boolean isDownload, CancellationToken cancellationToken) in C:\Users\Tarek\Desktop\assignment\src\AssignmentManagement.Infrastructure\Services\StorageService.cs:line 139
   at AssignmentManagement.Application.Services.SubmissionService.GetSubmissionFileStreamAsync(Int32 submissionId, Boolean isPreview, CancellationToken cancellationToken) in C:\Users\Tarek\Desktop\assignment\src\AssignmentManagement.Application\Services\SubmissionService.cs:line 230
   at AssignmentManagement.Api.Controllers.SubmissionsController.Preview(Int32 id, CancellationToken cancellationToken) in C:\Users\Tarek\Desktop\assignment\src\AssignmentManagement.Api\Controllers\SubmissionsController.cs:line 88
   at Microsoft.AspNetCore.Mvc.Infrastructure.ActionMethodExecutor.TaskOfIActionResultExecutor.Execute(ActionContext actionContext, IActionResultTypeMapper mapper, ObjectMethodExecutor executor, Object controller, Object[] arguments)
   at Microsoft.AspNetCore.Mvc.Infrastructure.ControllerActionInvoker.<InvokeActionMethodAsync>g__Awaited|12_0(ControllerActionInvoker invoker, ValueTask`1 actionResultValueTask)
   at Microsoft.AspNetCore.Mvc.Infrastructure.ControllerActionInvoker.<InvokeNextActionFilterAsync>g__Awaited|10_0(ControllerActionInvoker invoker, Task lastTask, State next, Scope scope, Object state, Boolean isCompleted)
   at Microsoft.AspNetCore.Mvc.Infrastructure.ControllerActionInvoker.Rethrow(ActionExecutedContextSealed context)
   at Microsoft.AspNetCore.Mvc.Infrastructure.ControllerActionInvoker.Next(State& next, Scope& scope, Object& state, Boolean& isCompleted)
   at Microsoft.AspNetCore.Mvc.Infrastructure.ControllerActionInvoker.<InvokeInnerFilterAsync>g__Awaited|13_0(ControllerActionInvoker invoker, Task lastTask, State next, Scope scope, Object state, Boolean isCompleted)
   at Microsoft.AspNetCore.Mvc.Infrastructure.ResourceInvoker.<InvokeFilterPipelineAsync>g__Awaited|20_0(ResourceInvoker invoker, Task lastTask, State next, Scope scope, Object state, Boolean isCompleted)
   at Microsoft.AspNetCore.Mvc.Infrastructure.ResourceInvoker.<InvokeAsync>g__Awaited|17_0(ResourceInvoker invoker, Task task, IDisposable scope)
   at Microsoft.AspNetCore.Mvc.Infrastructure.ResourceInvoker.<InvokeAsync>g__Awaited|17_0(ResourceInvoker invoker, Task task, IDisposable scope)
   at Microsoft.AspNetCore.Authorization.AuthorizationMiddleware.Invoke(HttpContext context)
   at Microsoft.AspNetCore.Authentication.AuthenticationMiddleware.Invoke(HttpContext context)
   at Swashbuckle.AspNetCore.SwaggerUI.SwaggerUIMiddleware.Invoke(HttpContext httpContext)
   at Swashbuckle.AspNetCore.Swagger.SwaggerMiddleware.Invoke(HttpContext httpContext, ISwaggerProvider swaggerProvider)
   at AssignmentManagement.Api.Middleware.ExceptionMiddleware.InvokeAsync(HttpContext context) in C:\Users\Tarek\Desktop\assignment\src\AssignmentManagement.Api\Middleware\ExceptionMiddleware.cs:line 23
2026-08-10 10:35:14.032 +06:00 [INF] [AssignmentManagement.Application.Services.AuthService] User 31 (student15@school.edu.bd) logged out
2026-08-10 10:35:16.940 +06:00 [INF] [AssignmentManagement.Application.Services.AuthService] Login attempt received for email 'teacher4@school.edu.bd' (length 12)
2026-08-10 10:35:17.057 +06:00 [INF] [AssignmentManagement.Application.Services.AuthService] User 5 (teacher4@school.edu.bd) logged in successfully with role "Teacher"
2026-08-10 10:45:09.402 +06:00 [ERR] [AssignmentManagement.Api.Middleware.ExceptionMiddleware] Unhandled exception occurred while processing request POST /api/assignments/91/publish
AssignmentManagement.Application.Common.ConflictException: Assignment deadline must be in the future before publishing.
   at AssignmentManagement.Application.Services.AssignmentService.EnsurePublishable(Assignment assignment) in C:\Users\Tarek\Desktop\assignment\src\AssignmentManagement.Application\Services\AssignmentService.cs:line 186
   at AssignmentManagement.Application.Services.AssignmentService.PublishAssignmentAsync(Int32 id, CancellationToken cancellationToken) in C:\Users\Tarek\Desktop\assignment\src\AssignmentManagement.Application\Services\AssignmentService.cs:line 119
   at AssignmentManagement.Api.Controllers.AssignmentsController.Publish(Int32 id, CancellationToken cancellationToken) in C:\Users\Tarek\Desktop\assignment\src\AssignmentManagement.Api\Controllers\AssignmentsController.cs:line 56
   at lambda_method1480(Closure, Object)
   at Microsoft.AspNetCore.Mvc.Infrastructure.ActionMethodExecutor.AwaitableObjectResultExecutor.Execute(ActionContext actionContext, IActionResultTypeMapper mapper, ObjectMethodExecutor executor, Object controller, Object[] arguments)
   at Microsoft.AspNetCore.Mvc.Infrastructure.ControllerActionInvoker.<InvokeActionMethodAsync>g__Awaited|12_0(ControllerActionInvoker invoker, ValueTask`1 actionResultValueTask)
   at Microsoft.AspNetCore.Mvc.Infrastructure.ControllerActionInvoker.<InvokeNextActionFilterAsync>g__Awaited|10_0(ControllerActionInvoker invoker, Task lastTask, State next, Scope scope, Object state, Boolean isCompleted)
   at Microsoft.AspNetCore.Mvc.Infrastructure.ControllerActionInvoker.Rethrow(ActionExecutedContextSealed context)
   at Microsoft.AspNetCore.Mvc.Infrastructure.ControllerActionInvoker.Next(State& next, Scope& scope, Object& state, Boolean& isCompleted)
   at Microsoft.AspNetCore.Mvc.Infrastructure.ControllerActionInvoker.<InvokeInnerFilterAsync>g__Awaited|13_0(ControllerActionInvoker invoker, Task lastTask, State next, Scope scope, Object state, Boolean isCompleted)
   at Microsoft.AspNetCore.Mvc.Infrastructure.ResourceInvoker.<InvokeFilterPipelineAsync>g__Awaited|20_0(ResourceInvoker invoker, Task lastTask, State next, Scope scope, Object state, Boolean isCompleted)
   at Microsoft.AspNetCore.Mvc.Infrastructure.ResourceInvoker.<InvokeAsync>g__Awaited|17_0(ResourceInvoker invoker, Task task, IDisposable scope)
   at Microsoft.AspNetCore.Mvc.Infrastructure.ResourceInvoker.<InvokeAsync>g__Awaited|17_0(ResourceInvoker invoker, Task task, IDisposable scope)
   at Microsoft.AspNetCore.Authorization.AuthorizationMiddleware.Invoke(HttpContext context)
   at Microsoft.AspNetCore.Authentication.AuthenticationMiddleware.Invoke(HttpContext context)
   at Swashbuckle.AspNetCore.SwaggerUI.SwaggerUIMiddleware.Invoke(HttpContext httpContext)
   at Swashbuckle.AspNetCore.Swagger.SwaggerMiddleware.Invoke(HttpContext httpContext, ISwaggerProvider swaggerProvider)
   at AssignmentManagement.Api.Middleware.ExceptionMiddleware.InvokeAsync(HttpContext context) in C:\Users\Tarek\Desktop\assignment\src\AssignmentManagement.Api\Middleware\ExceptionMiddleware.cs:line 23
2026-08-10 10:50:15.287 +06:00 [ERR] [AssignmentManagement.Api.Middleware.ExceptionMiddleware] Unhandled exception occurred while processing request GET /api/submissions/1656/preview
AssignmentManagement.Application.Common.NotFoundException: The specified submission file does not exist on disk.
   at AssignmentManagement.Infrastructure.Services.StorageService.GetFileAsync(String relativePath, Boolean isDownload, CancellationToken cancellationToken) in C:\Users\Tarek\Desktop\assignment\src\AssignmentManagement.Infrastructure\Services\StorageService.cs:line 139
   at AssignmentManagement.Application.Services.SubmissionService.GetSubmissionFileStreamAsync(Int32 submissionId, Boolean isPreview, CancellationToken cancellationToken) in C:\Users\Tarek\Desktop\assignment\src\AssignmentManagement.Application\Services\SubmissionService.cs:line 230
   at AssignmentManagement.Api.Controllers.SubmissionsController.Preview(Int32 id, CancellationToken cancellationToken) in C:\Users\Tarek\Desktop\assignment\src\AssignmentManagement.Api\Controllers\SubmissionsController.cs:line 88
   at Microsoft.AspNetCore.Mvc.Infrastructure.ActionMethodExecutor.TaskOfIActionResultExecutor.Execute(ActionContext actionContext, IActionResultTypeMapper mapper, ObjectMethodExecutor executor, Object controller, Object[] arguments)
   at Microsoft.AspNetCore.Mvc.Infrastructure.ControllerActionInvoker.<InvokeActionMethodAsync>g__Awaited|12_0(ControllerActionInvoker invoker, ValueTask`1 actionResultValueTask)
   at Microsoft.AspNetCore.Mvc.Infrastructure.ControllerActionInvoker.<InvokeNextActionFilterAsync>g__Awaited|10_0(ControllerActionInvoker invoker, Task lastTask, State next, Scope scope, Object state, Boolean isCompleted)
   at Microsoft.AspNetCore.Mvc.Infrastructure.ControllerActionInvoker.Rethrow(ActionExecutedContextSealed context)
   at Microsoft.AspNetCore.Mvc.Infrastructure.ControllerActionInvoker.Next(State& next, Scope& scope, Object& state, Boolean& isCompleted)
   at Microsoft.AspNetCore.Mvc.Infrastructure.ControllerActionInvoker.<InvokeInnerFilterAsync>g__Awaited|13_0(ControllerActionInvoker invoker, Task lastTask, State next, Scope scope, Object state, Boolean isCompleted)
   at Microsoft.AspNetCore.Mvc.Infrastructure.ResourceInvoker.<InvokeFilterPipelineAsync>g__Awaited|20_0(ResourceInvoker invoker, Task lastTask, State next, Scope scope, Object state, Boolean isCompleted)
   at Microsoft.AspNetCore.Mvc.Infrastructure.ResourceInvoker.<InvokeAsync>g__Awaited|17_0(ResourceInvoker invoker, Task task, IDisposable scope)
   at Microsoft.AspNetCore.Mvc.Infrastructure.ResourceInvoker.<InvokeAsync>g__Awaited|17_0(ResourceInvoker invoker, Task task, IDisposable scope)
   at Microsoft.AspNetCore.Authorization.AuthorizationMiddleware.Invoke(HttpContext context)
   at Microsoft.AspNetCore.Authentication.AuthenticationMiddleware.Invoke(HttpContext context)
   at Swashbuckle.AspNetCore.SwaggerUI.SwaggerUIMiddleware.Invoke(HttpContext httpContext)
   at Swashbuckle.AspNetCore.Swagger.SwaggerMiddleware.Invoke(HttpContext httpContext, ISwaggerProvider swaggerProvider)
   at AssignmentManagement.Api.Middleware.ExceptionMiddleware.InvokeAsync(HttpContext context) in C:\Users\Tarek\Desktop\assignment\src\AssignmentManagement.Api\Middleware\ExceptionMiddleware.cs:line 23
2026-08-10 10:51:27.114 +06:00 [ERR] [AssignmentManagement.Api.Middleware.ExceptionMiddleware] Unhandled exception occurred while processing request GET /api/submissions/1656/preview
AssignmentManagement.Application.Common.NotFoundException: The specified submission file does not exist on disk.
   at AssignmentManagement.Infrastructure.Services.StorageService.GetFileAsync(String relativePath, Boolean isDownload, CancellationToken cancellationToken) in C:\Users\Tarek\Desktop\assignment\src\AssignmentManagement.Infrastructure\Services\StorageService.cs:line 139
   at AssignmentManagement.Application.Services.SubmissionService.GetSubmissionFileStreamAsync(Int32 submissionId, Boolean isPreview, CancellationToken cancellationToken) in C:\Users\Tarek\Desktop\assignment\src\AssignmentManagement.Application\Services\SubmissionService.cs:line 230
   at AssignmentManagement.Api.Controllers.SubmissionsController.Preview(Int32 id, CancellationToken cancellationToken) in C:\Users\Tarek\Desktop\assignment\src\AssignmentManagement.Api\Controllers\SubmissionsController.cs:line 88
   at Microsoft.AspNetCore.Mvc.Infrastructure.ActionMethodExecutor.TaskOfIActionResultExecutor.Execute(ActionContext actionContext, IActionResultTypeMapper mapper, ObjectMethodExecutor executor, Object controller, Object[] arguments)
   at Microsoft.AspNetCore.Mvc.Infrastructure.ControllerActionInvoker.<InvokeActionMethodAsync>g__Awaited|12_0(ControllerActionInvoker invoker, ValueTask`1 actionResultValueTask)
   at Microsoft.AspNetCore.Mvc.Infrastructure.ControllerActionInvoker.<InvokeNextActionFilterAsync>g__Awaited|10_0(ControllerActionInvoker invoker, Task lastTask, State next, Scope scope, Object state, Boolean isCompleted)
   at Microsoft.AspNetCore.Mvc.Infrastructure.ControllerActionInvoker.Rethrow(ActionExecutedContextSealed context)
   at Microsoft.AspNetCore.Mvc.Infrastructure.ControllerActionInvoker.Next(State& next, Scope& scope, Object& state, Boolean& isCompleted)
   at Microsoft.AspNetCore.Mvc.Infrastructure.ControllerActionInvoker.<InvokeInnerFilterAsync>g__Awaited|13_0(ControllerActionInvoker invoker, Task lastTask, State next, Scope scope, Object state, Boolean isCompleted)
   at Microsoft.AspNetCore.Mvc.Infrastructure.ResourceInvoker.<InvokeFilterPipelineAsync>g__Awaited|20_0(ResourceInvoker invoker, Task lastTask, State next, Scope scope, Object state, Boolean isCompleted)
   at Microsoft.AspNetCore.Mvc.Infrastructure.ResourceInvoker.<InvokeAsync>g__Awaited|17_0(ResourceInvoker invoker, Task task, IDisposable scope)
   at Microsoft.AspNetCore.Mvc.Infrastructure.ResourceInvoker.<InvokeAsync>g__Awaited|17_0(ResourceInvoker invoker, Task task, IDisposable scope)
   at Microsoft.AspNetCore.Authorization.AuthorizationMiddleware.Invoke(HttpContext context)
   at Microsoft.AspNetCore.Authentication.AuthenticationMiddleware.Invoke(HttpContext context)
   at Swashbuckle.AspNetCore.SwaggerUI.SwaggerUIMiddleware.Invoke(HttpContext httpContext)
   at Swashbuckle.AspNetCore.Swagger.SwaggerMiddleware.Invoke(HttpContext httpContext, ISwaggerProvider swaggerProvider)
   at AssignmentManagement.Api.Middleware.ExceptionMiddleware.InvokeAsync(HttpContext context) in C:\Users\Tarek\Desktop\assignment\src\AssignmentManagement.Api\Middleware\ExceptionMiddleware.cs:line 23
2026-08-10 10:52:05.369 +06:00 [INF] [AssignmentManagement.Application.Services.AuthService] User 5 (teacher4@school.edu.bd) logged out
2026-08-10 10:52:12.206 +06:00 [INF] [AssignmentManagement.Application.Services.AuthService] Login attempt received for email 'teacher4@school.edu.bd' (length 12)
2026-08-10 10:52:12.350 +06:00 [INF] [AssignmentManagement.Application.Services.AuthService] User 5 (teacher4@school.edu.bd) logged in successfully with role "Teacher"
2026-08-10 10:55:21.104 +06:00 [INF] [AssignmentManagement.Application.Services.AuthService] User 5 (teacher4@school.edu.bd) logged out
2026-08-10 10:55:28.495 +06:00 [INF] [AssignmentManagement.Application.Services.AuthService] Login attempt received for email 'teacher4@school.edu.bd' (length 12)
2026-08-10 10:55:28.616 +06:00 [INF] [AssignmentManagement.Application.Services.AuthService] User 5 (teacher4@school.edu.bd) logged in successfully with role "Teacher"
2026-08-10 10:55:47.926 +06:00 [INF] [AssignmentManagement.Application.Services.AuthService] User 5 (teacher4@school.edu.bd) logged out
2026-08-10 10:55:52.450 +06:00 [INF] [AssignmentManagement.Application.Services.AuthService] Login attempt received for email 'teacher77@school.edu.bd' (length 12)
2026-08-10 10:55:52.453 +06:00 [WRN] [AssignmentManagement.Application.Services.AuthService] Login failed: No user found for email 'teacher77@school.edu.bd'
2026-08-10 10:55:52.453 +06:00 [ERR] [AssignmentManagement.Api.Middleware.ExceptionMiddleware] Unhandled exception occurred while processing request POST /api/auth/login
System.UnauthorizedAccessException: Invalid email or password.
   at AssignmentManagement.Application.Services.AuthService.LoginAsync(LoginRequestDto request, CancellationToken cancellationToken) in C:\Users\Tarek\Desktop\assignment\src\AssignmentManagement.Application\Services\AuthService.cs:line 42
   at AssignmentManagement.Api.Controllers.AuthController.Login(LoginRequestDto request, CancellationToken cancellationToken) in C:\Users\Tarek\Desktop\assignment\src\AssignmentManagement.Api\Controllers\AuthController.cs:line 21
   at lambda_method152(Closure, Object)
   at Microsoft.AspNetCore.Mvc.Infrastructure.ActionMethodExecutor.AwaitableObjectResultExecutor.Execute(ActionContext actionContext, IActionResultTypeMapper mapper, ObjectMethodExecutor executor, Object controller, Object[] arguments)
   at Microsoft.AspNetCore.Mvc.Infrastructure.ControllerActionInvoker.<InvokeActionMethodAsync>g__Awaited|12_0(ControllerActionInvoker invoker, ValueTask`1 actionResultValueTask)
   at Microsoft.AspNetCore.Mvc.Infrastructure.ControllerActionInvoker.<InvokeNextActionFilterAsync>g__Awaited|10_0(ControllerActionInvoker invoker, Task lastTask, State next, Scope scope, Object state, Boolean isCompleted)
   at Microsoft.AspNetCore.Mvc.Infrastructure.ControllerActionInvoker.Rethrow(ActionExecutedContextSealed context)
   at Microsoft.AspNetCore.Mvc.Infrastructure.ControllerActionInvoker.Next(State& next, Scope& scope, Object& state, Boolean& isCompleted)
   at Microsoft.AspNetCore.Mvc.Infrastructure.ControllerActionInvoker.<InvokeInnerFilterAsync>g__Awaited|13_0(ControllerActionInvoker invoker, Task lastTask, State next, Scope scope, Object state, Boolean isCompleted)
   at Microsoft.AspNetCore.Mvc.Infrastructure.ResourceInvoker.<InvokeFilterPipelineAsync>g__Awaited|20_0(ResourceInvoker invoker, Task lastTask, State next, Scope scope, Object state, Boolean isCompleted)
   at Microsoft.AspNetCore.Mvc.Infrastructure.ResourceInvoker.<InvokeAsync>g__Awaited|17_0(ResourceInvoker invoker, Task task, IDisposable scope)
   at Microsoft.AspNetCore.Mvc.Infrastructure.ResourceInvoker.<InvokeAsync>g__Awaited|17_0(ResourceInvoker invoker, Task task, IDisposable scope)
   at Microsoft.AspNetCore.Authorization.AuthorizationMiddleware.Invoke(HttpContext context)
   at Microsoft.AspNetCore.Authentication.AuthenticationMiddleware.Invoke(HttpContext context)
   at Swashbuckle.AspNetCore.SwaggerUI.SwaggerUIMiddleware.Invoke(HttpContext httpContext)
   at Swashbuckle.AspNetCore.Swagger.SwaggerMiddleware.Invoke(HttpContext httpContext, ISwaggerProvider swaggerProvider)
   at AssignmentManagement.Api.Middleware.ExceptionMiddleware.InvokeAsync(HttpContext context) in C:\Users\Tarek\Desktop\assignment\src\AssignmentManagement.Api\Middleware\ExceptionMiddleware.cs:line 23
2026-08-10 10:55:58.666 +06:00 [INF] [AssignmentManagement.Application.Services.AuthService] Login attempt received for email 'teacher67@school.edu.bd' (length 12)
2026-08-10 10:55:58.667 +06:00 [WRN] [AssignmentManagement.Application.Services.AuthService] Login failed: No user found for email 'teacher67@school.edu.bd'
2026-08-10 10:55:58.668 +06:00 [ERR] [AssignmentManagement.Api.Middleware.ExceptionMiddleware] Unhandled exception occurred while processing request POST /api/auth/login
System.UnauthorizedAccessException: Invalid email or password.
   at AssignmentManagement.Application.Services.AuthService.LoginAsync(LoginRequestDto request, CancellationToken cancellationToken) in C:\Users\Tarek\Desktop\assignment\src\AssignmentManagement.Application\Services\AuthService.cs:line 42
   at AssignmentManagement.Api.Controllers.AuthController.Login(LoginRequestDto request, CancellationToken cancellationToken) in C:\Users\Tarek\Desktop\assignment\src\AssignmentManagement.Api\Controllers\AuthController.cs:line 21
   at lambda_method152(Closure, Object)
   at Microsoft.AspNetCore.Mvc.Infrastructure.ActionMethodExecutor.AwaitableObjectResultExecutor.Execute(ActionContext actionContext, IActionResultTypeMapper mapper, ObjectMethodExecutor executor, Object controller, Object[] arguments)
   at Microsoft.AspNetCore.Mvc.Infrastructure.ControllerActionInvoker.<InvokeActionMethodAsync>g__Awaited|12_0(ControllerActionInvoker invoker, ValueTask`1 actionResultValueTask)
   at Microsoft.AspNetCore.Mvc.Infrastructure.ControllerActionInvoker.<InvokeNextActionFilterAsync>g__Awaited|10_0(ControllerActionInvoker invoker, Task lastTask, State next, Scope scope, Object state, Boolean isCompleted)
   at Microsoft.AspNetCore.Mvc.Infrastructure.ControllerActionInvoker.Rethrow(ActionExecutedContextSealed context)
   at Microsoft.AspNetCore.Mvc.Infrastructure.ControllerActionInvoker.Next(State& next, Scope& scope, Object& state, Boolean& isCompleted)
   at Microsoft.AspNetCore.Mvc.Infrastructure.ControllerActionInvoker.<InvokeInnerFilterAsync>g__Awaited|13_0(ControllerActionInvoker invoker, Task lastTask, State next, Scope scope, Object state, Boolean isCompleted)
   at Microsoft.AspNetCore.Mvc.Infrastructure.ResourceInvoker.<InvokeFilterPipelineAsync>g__Awaited|20_0(ResourceInvoker invoker, Task lastTask, State next, Scope scope, Object state, Boolean isCompleted)
   at Microsoft.AspNetCore.Mvc.Infrastructure.ResourceInvoker.<InvokeAsync>g__Awaited|17_0(ResourceInvoker invoker, Task task, IDisposable scope)
   at Microsoft.AspNetCore.Mvc.Infrastructure.ResourceInvoker.<InvokeAsync>g__Awaited|17_0(ResourceInvoker invoker, Task task, IDisposable scope)
   at Microsoft.AspNetCore.Authorization.AuthorizationMiddleware.Invoke(HttpContext context)
   at Microsoft.AspNetCore.Authentication.AuthenticationMiddleware.Invoke(HttpContext context)
   at Swashbuckle.AspNetCore.SwaggerUI.SwaggerUIMiddleware.Invoke(HttpContext httpContext)
   at Swashbuckle.AspNetCore.Swagger.SwaggerMiddleware.Invoke(HttpContext httpContext, ISwaggerProvider swaggerProvider)
   at AssignmentManagement.Api.Middleware.ExceptionMiddleware.InvokeAsync(HttpContext context) in C:\Users\Tarek\Desktop\assignment\src\AssignmentManagement.Api\Middleware\ExceptionMiddleware.cs:line 23
2026-08-10 10:56:03.217 +06:00 [INF] [AssignmentManagement.Application.Services.AuthService] Login attempt received for email 'teacher68@school.edu.bd' (length 12)
2026-08-10 10:56:03.219 +06:00 [WRN] [AssignmentManagement.Application.Services.AuthService] Login failed: No user found for email 'teacher68@school.edu.bd'
2026-08-10 10:56:03.220 +06:00 [ERR] [AssignmentManagement.Api.Middleware.ExceptionMiddleware] Unhandled exception occurred while processing request POST /api/auth/login
System.UnauthorizedAccessException: Invalid email or password.
   at AssignmentManagement.Application.Services.AuthService.LoginAsync(LoginRequestDto request, CancellationToken cancellationToken) in C:\Users\Tarek\Desktop\assignment\src\AssignmentManagement.Application\Services\AuthService.cs:line 42
   at AssignmentManagement.Api.Controllers.AuthController.Login(LoginRequestDto request, CancellationToken cancellationToken) in C:\Users\Tarek\Desktop\assignment\src\AssignmentManagement.Api\Controllers\AuthController.cs:line 21
   at lambda_method152(Closure, Object)
   at Microsoft.AspNetCore.Mvc.Infrastructure.ActionMethodExecutor.AwaitableObjectResultExecutor.Execute(ActionContext actionContext, IActionResultTypeMapper mapper, ObjectMethodExecutor executor, Object controller, Object[] arguments)
   at Microsoft.AspNetCore.Mvc.Infrastructure.ControllerActionInvoker.<InvokeActionMethodAsync>g__Awaited|12_0(ControllerActionInvoker invoker, ValueTask`1 actionResultValueTask)
   at Microsoft.AspNetCore.Mvc.Infrastructure.ControllerActionInvoker.<InvokeNextActionFilterAsync>g__Awaited|10_0(ControllerActionInvoker invoker, Task lastTask, State next, Scope scope, Object state, Boolean isCompleted)
   at Microsoft.AspNetCore.Mvc.Infrastructure.ControllerActionInvoker.Rethrow(ActionExecutedContextSealed context)
   at Microsoft.AspNetCore.Mvc.Infrastructure.ControllerActionInvoker.Next(State& next, Scope& scope, Object& state, Boolean& isCompleted)
   at Microsoft.AspNetCore.Mvc.Infrastructure.ControllerActionInvoker.<InvokeInnerFilterAsync>g__Awaited|13_0(ControllerActionInvoker invoker, Task lastTask, State next, Scope scope, Object state, Boolean isCompleted)
   at Microsoft.AspNetCore.Mvc.Infrastructure.ResourceInvoker.<InvokeFilterPipelineAsync>g__Awaited|20_0(ResourceInvoker invoker, Task lastTask, State next, Scope scope, Object state, Boolean isCompleted)
   at Microsoft.AspNetCore.Mvc.Infrastructure.ResourceInvoker.<InvokeAsync>g__Awaited|17_0(ResourceInvoker invoker, Task task, IDisposable scope)
   at Microsoft.AspNetCore.Mvc.Infrastructure.ResourceInvoker.<InvokeAsync>g__Awaited|17_0(ResourceInvoker invoker, Task task, IDisposable scope)
   at Microsoft.AspNetCore.Authorization.AuthorizationMiddleware.Invoke(HttpContext context)
   at Microsoft.AspNetCore.Authentication.AuthenticationMiddleware.Invoke(HttpContext context)
   at Swashbuckle.AspNetCore.SwaggerUI.SwaggerUIMiddleware.Invoke(HttpContext httpContext)
   at Swashbuckle.AspNetCore.Swagger.SwaggerMiddleware.Invoke(HttpContext httpContext, ISwaggerProvider swaggerProvider)
   at AssignmentManagement.Api.Middleware.ExceptionMiddleware.InvokeAsync(HttpContext context) in C:\Users\Tarek\Desktop\assignment\src\AssignmentManagement.Api\Middleware\ExceptionMiddleware.cs:line 23
2026-08-10 10:56:15.406 +06:00 [INF] [AssignmentManagement.Application.Services.AuthService] Login attempt received for email 'teacher77@school.edu.bd' (length 12)
2026-08-10 10:56:15.407 +06:00 [WRN] [AssignmentManagement.Application.Services.AuthService] Login failed: No user found for email 'teacher77@school.edu.bd'
2026-08-10 10:56:15.407 +06:00 [ERR] [AssignmentManagement.Api.Middleware.ExceptionMiddleware] Unhandled exception occurred while processing request POST /api/auth/login
System.UnauthorizedAccessException: Invalid email or password.
   at AssignmentManagement.Application.Services.AuthService.LoginAsync(LoginRequestDto request, CancellationToken cancellationToken) in C:\Users\Tarek\Desktop\assignment\src\AssignmentManagement.Application\Services\AuthService.cs:line 42
   at AssignmentManagement.Api.Controllers.AuthController.Login(LoginRequestDto request, CancellationToken cancellationToken) in C:\Users\Tarek\Desktop\assignment\src\AssignmentManagement.Api\Controllers\AuthController.cs:line 21
   at lambda_method152(Closure, Object)
   at Microsoft.AspNetCore.Mvc.Infrastructure.ActionMethodExecutor.AwaitableObjectResultExecutor.Execute(ActionContext actionContext, IActionResultTypeMapper mapper, ObjectMethodExecutor executor, Object controller, Object[] arguments)
   at Microsoft.AspNetCore.Mvc.Infrastructure.ControllerActionInvoker.<InvokeActionMethodAsync>g__Awaited|12_0(ControllerActionInvoker invoker, ValueTask`1 actionResultValueTask)
   at Microsoft.AspNetCore.Mvc.Infrastructure.ControllerActionInvoker.<InvokeNextActionFilterAsync>g__Awaited|10_0(ControllerActionInvoker invoker, Task lastTask, State next, Scope scope, Object state, Boolean isCompleted)
   at Microsoft.AspNetCore.Mvc.Infrastructure.ControllerActionInvoker.Rethrow(ActionExecutedContextSealed context)
   at Microsoft.AspNetCore.Mvc.Infrastructure.ControllerActionInvoker.Next(State& next, Scope& scope, Object& state, Boolean& isCompleted)
   at Microsoft.AspNetCore.Mvc.Infrastructure.ControllerActionInvoker.<InvokeInnerFilterAsync>g__Awaited|13_0(ControllerActionInvoker invoker, Task lastTask, State next, Scope scope, Object state, Boolean isCompleted)
   at Microsoft.AspNetCore.Mvc.Infrastructure.ResourceInvoker.<InvokeFilterPipelineAsync>g__Awaited|20_0(ResourceInvoker invoker, Task lastTask, State next, Scope scope, Object state, Boolean isCompleted)
   at Microsoft.AspNetCore.Mvc.Infrastructure.ResourceInvoker.<InvokeAsync>g__Awaited|17_0(ResourceInvoker invoker, Task task, IDisposable scope)
   at Microsoft.AspNetCore.Mvc.Infrastructure.ResourceInvoker.<InvokeAsync>g__Awaited|17_0(ResourceInvoker invoker, Task task, IDisposable scope)
   at Microsoft.AspNetCore.Authorization.AuthorizationMiddleware.Invoke(HttpContext context)
   at Microsoft.AspNetCore.Authentication.AuthenticationMiddleware.Invoke(HttpContext context)
   at Swashbuckle.AspNetCore.SwaggerUI.SwaggerUIMiddleware.Invoke(HttpContext httpContext)
   at Swashbuckle.AspNetCore.Swagger.SwaggerMiddleware.Invoke(HttpContext httpContext, ISwaggerProvider swaggerProvider)
   at AssignmentManagement.Api.Middleware.ExceptionMiddleware.InvokeAsync(HttpContext context) in C:\Users\Tarek\Desktop\assignment\src\AssignmentManagement.Api\Middleware\ExceptionMiddleware.cs:line 23
2026-08-10 10:56:17.675 +06:00 [INF] [AssignmentManagement.Application.Services.AuthService] Login attempt received for email 'teacher79@school.edu.bd' (length 12)
2026-08-10 10:56:17.676 +06:00 [WRN] [AssignmentManagement.Application.Services.AuthService] Login failed: No user found for email 'teacher79@school.edu.bd'
2026-08-10 10:56:17.677 +06:00 [ERR] [AssignmentManagement.Api.Middleware.ExceptionMiddleware] Unhandled exception occurred while processing request POST /api/auth/login
System.UnauthorizedAccessException: Invalid email or password.
   at AssignmentManagement.Application.Services.AuthService.LoginAsync(LoginRequestDto request, CancellationToken cancellationToken) in C:\Users\Tarek\Desktop\assignment\src\AssignmentManagement.Application\Services\AuthService.cs:line 42
   at AssignmentManagement.Api.Controllers.AuthController.Login(LoginRequestDto request, CancellationToken cancellationToken) in C:\Users\Tarek\Desktop\assignment\src\AssignmentManagement.Api\Controllers\AuthController.cs:line 21
   at lambda_method152(Closure, Object)
   at Microsoft.AspNetCore.Mvc.Infrastructure.ActionMethodExecutor.AwaitableObjectResultExecutor.Execute(ActionContext actionContext, IActionResultTypeMapper mapper, ObjectMethodExecutor executor, Object controller, Object[] arguments)
   at Microsoft.AspNetCore.Mvc.Infrastructure.ControllerActionInvoker.<InvokeActionMethodAsync>g__Awaited|12_0(ControllerActionInvoker invoker, ValueTask`1 actionResultValueTask)
   at Microsoft.AspNetCore.Mvc.Infrastructure.ControllerActionInvoker.<InvokeNextActionFilterAsync>g__Awaited|10_0(ControllerActionInvoker invoker, Task lastTask, State next, Scope scope, Object state, Boolean isCompleted)
   at Microsoft.AspNetCore.Mvc.Infrastructure.ControllerActionInvoker.Rethrow(ActionExecutedContextSealed context)
   at Microsoft.AspNetCore.Mvc.Infrastructure.ControllerActionInvoker.Next(State& next, Scope& scope, Object& state, Boolean& isCompleted)
   at Microsoft.AspNetCore.Mvc.Infrastructure.ControllerActionInvoker.<InvokeInnerFilterAsync>g__Awaited|13_0(ControllerActionInvoker invoker, Task lastTask, State next, Scope scope, Object state, Boolean isCompleted)
   at Microsoft.AspNetCore.Mvc.Infrastructure.ResourceInvoker.<InvokeFilterPipelineAsync>g__Awaited|20_0(ResourceInvoker invoker, Task lastTask, State next, Scope scope, Object state, Boolean isCompleted)
   at Microsoft.AspNetCore.Mvc.Infrastructure.ResourceInvoker.<InvokeAsync>g__Awaited|17_0(ResourceInvoker invoker, Task task, IDisposable scope)
   at Microsoft.AspNetCore.Mvc.Infrastructure.ResourceInvoker.<InvokeAsync>g__Awaited|17_0(ResourceInvoker invoker, Task task, IDisposable scope)
   at Microsoft.AspNetCore.Authorization.AuthorizationMiddleware.Invoke(HttpContext context)
   at Microsoft.AspNetCore.Authentication.AuthenticationMiddleware.Invoke(HttpContext context)
   at Swashbuckle.AspNetCore.SwaggerUI.SwaggerUIMiddleware.Invoke(HttpContext httpContext)
   at Swashbuckle.AspNetCore.Swagger.SwaggerMiddleware.Invoke(HttpContext httpContext, ISwaggerProvider swaggerProvider)
   at AssignmentManagement.Api.Middleware.ExceptionMiddleware.InvokeAsync(HttpContext context) in C:\Users\Tarek\Desktop\assignment\src\AssignmentManagement.Api\Middleware\ExceptionMiddleware.cs:line 23
2026-08-10 10:56:37.235 +06:00 [INF] [AssignmentManagement.Application.Services.AuthService] Login attempt received for email 'teacher5@school.edu.bd' (length 8)
2026-08-10 10:56:37.354 +06:00 [WRN] [AssignmentManagement.Application.Services.AuthService] Login failed: Password mismatch for user 6 (teacher5@school.edu.bd). Input Pwd Len: 8, Hash: $2a$11$u1OP2waG
2026-08-10 10:56:37.355 +06:00 [ERR] [AssignmentManagement.Api.Middleware.ExceptionMiddleware] Unhandled exception occurred while processing request POST /api/auth/login
System.UnauthorizedAccessException: Invalid email or password.
   at AssignmentManagement.Application.Services.AuthService.LoginAsync(LoginRequestDto request, CancellationToken cancellationToken) in C:\Users\Tarek\Desktop\assignment\src\AssignmentManagement.Application\Services\AuthService.cs:line 55
   at AssignmentManagement.Api.Controllers.AuthController.Login(LoginRequestDto request, CancellationToken cancellationToken) in C:\Users\Tarek\Desktop\assignment\src\AssignmentManagement.Api\Controllers\AuthController.cs:line 21
   at lambda_method152(Closure, Object)
   at Microsoft.AspNetCore.Mvc.Infrastructure.ActionMethodExecutor.AwaitableObjectResultExecutor.Execute(ActionContext actionContext, IActionResultTypeMapper mapper, ObjectMethodExecutor executor, Object controller, Object[] arguments)
   at Microsoft.AspNetCore.Mvc.Infrastructure.ControllerActionInvoker.<InvokeActionMethodAsync>g__Awaited|12_0(ControllerActionInvoker invoker, ValueTask`1 actionResultValueTask)
   at Microsoft.AspNetCore.Mvc.Infrastructure.ControllerActionInvoker.<InvokeNextActionFilterAsync>g__Awaited|10_0(ControllerActionInvoker invoker, Task lastTask, State next, Scope scope, Object state, Boolean isCompleted)
   at Microsoft.AspNetCore.Mvc.Infrastructure.ControllerActionInvoker.Rethrow(ActionExecutedContextSealed context)
   at Microsoft.AspNetCore.Mvc.Infrastructure.ControllerActionInvoker.Next(State& next, Scope& scope, Object& state, Boolean& isCompleted)
   at Microsoft.AspNetCore.Mvc.Infrastructure.ControllerActionInvoker.<InvokeInnerFilterAsync>g__Awaited|13_0(ControllerActionInvoker invoker, Task lastTask, State next, Scope scope, Object state, Boolean isCompleted)
   at Microsoft.AspNetCore.Mvc.Infrastructure.ResourceInvoker.<InvokeFilterPipelineAsync>g__Awaited|20_0(ResourceInvoker invoker, Task lastTask, State next, Scope scope, Object state, Boolean isCompleted)
   at Microsoft.AspNetCore.Mvc.Infrastructure.ResourceInvoker.<InvokeAsync>g__Awaited|17_0(ResourceInvoker invoker, Task task, IDisposable scope)
   at Microsoft.AspNetCore.Mvc.Infrastructure.ResourceInvoker.<InvokeAsync>g__Awaited|17_0(ResourceInvoker invoker, Task task, IDisposable scope)
   at Microsoft.AspNetCore.Authorization.AuthorizationMiddleware.Invoke(HttpContext context)
   at Microsoft.AspNetCore.Authentication.AuthenticationMiddleware.Invoke(HttpContext context)
   at Swashbuckle.AspNetCore.SwaggerUI.SwaggerUIMiddleware.Invoke(HttpContext httpContext)
   at Swashbuckle.AspNetCore.Swagger.SwaggerMiddleware.Invoke(HttpContext httpContext, ISwaggerProvider swaggerProvider)
   at AssignmentManagement.Api.Middleware.ExceptionMiddleware.InvokeAsync(HttpContext context) in C:\Users\Tarek\Desktop\assignment\src\AssignmentManagement.Api\Middleware\ExceptionMiddleware.cs:line 23
2026-08-10 10:56:41.186 +06:00 [INF] [AssignmentManagement.Application.Services.AuthService] Login attempt received for email 'teacher5@school.edu.bd' (length 12)
2026-08-10 10:56:41.305 +06:00 [INF] [AssignmentManagement.Application.Services.AuthService] User 6 (teacher5@school.edu.bd) logged in successfully with role "Teacher"
2026-08-10 11:01:16.039 +06:00 [INF] [AssignmentManagement.Application.Services.AuthService] User 6 (teacher5@school.edu.bd) logged out
2026-08-10 11:01:17.315 +06:00 [INF] [AssignmentManagement.Application.Services.AuthService] Login attempt received for email 'teacher5@school.edu.bd' (length 12)
2026-08-10 11:01:17.435 +06:00 [INF] [AssignmentManagement.Application.Services.AuthService] User 6 (teacher5@school.edu.bd) logged in successfully with role "Teacher"
2026-08-10 11:01:18.942 +06:00 [INF] [AssignmentManagement.Application.Services.AuthService] User 6 (teacher5@school.edu.bd) logged out
2026-08-10 11:01:21.603 +06:00 [INF] [AssignmentManagement.Application.Services.AuthService] Login attempt received for email 'sarah@gmail.com' (length 8)
2026-08-10 11:01:21.722 +06:00 [INF] [AssignmentManagement.Application.Services.AuthService] User 123 (sarah@gmail.com) logged in successfully with role "Student"
2026-08-10 11:01:29.407 +06:00 [INF] [AssignmentManagement.Application.Services.AuthService] User 123 (sarah@gmail.com) logged out
2026-08-10 11:01:31.692 +06:00 [INF] [AssignmentManagement.Application.Services.AuthService] Login attempt received for email 'student15@school.edu.bd' (length 12)
2026-08-10 11:01:31.810 +06:00 [INF] [AssignmentManagement.Application.Services.AuthService] User 31 (student15@school.edu.bd) logged in successfully with role "Student"
2026-08-10 11:01:33.526 +06:00 [INF] [AssignmentManagement.Application.Services.AuthService] User 31 (student15@school.edu.bd) logged out
2026-08-10 11:01:37.259 +06:00 [INF] [AssignmentManagement.Application.Services.AuthService] Login attempt received for email 'student80@school.edu.bd' (length 12)
2026-08-10 11:01:37.379 +06:00 [INF] [AssignmentManagement.Application.Services.AuthService] User 96 (student80@school.edu.bd) logged in successfully with role "Student"
2026-08-10 11:01:42.859 +06:00 [INF] [AssignmentManagement.Application.Services.AuthService] Login attempt received for email 'student81@school.edu.bd' (length 12)
2026-08-10 11:01:42.977 +06:00 [INF] [AssignmentManagement.Application.Services.AuthService] User 97 (student81@school.edu.bd) logged in successfully with role "Student"
2026-08-10 11:01:47.096 +06:00 [INF] [AssignmentManagement.Application.Services.AuthService] Login attempt received for email 'student82@school.edu.bd' (length 12)
2026-08-10 11:01:47.215 +06:00 [INF] [AssignmentManagement.Application.Services.AuthService] User 98 (student82@school.edu.bd) logged in successfully with role "Student"
2026-08-10 11:01:53.419 +06:00 [INF] [AssignmentManagement.Application.Services.AuthService] Login attempt received for email 'student83@school.edu.bd' (length 12)
2026-08-10 11:01:53.537 +06:00 [INF] [AssignmentManagement.Application.Services.AuthService] User 99 (student83@school.edu.bd) logged in successfully with role "Student"
2026-08-10 11:05:05.935 +06:00 [INF] [AssignmentManagement.Application.Services.AuthService] User 99 (student83@school.edu.bd) logged out
2026-08-10 11:05:07.081 +06:00 [INF] [AssignmentManagement.Application.Services.AuthService] Login attempt received for email 'student15@school.edu.bd' (length 12)
2026-08-10 11:05:07.203 +06:00 [INF] [AssignmentManagement.Application.Services.AuthService] User 31 (student15@school.edu.bd) logged in successfully with role "Student"
2026-08-10 11:05:12.839 +06:00 [INF] [AssignmentManagement.Application.Services.AuthService] User 31 (student15@school.edu.bd) logged out
2026-08-10 11:05:31.027 +06:00 [INF] [AssignmentManagement.Application.Services.AuthService] Login attempt received for email 'student15@school.edu.bd' (length 12)
2026-08-10 11:05:31.149 +06:00 [INF] [AssignmentManagement.Application.Services.AuthService] User 31 (student15@school.edu.bd) logged in successfully with role "Student"
2026-08-10 11:05:37.871 +06:00 [INF] [AssignmentManagement.Application.Services.AuthService] User 31 (student15@school.edu.bd) logged out
2026-08-10 11:06:01.212 +06:00 [INF] [AssignmentManagement.Application.Services.AuthService] Login attempt received for email 'student15@school.edu.bd' (length 12)
2026-08-10 11:06:01.331 +06:00 [INF] [AssignmentManagement.Application.Services.AuthService] User 31 (student15@school.edu.bd) logged in successfully with role "Student"
2026-08-10 11:09:34.516 +06:00 [ERR] [AssignmentManagement.Api.Middleware.ExceptionMiddleware] Unhandled exception occurred while processing request GET /api/submissions/370/preview
AssignmentManagement.Application.Common.NotFoundException: The specified submission file does not exist on disk.
   at AssignmentManagement.Infrastructure.Services.StorageService.GetFileAsync(String relativePath, Boolean isDownload, CancellationToken cancellationToken) in C:\Users\Tarek\Desktop\assignment\src\AssignmentManagement.Infrastructure\Services\StorageService.cs:line 139
   at AssignmentManagement.Application.Services.SubmissionService.GetSubmissionFileStreamAsync(Int32 submissionId, Boolean isPreview, CancellationToken cancellationToken) in C:\Users\Tarek\Desktop\assignment\src\AssignmentManagement.Application\Services\SubmissionService.cs:line 230
   at AssignmentManagement.Api.Controllers.SubmissionsController.Preview(Int32 id, CancellationToken cancellationToken) in C:\Users\Tarek\Desktop\assignment\src\AssignmentManagement.Api\Controllers\SubmissionsController.cs:line 88
   at Microsoft.AspNetCore.Mvc.Infrastructure.ActionMethodExecutor.TaskOfIActionResultExecutor.Execute(ActionContext actionContext, IActionResultTypeMapper mapper, ObjectMethodExecutor executor, Object controller, Object[] arguments)
   at Microsoft.AspNetCore.Mvc.Infrastructure.ControllerActionInvoker.<InvokeActionMethodAsync>g__Awaited|12_0(ControllerActionInvoker invoker, ValueTask`1 actionResultValueTask)
   at Microsoft.AspNetCore.Mvc.Infrastructure.ControllerActionInvoker.<InvokeNextActionFilterAsync>g__Awaited|10_0(ControllerActionInvoker invoker, Task lastTask, State next, Scope scope, Object state, Boolean isCompleted)
   at Microsoft.AspNetCore.Mvc.Infrastructure.ControllerActionInvoker.Rethrow(ActionExecutedContextSealed context)
   at Microsoft.AspNetCore.Mvc.Infrastructure.ControllerActionInvoker.Next(State& next, Scope& scope, Object& state, Boolean& isCompleted)
   at Microsoft.AspNetCore.Mvc.Infrastructure.ControllerActionInvoker.<InvokeInnerFilterAsync>g__Awaited|13_0(ControllerActionInvoker invoker, Task lastTask, State next, Scope scope, Object state, Boolean isCompleted)
   at Microsoft.AspNetCore.Mvc.Infrastructure.ResourceInvoker.<InvokeFilterPipelineAsync>g__Awaited|20_0(ResourceInvoker invoker, Task lastTask, State next, Scope scope, Object state, Boolean isCompleted)
   at Microsoft.AspNetCore.Mvc.Infrastructure.ResourceInvoker.<InvokeAsync>g__Awaited|17_0(ResourceInvoker invoker, Task task, IDisposable scope)
   at Microsoft.AspNetCore.Mvc.Infrastructure.ResourceInvoker.<InvokeAsync>g__Awaited|17_0(ResourceInvoker invoker, Task task, IDisposable scope)
   at Microsoft.AspNetCore.Authorization.AuthorizationMiddleware.Invoke(HttpContext context)
   at Microsoft.AspNetCore.Authentication.AuthenticationMiddleware.Invoke(HttpContext context)
   at Swashbuckle.AspNetCore.SwaggerUI.SwaggerUIMiddleware.Invoke(HttpContext httpContext)
   at Swashbuckle.AspNetCore.Swagger.SwaggerMiddleware.Invoke(HttpContext httpContext, ISwaggerProvider swaggerProvider)
   at AssignmentManagement.Api.Middleware.ExceptionMiddleware.InvokeAsync(HttpContext context) in C:\Users\Tarek\Desktop\assignment\src\AssignmentManagement.Api\Middleware\ExceptionMiddleware.cs:line 23
2026-08-10 11:20:12.464 +06:00 [INF] [AssignmentManagement.Application.Services.AuthService] User 31 (student15@school.edu.bd) logged out
2026-08-10 11:20:14.305 +06:00 [INF] [AssignmentManagement.Application.Services.AuthService] Login attempt received for email 'admin@school.edu.bd' (length 12)
2026-08-10 11:20:14.451 +06:00 [INF] [AssignmentManagement.Application.Services.AuthService] User 117 (admin@school.edu.bd) logged in successfully with role "Admin"
2026-08-10 11:20:38.519 +06:00 [INF] [AssignmentManagement.Application.Services.AuthService] User 117 (admin@school.edu.bd) logged out
2026-08-10 11:20:48.690 +06:00 [INF] [AssignmentManagement.Application.Services.AuthService] Login attempt received for email 'admin@school.edu.bd' (length 12)
2026-08-10 11:20:48.813 +06:00 [INF] [AssignmentManagement.Application.Services.AuthService] User 117 (admin@school.edu.bd) logged in successfully with role "Admin"
2026-08-10 11:20:51.318 +06:00 [INF] [AssignmentManagement.Application.Services.AuthService] User 117 (admin@school.edu.bd) logged out
2026-08-10 11:20:55.800 +06:00 [INF] [AssignmentManagement.Application.Services.AuthService] Login attempt received for email 'admin@school.edu.bd' (length 12)
2026-08-10 11:20:55.920 +06:00 [INF] [AssignmentManagement.Application.Services.AuthService] User 117 (admin@school.edu.bd) logged in successfully with role "Admin"
2026-08-10 11:20:58.670 +06:00 [INF] [AssignmentManagement.Application.Services.AuthService] User 117 (admin@school.edu.bd) logged out
2026-08-10 11:21:18.227 +06:00 [INF] [AssignmentManagement.Application.Services.AuthService] Login attempt received for email 'student15@school.edu.bd' (length 12)
2026-08-10 11:21:18.344 +06:00 [INF] [AssignmentManagement.Application.Services.AuthService] User 31 (student15@school.edu.bd) logged in successfully with role "Student"
2026-08-10 11:23:33.591 +06:00 [INF] [AssignmentManagement.Application.Services.AuthService] User 31 (student15@school.edu.bd) logged out
2026-08-10 11:23:34.699 +06:00 [INF] [AssignmentManagement.Application.Services.AuthService] Login attempt received for email 'student15@school.edu.bd' (length 12)
2026-08-10 11:23:34.817 +06:00 [INF] [AssignmentManagement.Application.Services.AuthService] User 31 (student15@school.edu.bd) logged in successfully with role "Student"
2026-08-10 11:27:25.439 +06:00 [INF] [AssignmentManagement.Application.Services.AuthService] User 31 (student15@school.edu.bd) logged out
2026-08-10 11:27:28.692 +06:00 [INF] [AssignmentManagement.Application.Services.AuthService] Login attempt received for email 'teacher5@school.edu.bd' (length 12)
2026-08-10 11:27:28.809 +06:00 [INF] [AssignmentManagement.Application.Services.AuthService] User 6 (teacher5@school.edu.bd) logged in successfully with role "Teacher"
2026-08-10 11:28:01.847 +06:00 [INF] [AssignmentManagement.Application.Services.AuthService] User 6 (teacher5@school.edu.bd) logged out
2026-08-10 11:28:02.857 +06:00 [INF] [AssignmentManagement.Application.Services.AuthService] Login attempt received for email 'teacher5@school.edu.bd' (length 12)
2026-08-10 11:28:02.976 +06:00 [INF] [AssignmentManagement.Application.Services.AuthService] User 6 (teacher5@school.edu.bd) logged in successfully with role "Teacher"
2026-08-10 11:30:35.590 +06:00 [INF] [AssignmentManagement.Application.Services.AuthService] User 6 (teacher5@school.edu.bd) logged out
2026-08-10 11:30:38.986 +06:00 [INF] [AssignmentManagement.Application.Services.AuthService] Login attempt received for email 'admin@school.edu.bd' (length 12)
2026-08-10 11:30:39.105 +06:00 [INF] [AssignmentManagement.Application.Services.AuthService] User 117 (admin@school.edu.bd) logged in successfully with role "Admin"
2026-08-10 11:30:52.518 +06:00 [INF] [AssignmentManagement.Application.Services.AuthService] User 117 (admin@school.edu.bd) logged out
2026-08-10 11:30:55.104 +06:00 [INF] [AssignmentManagement.Application.Services.AuthService] Login attempt received for email 'teacher4@school.edu.bd' (length 12)
2026-08-10 11:30:55.221 +06:00 [INF] [AssignmentManagement.Application.Services.AuthService] User 5 (teacher4@school.edu.bd) logged in successfully with role "Teacher"
2026-08-10 11:30:59.214 +06:00 [INF] [AssignmentManagement.Application.Services.AuthService] User 5 (teacher4@school.edu.bd) logged out
2026-08-10 11:31:01.785 +06:00 [INF] [AssignmentManagement.Application.Services.AuthService] Login attempt received for email 'teacher5@school.edu.bd' (length 12)
2026-08-10 11:31:01.906 +06:00 [INF] [AssignmentManagement.Application.Services.AuthService] User 6 (teacher5@school.edu.bd) logged in successfully with role "Teacher"
2026-08-10 11:33:31.321 +06:00 [ERR] [AssignmentManagement.Api.Middleware.ExceptionMiddleware] Unhandled exception occurred while processing request POST /api/assignments/13/publish
AssignmentManagement.Application.Common.ConflictException: Assignment deadline must be in the future before publishing.
   at AssignmentManagement.Application.Services.AssignmentService.EnsurePublishable(Assignment assignment) in C:\Users\Tarek\Desktop\assignment\src\AssignmentManagement.Application\Services\AssignmentService.cs:line 186
   at AssignmentManagement.Application.Services.AssignmentService.PublishAssignmentAsync(Int32 id, CancellationToken cancellationToken) in C:\Users\Tarek\Desktop\assignment\src\AssignmentManagement.Application\Services\AssignmentService.cs:line 119
   at AssignmentManagement.Api.Controllers.AssignmentsController.Publish(Int32 id, CancellationToken cancellationToken) in C:\Users\Tarek\Desktop\assignment\src\AssignmentManagement.Api\Controllers\AssignmentsController.cs:line 56
   at lambda_method1480(Closure, Object)
   at Microsoft.AspNetCore.Mvc.Infrastructure.ActionMethodExecutor.AwaitableObjectResultExecutor.Execute(ActionContext actionContext, IActionResultTypeMapper mapper, ObjectMethodExecutor executor, Object controller, Object[] arguments)
   at Microsoft.AspNetCore.Mvc.Infrastructure.ControllerActionInvoker.<InvokeActionMethodAsync>g__Awaited|12_0(ControllerActionInvoker invoker, ValueTask`1 actionResultValueTask)
   at Microsoft.AspNetCore.Mvc.Infrastructure.ControllerActionInvoker.<InvokeNextActionFilterAsync>g__Awaited|10_0(ControllerActionInvoker invoker, Task lastTask, State next, Scope scope, Object state, Boolean isCompleted)
   at Microsoft.AspNetCore.Mvc.Infrastructure.ControllerActionInvoker.Rethrow(ActionExecutedContextSealed context)
   at Microsoft.AspNetCore.Mvc.Infrastructure.ControllerActionInvoker.Next(State& next, Scope& scope, Object& state, Boolean& isCompleted)
   at Microsoft.AspNetCore.Mvc.Infrastructure.ControllerActionInvoker.<InvokeInnerFilterAsync>g__Awaited|13_0(ControllerActionInvoker invoker, Task lastTask, State next, Scope scope, Object state, Boolean isCompleted)
   at Microsoft.AspNetCore.Mvc.Infrastructure.ResourceInvoker.<InvokeFilterPipelineAsync>g__Awaited|20_0(ResourceInvoker invoker, Task lastTask, State next, Scope scope, Object state, Boolean isCompleted)
   at Microsoft.AspNetCore.Mvc.Infrastructure.ResourceInvoker.<InvokeAsync>g__Awaited|17_0(ResourceInvoker invoker, Task task, IDisposable scope)
   at Microsoft.AspNetCore.Mvc.Infrastructure.ResourceInvoker.<InvokeAsync>g__Awaited|17_0(ResourceInvoker invoker, Task task, IDisposable scope)
   at Microsoft.AspNetCore.Authorization.AuthorizationMiddleware.Invoke(HttpContext context)
   at Microsoft.AspNetCore.Authentication.AuthenticationMiddleware.Invoke(HttpContext context)
   at Swashbuckle.AspNetCore.SwaggerUI.SwaggerUIMiddleware.Invoke(HttpContext httpContext)
   at Swashbuckle.AspNetCore.Swagger.SwaggerMiddleware.Invoke(HttpContext httpContext, ISwaggerProvider swaggerProvider)
   at AssignmentManagement.Api.Middleware.ExceptionMiddleware.InvokeAsync(HttpContext context) in C:\Users\Tarek\Desktop\assignment\src\AssignmentManagement.Api\Middleware\ExceptionMiddleware.cs:line 23
2026-08-10 11:33:32.577 +06:00 [ERR] [AssignmentManagement.Api.Middleware.ExceptionMiddleware] Unhandled exception occurred while processing request POST /api/assignments/14/publish
AssignmentManagement.Application.Common.ConflictException: Assignment deadline must be in the future before publishing.
   at AssignmentManagement.Application.Services.AssignmentService.EnsurePublishable(Assignment assignment) in C:\Users\Tarek\Desktop\assignment\src\AssignmentManagement.Application\Services\AssignmentService.cs:line 186
   at AssignmentManagement.Application.Services.AssignmentService.PublishAssignmentAsync(Int32 id, CancellationToken cancellationToken) in C:\Users\Tarek\Desktop\assignment\src\AssignmentManagement.Application\Services\AssignmentService.cs:line 119
   at AssignmentManagement.Api.Controllers.AssignmentsController.Publish(Int32 id, CancellationToken cancellationToken) in C:\Users\Tarek\Desktop\assignment\src\AssignmentManagement.Api\Controllers\AssignmentsController.cs:line 56
   at lambda_method1480(Closure, Object)
   at Microsoft.AspNetCore.Mvc.Infrastructure.ActionMethodExecutor.AwaitableObjectResultExecutor.Execute(ActionContext actionContext, IActionResultTypeMapper mapper, ObjectMethodExecutor executor, Object controller, Object[] arguments)
   at Microsoft.AspNetCore.Mvc.Infrastructure.ControllerActionInvoker.<InvokeActionMethodAsync>g__Awaited|12_0(ControllerActionInvoker invoker, ValueTask`1 actionResultValueTask)
   at Microsoft.AspNetCore.Mvc.Infrastructure.ControllerActionInvoker.<InvokeNextActionFilterAsync>g__Awaited|10_0(ControllerActionInvoker invoker, Task lastTask, State next, Scope scope, Object state, Boolean isCompleted)
   at Microsoft.AspNetCore.Mvc.Infrastructure.ControllerActionInvoker.Rethrow(ActionExecutedContextSealed context)
   at Microsoft.AspNetCore.Mvc.Infrastructure.ControllerActionInvoker.Next(State& next, Scope& scope, Object& state, Boolean& isCompleted)
   at Microsoft.AspNetCore.Mvc.Infrastructure.ControllerActionInvoker.<InvokeInnerFilterAsync>g__Awaited|13_0(ControllerActionInvoker invoker, Task lastTask, State next, Scope scope, Object state, Boolean isCompleted)
   at Microsoft.AspNetCore.Mvc.Infrastructure.ResourceInvoker.<InvokeFilterPipelineAsync>g__Awaited|20_0(ResourceInvoker invoker, Task lastTask, State next, Scope scope, Object state, Boolean isCompleted)
   at Microsoft.AspNetCore.Mvc.Infrastructure.ResourceInvoker.<InvokeAsync>g__Awaited|17_0(ResourceInvoker invoker, Task task, IDisposable scope)
   at Microsoft.AspNetCore.Mvc.Infrastructure.ResourceInvoker.<InvokeAsync>g__Awaited|17_0(ResourceInvoker invoker, Task task, IDisposable scope)
   at Microsoft.AspNetCore.Authorization.AuthorizationMiddleware.Invoke(HttpContext context)
   at Microsoft.AspNetCore.Authentication.AuthenticationMiddleware.Invoke(HttpContext context)
   at Swashbuckle.AspNetCore.SwaggerUI.SwaggerUIMiddleware.Invoke(HttpContext httpContext)
   at Swashbuckle.AspNetCore.Swagger.SwaggerMiddleware.Invoke(HttpContext httpContext, ISwaggerProvider swaggerProvider)
   at AssignmentManagement.Api.Middleware.ExceptionMiddleware.InvokeAsync(HttpContext context) in C:\Users\Tarek\Desktop\assignment\src\AssignmentManagement.Api\Middleware\ExceptionMiddleware.cs:line 23
2026-08-10 11:33:33.095 +06:00 [ERR] [AssignmentManagement.Api.Middleware.ExceptionMiddleware] Unhandled exception occurred while processing request POST /api/assignments/13/publish
AssignmentManagement.Application.Common.ConflictException: Assignment deadline must be in the future before publishing.
   at AssignmentManagement.Application.Services.AssignmentService.EnsurePublishable(Assignment assignment) in C:\Users\Tarek\Desktop\assignment\src\AssignmentManagement.Application\Services\AssignmentService.cs:line 186
   at AssignmentManagement.Application.Services.AssignmentService.PublishAssignmentAsync(Int32 id, CancellationToken cancellationToken) in C:\Users\Tarek\Desktop\assignment\src\AssignmentManagement.Application\Services\AssignmentService.cs:line 119
   at AssignmentManagement.Api.Controllers.AssignmentsController.Publish(Int32 id, CancellationToken cancellationToken) in C:\Users\Tarek\Desktop\assignment\src\AssignmentManagement.Api\Controllers\AssignmentsController.cs:line 56
   at lambda_method1480(Closure, Object)
   at Microsoft.AspNetCore.Mvc.Infrastructure.ActionMethodExecutor.AwaitableObjectResultExecutor.Execute(ActionContext actionContext, IActionResultTypeMapper mapper, ObjectMethodExecutor executor, Object controller, Object[] arguments)
   at Microsoft.AspNetCore.Mvc.Infrastructure.ControllerActionInvoker.<InvokeActionMethodAsync>g__Awaited|12_0(ControllerActionInvoker invoker, ValueTask`1 actionResultValueTask)
   at Microsoft.AspNetCore.Mvc.Infrastructure.ControllerActionInvoker.<InvokeNextActionFilterAsync>g__Awaited|10_0(ControllerActionInvoker invoker, Task lastTask, State next, Scope scope, Object state, Boolean isCompleted)
   at Microsoft.AspNetCore.Mvc.Infrastructure.ControllerActionInvoker.Rethrow(ActionExecutedContextSealed context)
   at Microsoft.AspNetCore.Mvc.Infrastructure.ControllerActionInvoker.Next(State& next, Scope& scope, Object& state, Boolean& isCompleted)
   at Microsoft.AspNetCore.Mvc.Infrastructure.ControllerActionInvoker.<InvokeInnerFilterAsync>g__Awaited|13_0(ControllerActionInvoker invoker, Task lastTask, State next, Scope scope, Object state, Boolean isCompleted)
   at Microsoft.AspNetCore.Mvc.Infrastructure.ResourceInvoker.<InvokeFilterPipelineAsync>g__Awaited|20_0(ResourceInvoker invoker, Task lastTask, State next, Scope scope, Object state, Boolean isCompleted)
   at Microsoft.AspNetCore.Mvc.Infrastructure.ResourceInvoker.<InvokeAsync>g__Awaited|17_0(ResourceInvoker invoker, Task task, IDisposable scope)
   at Microsoft.AspNetCore.Mvc.Infrastructure.ResourceInvoker.<InvokeAsync>g__Awaited|17_0(ResourceInvoker invoker, Task task, IDisposable scope)
   at Microsoft.AspNetCore.Authorization.AuthorizationMiddleware.Invoke(HttpContext context)
   at Microsoft.AspNetCore.Authentication.AuthenticationMiddleware.Invoke(HttpContext context)
   at Swashbuckle.AspNetCore.SwaggerUI.SwaggerUIMiddleware.Invoke(HttpContext httpContext)
   at Swashbuckle.AspNetCore.Swagger.SwaggerMiddleware.Invoke(HttpContext httpContext, ISwaggerProvider swaggerProvider)
   at AssignmentManagement.Api.Middleware.ExceptionMiddleware.InvokeAsync(HttpContext context) in C:\Users\Tarek\Desktop\assignment\src\AssignmentManagement.Api\Middleware\ExceptionMiddleware.cs:line 23
2026-08-10 11:35:42.346 +06:00 [INF] [AssignmentManagement.Application.Services.AssignmentService] Assignment 145 'Database Assignment: Relational Queries & SQL' updated by Teacher User 6
2026-08-10 11:36:44.802 +06:00 [ERR] [AssignmentManagement.Api.Middleware.ExceptionMiddleware] Unhandled exception occurred while processing request GET /api/submissions/2037/preview
AssignmentManagement.Application.Common.NotFoundException: The specified submission file does not exist on disk.
   at AssignmentManagement.Infrastructure.Services.StorageService.GetFileAsync(String relativePath, Boolean isDownload, CancellationToken cancellationToken) in C:\Users\Tarek\Desktop\assignment\src\AssignmentManagement.Infrastructure\Services\StorageService.cs:line 139
   at AssignmentManagement.Application.Services.SubmissionService.GetSubmissionFileStreamAsync(Int32 submissionId, Boolean isPreview, CancellationToken cancellationToken) in C:\Users\Tarek\Desktop\assignment\src\AssignmentManagement.Application\Services\SubmissionService.cs:line 230
   at AssignmentManagement.Api.Controllers.SubmissionsController.Preview(Int32 id, CancellationToken cancellationToken) in C:\Users\Tarek\Desktop\assignment\src\AssignmentManagement.Api\Controllers\SubmissionsController.cs:line 88
   at Microsoft.AspNetCore.Mvc.Infrastructure.ActionMethodExecutor.TaskOfIActionResultExecutor.Execute(ActionContext actionContext, IActionResultTypeMapper mapper, ObjectMethodExecutor executor, Object controller, Object[] arguments)
   at Microsoft.AspNetCore.Mvc.Infrastructure.ControllerActionInvoker.<InvokeActionMethodAsync>g__Awaited|12_0(ControllerActionInvoker invoker, ValueTask`1 actionResultValueTask)
   at Microsoft.AspNetCore.Mvc.Infrastructure.ControllerActionInvoker.<InvokeNextActionFilterAsync>g__Awaited|10_0(ControllerActionInvoker invoker, Task lastTask, State next, Scope scope, Object state, Boolean isCompleted)
   at Microsoft.AspNetCore.Mvc.Infrastructure.ControllerActionInvoker.Rethrow(ActionExecutedContextSealed context)
   at Microsoft.AspNetCore.Mvc.Infrastructure.ControllerActionInvoker.Next(State& next, Scope& scope, Object& state, Boolean& isCompleted)
   at Microsoft.AspNetCore.Mvc.Infrastructure.ControllerActionInvoker.<InvokeInnerFilterAsync>g__Awaited|13_0(ControllerActionInvoker invoker, Task lastTask, State next, Scope scope, Object state, Boolean isCompleted)
   at Microsoft.AspNetCore.Mvc.Infrastructure.ResourceInvoker.<InvokeFilterPipelineAsync>g__Awaited|20_0(ResourceInvoker invoker, Task lastTask, State next, Scope scope, Object state, Boolean isCompleted)
   at Microsoft.AspNetCore.Mvc.Infrastructure.ResourceInvoker.<InvokeAsync>g__Awaited|17_0(ResourceInvoker invoker, Task task, IDisposable scope)
   at Microsoft.AspNetCore.Mvc.Infrastructure.ResourceInvoker.<InvokeAsync>g__Awaited|17_0(ResourceInvoker invoker, Task task, IDisposable scope)
   at Microsoft.AspNetCore.Authorization.AuthorizationMiddleware.Invoke(HttpContext context)
   at Microsoft.AspNetCore.Authentication.AuthenticationMiddleware.Invoke(HttpContext context)
   at Swashbuckle.AspNetCore.SwaggerUI.SwaggerUIMiddleware.Invoke(HttpContext httpContext)
   at Swashbuckle.AspNetCore.Swagger.SwaggerMiddleware.Invoke(HttpContext httpContext, ISwaggerProvider swaggerProvider)
   at AssignmentManagement.Api.Middleware.ExceptionMiddleware.InvokeAsync(HttpContext context) in C:\Users\Tarek\Desktop\assignment\src\AssignmentManagement.Api\Middleware\ExceptionMiddleware.cs:line 23
2026-08-10 12:09:26.279 +06:00 [INF] [AssignmentManagement.Application.Services.AuthService] User 6 (teacher5@school.edu.bd) logged out
2026-08-10 12:09:29.033 +06:00 [INF] [AssignmentManagement.Application.Services.AuthService] Login attempt received for email 'student15@school.edu.bd' (length 12)
2026-08-10 12:09:29.174 +06:00 [INF] [AssignmentManagement.Application.Services.AuthService] User 31 (student15@school.edu.bd) logged in successfully with role "Student"
2026-08-10 12:12:24.310 +06:00 [INF] [AssignmentManagement.Application.Services.AuthService] User 31 (student15@school.edu.bd) logged out
2026-08-10 12:12:37.321 +06:00 [INF] [AssignmentManagement.Application.Services.AuthService] Login attempt received for email 'student15@school.edu.bd' (length 12)
2026-08-10 12:12:37.442 +06:00 [INF] [AssignmentManagement.Application.Services.AuthService] User 31 (student15@school.edu.bd) logged in successfully with role "Student"
2026-08-10 12:13:15.028 +06:00 [INF] [AssignmentManagement.Application.Services.AuthService] User 31 (student15@school.edu.bd) logged out
2026-08-10 12:13:25.051 +06:00 [INF] [AssignmentManagement.Application.Services.AuthService] Login attempt received for email 'student15@school.edu.bd' (length 12)
2026-08-10 12:13:25.171 +06:00 [INF] [AssignmentManagement.Application.Services.AuthService] User 31 (student15@school.edu.bd) logged in successfully with role "Student"
2026-08-10 12:13:42.110 +06:00 [INF] [AssignmentManagement.Application.Services.AuthService] User 31 (student15@school.edu.bd) logged out
2026-08-10 12:13:44.810 +06:00 [INF] [AssignmentManagement.Application.Services.AuthService] Login attempt received for email 'teacher5@school.edu.bd' (length 12)
2026-08-10 12:13:44.928 +06:00 [INF] [AssignmentManagement.Application.Services.AuthService] User 6 (teacher5@school.edu.bd) logged in successfully with role "Teacher"
2026-08-10 12:16:47.452 +06:00 [INF] [AssignmentManagement.Application.Services.AuthService] User 6 (teacher5@school.edu.bd) logged out
2026-08-10 12:17:15.915 +06:00 [INF] [AssignmentManagement.Application.Services.AuthService] Login attempt received for email 'teacher5@school.edu.bd' (length 12)
2026-08-10 12:17:16.066 +06:00 [INF] [AssignmentManagement.Application.Services.AuthService] User 6 (teacher5@school.edu.bd) logged in successfully with role "Teacher"
2026-08-10 12:17:22.653 +06:00 [INF] [AssignmentManagement.Application.Services.AuthService] User 6 (teacher5@school.edu.bd) logged out
2026-08-10 12:17:24.764 +06:00 [INF] [AssignmentManagement.Application.Services.AuthService] Login attempt received for email 'sarah@gmail.com' (length 8)
2026-08-10 12:17:24.885 +06:00 [INF] [AssignmentManagement.Application.Services.AuthService] User 123 (sarah@gmail.com) logged in successfully with role "Student"
2026-08-10 12:19:11.812 +06:00 [INF] [AssignmentManagement.Application.Services.AuthService] User 123 (sarah@gmail.com) logged out
2026-08-10 12:19:28.145 +06:00 [INF] [AssignmentManagement.Application.Services.AuthService] Login attempt received for email 'sarah@gmail.com' (length 8)
2026-08-10 12:19:28.267 +06:00 [INF] [AssignmentManagement.Application.Services.AuthService] User 123 (sarah@gmail.com) logged in successfully with role "Student"
2026-08-10 12:19:48.701 +06:00 [INF] [AssignmentManagement.Application.Services.AuthService] User 123 (sarah@gmail.com) logged out
2026-08-10 12:19:50.225 +06:00 [INF] [AssignmentManagement.Application.Services.AuthService] Login attempt received for email 'sarah@gmail.com' (length 8)
2026-08-10 12:19:50.351 +06:00 [INF] [AssignmentManagement.Application.Services.AuthService] User 123 (sarah@gmail.com) logged in successfully with role "Student"
2026-08-10 12:20:20.277 +06:00 [INF] [AssignmentManagement.Application.Services.AuthService] User 123 (sarah@gmail.com) logged out
2026-08-10 12:20:24.670 +06:00 [INF] [AssignmentManagement.Application.Services.AuthService] Login attempt received for email 'student15@school.edu.bd' (length 12)
2026-08-10 12:20:24.793 +06:00 [INF] [AssignmentManagement.Application.Services.AuthService] User 31 (student15@school.edu.bd) logged in successfully with role "Student"
2026-08-10 12:21:07.580 +06:00 [INF] [AssignmentManagement.Application.Services.AuthService] User 31 (student15@school.edu.bd) logged out
2026-08-10 12:21:09.600 +06:00 [INF] [AssignmentManagement.Application.Services.AuthService] Login attempt received for email 'teacher5@school.edu.bd' (length 12)
2026-08-10 12:21:09.720 +06:00 [INF] [AssignmentManagement.Application.Services.AuthService] User 6 (teacher5@school.edu.bd) logged in successfully with role "Teacher"
2026-08-10 12:26:42.212 +06:00 [INF] [AssignmentManagement.Application.Services.AuthService] User 6 (teacher5@school.edu.bd) logged out
2026-08-10 12:26:44.594 +06:00 [INF] [AssignmentManagement.Application.Services.AuthService] Login attempt received for email 'student15@school.edu.bd' (length 12)
2026-08-10 12:26:44.713 +06:00 [INF] [AssignmentManagement.Application.Services.AuthService] User 31 (student15@school.edu.bd) logged in successfully with role "Student"
2026-08-10 12:27:39.764 +06:00 [INF] [AssignmentManagement.Application.Services.AuthService] User 31 (student15@school.edu.bd) logged out
2026-08-10 12:29:24.553 +06:00 [INF] [AssignmentManagement.Application.Services.AuthService] Login attempt received for email 'student15@school.edu.bd' (length 12)
2026-08-10 12:29:24.695 +06:00 [INF] [AssignmentManagement.Application.Services.AuthService] User 31 (student15@school.edu.bd) logged in successfully with role "Student"
2026-08-10 12:29:26.620 +06:00 [INF] [AssignmentManagement.Application.Services.AuthService] User 31 (student15@school.edu.bd) logged out
2026-08-10 12:29:30.766 +06:00 [INF] [AssignmentManagement.Application.Services.AuthService] Login attempt received for email 'teacher4@school.edu.bd' (length 12)
2026-08-10 12:29:30.888 +06:00 [INF] [AssignmentManagement.Application.Services.AuthService] User 5 (teacher4@school.edu.bd) logged in successfully with role "Teacher"
2026-08-10 12:31:13.608 +06:00 [ERR] [AssignmentManagement.Api.Middleware.ExceptionMiddleware] Unhandled exception occurred while processing request GET /api/submissions/1649/preview
AssignmentManagement.Application.Common.NotFoundException: The specified submission file does not exist on disk.
   at AssignmentManagement.Infrastructure.Services.StorageService.GetFileAsync(String relativePath, Boolean isDownload, CancellationToken cancellationToken) in C:\Users\Tarek\Desktop\assignment\src\AssignmentManagement.Infrastructure\Services\StorageService.cs:line 139
   at AssignmentManagement.Application.Services.SubmissionService.GetSubmissionFileStreamAsync(Int32 submissionId, Boolean isPreview, CancellationToken cancellationToken) in C:\Users\Tarek\Desktop\assignment\src\AssignmentManagement.Application\Services\SubmissionService.cs:line 230
   at AssignmentManagement.Api.Controllers.SubmissionsController.Preview(Int32 id, CancellationToken cancellationToken) in C:\Users\Tarek\Desktop\assignment\src\AssignmentManagement.Api\Controllers\SubmissionsController.cs:line 88
   at Microsoft.AspNetCore.Mvc.Infrastructure.ActionMethodExecutor.TaskOfIActionResultExecutor.Execute(ActionContext actionContext, IActionResultTypeMapper mapper, ObjectMethodExecutor executor, Object controller, Object[] arguments)
   at Microsoft.AspNetCore.Mvc.Infrastructure.ControllerActionInvoker.<InvokeActionMethodAsync>g__Awaited|12_0(ControllerActionInvoker invoker, ValueTask`1 actionResultValueTask)
   at Microsoft.AspNetCore.Mvc.Infrastructure.ControllerActionInvoker.<InvokeNextActionFilterAsync>g__Awaited|10_0(ControllerActionInvoker invoker, Task lastTask, State next, Scope scope, Object state, Boolean isCompleted)
   at Microsoft.AspNetCore.Mvc.Infrastructure.ControllerActionInvoker.Rethrow(ActionExecutedContextSealed context)
   at Microsoft.AspNetCore.Mvc.Infrastructure.ControllerActionInvoker.Next(State& next, Scope& scope, Object& state, Boolean& isCompleted)
   at Microsoft.AspNetCore.Mvc.Infrastructure.ControllerActionInvoker.<InvokeInnerFilterAsync>g__Awaited|13_0(ControllerActionInvoker invoker, Task lastTask, State next, Scope scope, Object state, Boolean isCompleted)
   at Microsoft.AspNetCore.Mvc.Infrastructure.ResourceInvoker.<InvokeFilterPipelineAsync>g__Awaited|20_0(ResourceInvoker invoker, Task lastTask, State next, Scope scope, Object state, Boolean isCompleted)
   at Microsoft.AspNetCore.Mvc.Infrastructure.ResourceInvoker.<InvokeAsync>g__Awaited|17_0(ResourceInvoker invoker, Task task, IDisposable scope)
   at Microsoft.AspNetCore.Mvc.Infrastructure.ResourceInvoker.<InvokeAsync>g__Awaited|17_0(ResourceInvoker invoker, Task task, IDisposable scope)
   at Microsoft.AspNetCore.Authorization.AuthorizationMiddleware.Invoke(HttpContext context)
   at Microsoft.AspNetCore.Authentication.AuthenticationMiddleware.Invoke(HttpContext context)
   at Swashbuckle.AspNetCore.SwaggerUI.SwaggerUIMiddleware.Invoke(HttpContext httpContext)
   at Swashbuckle.AspNetCore.Swagger.SwaggerMiddleware.Invoke(HttpContext httpContext, ISwaggerProvider swaggerProvider)
   at AssignmentManagement.Api.Middleware.ExceptionMiddleware.InvokeAsync(HttpContext context) in C:\Users\Tarek\Desktop\assignment\src\AssignmentManagement.Api\Middleware\ExceptionMiddleware.cs:line 23
2026-08-10 12:31:13.612 +06:00 [ERR] [AssignmentManagement.Api.Middleware.ExceptionMiddleware] Unhandled exception occurred while processing request GET /api/submissions/1649/preview
AssignmentManagement.Application.Common.NotFoundException: The specified submission file does not exist on disk.
   at AssignmentManagement.Infrastructure.Services.StorageService.GetFileAsync(String relativePath, Boolean isDownload, CancellationToken cancellationToken) in C:\Users\Tarek\Desktop\assignment\src\AssignmentManagement.Infrastructure\Services\StorageService.cs:line 139
   at AssignmentManagement.Application.Services.SubmissionService.GetSubmissionFileStreamAsync(Int32 submissionId, Boolean isPreview, CancellationToken cancellationToken) in C:\Users\Tarek\Desktop\assignment\src\AssignmentManagement.Application\Services\SubmissionService.cs:line 230
   at AssignmentManagement.Api.Controllers.SubmissionsController.Preview(Int32 id, CancellationToken cancellationToken) in C:\Users\Tarek\Desktop\assignment\src\AssignmentManagement.Api\Controllers\SubmissionsController.cs:line 88
   at Microsoft.AspNetCore.Mvc.Infrastructure.ActionMethodExecutor.TaskOfIActionResultExecutor.Execute(ActionContext actionContext, IActionResultTypeMapper mapper, ObjectMethodExecutor executor, Object controller, Object[] arguments)
   at Microsoft.AspNetCore.Mvc.Infrastructure.ControllerActionInvoker.<InvokeActionMethodAsync>g__Awaited|12_0(ControllerActionInvoker invoker, ValueTask`1 actionResultValueTask)
   at Microsoft.AspNetCore.Mvc.Infrastructure.ControllerActionInvoker.<InvokeNextActionFilterAsync>g__Awaited|10_0(ControllerActionInvoker invoker, Task lastTask, State next, Scope scope, Object state, Boolean isCompleted)
   at Microsoft.AspNetCore.Mvc.Infrastructure.ControllerActionInvoker.Rethrow(ActionExecutedContextSealed context)
   at Microsoft.AspNetCore.Mvc.Infrastructure.ControllerActionInvoker.Next(State& next, Scope& scope, Object& state, Boolean& isCompleted)
   at Microsoft.AspNetCore.Mvc.Infrastructure.ControllerActionInvoker.<InvokeInnerFilterAsync>g__Awaited|13_0(ControllerActionInvoker invoker, Task lastTask, State next, Scope scope, Object state, Boolean isCompleted)
   at Microsoft.AspNetCore.Mvc.Infrastructure.ResourceInvoker.<InvokeFilterPipelineAsync>g__Awaited|20_0(ResourceInvoker invoker, Task lastTask, State next, Scope scope, Object state, Boolean isCompleted)
   at Microsoft.AspNetCore.Mvc.Infrastructure.ResourceInvoker.<InvokeAsync>g__Awaited|17_0(ResourceInvoker invoker, Task task, IDisposable scope)
   at Microsoft.AspNetCore.Mvc.Infrastructure.ResourceInvoker.<InvokeAsync>g__Awaited|17_0(ResourceInvoker invoker, Task task, IDisposable scope)
   at Microsoft.AspNetCore.Authorization.AuthorizationMiddleware.Invoke(HttpContext context)
   at Microsoft.AspNetCore.Authentication.AuthenticationMiddleware.Invoke(HttpContext context)
   at Swashbuckle.AspNetCore.SwaggerUI.SwaggerUIMiddleware.Invoke(HttpContext httpContext)
   at Swashbuckle.AspNetCore.Swagger.SwaggerMiddleware.Invoke(HttpContext httpContext, ISwaggerProvider swaggerProvider)
   at AssignmentManagement.Api.Middleware.ExceptionMiddleware.InvokeAsync(HttpContext context) in C:\Users\Tarek\Desktop\assignment\src\AssignmentManagement.Api\Middleware\ExceptionMiddleware.cs:line 23
2026-08-10 12:35:07.898 +06:00 [ERR] [AssignmentManagement.Api.Middleware.ExceptionMiddleware] Unhandled exception occurred while processing request GET /api/submissions/1656/preview
AssignmentManagement.Application.Common.NotFoundException: The specified submission file does not exist on disk.
   at AssignmentManagement.Infrastructure.Services.StorageService.GetFileAsync(String relativePath, Boolean isDownload, CancellationToken cancellationToken) in C:\Users\Tarek\Desktop\assignment\src\AssignmentManagement.Infrastructure\Services\StorageService.cs:line 139
   at AssignmentManagement.Application.Services.SubmissionService.GetSubmissionFileStreamAsync(Int32 submissionId, Boolean isPreview, CancellationToken cancellationToken) in C:\Users\Tarek\Desktop\assignment\src\AssignmentManagement.Application\Services\SubmissionService.cs:line 230
   at AssignmentManagement.Api.Controllers.SubmissionsController.Preview(Int32 id, CancellationToken cancellationToken) in C:\Users\Tarek\Desktop\assignment\src\AssignmentManagement.Api\Controllers\SubmissionsController.cs:line 88
   at Microsoft.AspNetCore.Mvc.Infrastructure.ActionMethodExecutor.TaskOfIActionResultExecutor.Execute(ActionContext actionContext, IActionResultTypeMapper mapper, ObjectMethodExecutor executor, Object controller, Object[] arguments)
   at Microsoft.AspNetCore.Mvc.Infrastructure.ControllerActionInvoker.<InvokeActionMethodAsync>g__Awaited|12_0(ControllerActionInvoker invoker, ValueTask`1 actionResultValueTask)
   at Microsoft.AspNetCore.Mvc.Infrastructure.ControllerActionInvoker.<InvokeNextActionFilterAsync>g__Awaited|10_0(ControllerActionInvoker invoker, Task lastTask, State next, Scope scope, Object state, Boolean isCompleted)
   at Microsoft.AspNetCore.Mvc.Infrastructure.ControllerActionInvoker.Rethrow(ActionExecutedContextSealed context)
   at Microsoft.AspNetCore.Mvc.Infrastructure.ControllerActionInvoker.Next(State& next, Scope& scope, Object& state, Boolean& isCompleted)
   at Microsoft.AspNetCore.Mvc.Infrastructure.ControllerActionInvoker.<InvokeInnerFilterAsync>g__Awaited|13_0(ControllerActionInvoker invoker, Task lastTask, State next, Scope scope, Object state, Boolean isCompleted)
   at Microsoft.AspNetCore.Mvc.Infrastructure.ResourceInvoker.<InvokeFilterPipelineAsync>g__Awaited|20_0(ResourceInvoker invoker, Task lastTask, State next, Scope scope, Object state, Boolean isCompleted)
   at Microsoft.AspNetCore.Mvc.Infrastructure.ResourceInvoker.<InvokeAsync>g__Awaited|17_0(ResourceInvoker invoker, Task task, IDisposable scope)
   at Microsoft.AspNetCore.Mvc.Infrastructure.ResourceInvoker.<InvokeAsync>g__Awaited|17_0(ResourceInvoker invoker, Task task, IDisposable scope)
   at Microsoft.AspNetCore.Authorization.AuthorizationMiddleware.Invoke(HttpContext context)
   at Microsoft.AspNetCore.Authentication.AuthenticationMiddleware.Invoke(HttpContext context)
   at Swashbuckle.AspNetCore.SwaggerUI.SwaggerUIMiddleware.Invoke(HttpContext httpContext)
   at Swashbuckle.AspNetCore.Swagger.SwaggerMiddleware.Invoke(HttpContext httpContext, ISwaggerProvider swaggerProvider)
   at AssignmentManagement.Api.Middleware.ExceptionMiddleware.InvokeAsync(HttpContext context) in C:\Users\Tarek\Desktop\assignment\src\AssignmentManagement.Api\Middleware\ExceptionMiddleware.cs:line 23
2026-08-10 12:35:16.396 +06:00 [INF] [AssignmentManagement.Application.Services.AuthService] User 5 (teacher4@school.edu.bd) logged out
2026-08-10 12:37:01.547 +06:00 [INF] [AssignmentManagement.Application.Services.AuthService] Login attempt received for email 'teacher4@school.edu.bd' (length 12)
2026-08-10 12:37:01.665 +06:00 [INF] [AssignmentManagement.Application.Services.AuthService] User 5 (teacher4@school.edu.bd) logged in successfully with role "Teacher"
2026-08-10 12:37:03.212 +06:00 [INF] [AssignmentManagement.Application.Services.AuthService] User 5 (teacher4@school.edu.bd) logged out
2026-08-10 12:37:05.853 +06:00 [INF] [AssignmentManagement.Application.Services.AuthService] Login attempt received for email 'student15@school.edu.bd' (length 12)
2026-08-10 12:37:05.976 +06:00 [INF] [AssignmentManagement.Application.Services.AuthService] User 31 (student15@school.edu.bd) logged in successfully with role "Student"
2026-08-10 12:37:53.516 +06:00 [INF] [AssignmentManagement.Application.Services.AuthService] User 31 (student15@school.edu.bd) logged out
2026-08-10 12:38:10.808 +06:00 [INF] [AssignmentManagement.Application.Services.AuthService] Login attempt received for email 'admin@school.edu.bd' (length 12)
2026-08-10 12:38:10.926 +06:00 [INF] [AssignmentManagement.Application.Services.AuthService] User 117 (admin@school.edu.bd) logged in successfully with role "Admin"
2026-08-10 12:41:23.725 +06:00 [INF] [AssignmentManagement.Application.Services.AuthService] User 117 (admin@school.edu.bd) logged out
2026-08-10 12:42:43.632 +06:00 [INF] [AssignmentManagement.Application.Services.AuthService] Login attempt received for email 'admin@school.edu.bd' (length 12)
2026-08-10 12:42:43.752 +06:00 [INF] [AssignmentManagement.Application.Services.AuthService] User 117 (admin@school.edu.bd) logged in successfully with role "Admin"
2026-08-10 12:42:54.835 +06:00 [INF] [AssignmentManagement.Application.Services.AuthService] User 117 (admin@school.edu.bd) logged out
2026-08-10 12:42:56.712 +06:00 [INF] [AssignmentManagement.Application.Services.AuthService] Login attempt received for email 'admin@school.edu.bd' (length 12)
2026-08-10 12:42:56.831 +06:00 [INF] [AssignmentManagement.Application.Services.AuthService] User 117 (admin@school.edu.bd) logged in successfully with role "Admin"
2026-08-10 12:43:40.779 +06:00 [INF] [AssignmentManagement.Application.Services.AuthService] User 117 (admin@school.edu.bd) logged out
2026-08-10 12:43:42.008 +06:00 [INF] [AssignmentManagement.Application.Services.AuthService] Login attempt received for email 'admin@school.edu.bd' (length 12)
2026-08-10 12:43:42.127 +06:00 [INF] [AssignmentManagement.Application.Services.AuthService] User 117 (admin@school.edu.bd) logged in successfully with role "Admin"
2026-08-10 12:43:43.923 +06:00 [INF] [AssignmentManagement.Application.Services.AuthService] User 117 (admin@school.edu.bd) logged out
2026-08-10 12:43:47.511 +06:00 [INF] [AssignmentManagement.Application.Services.AuthService] Login attempt received for email 'student15@school.edu.bd' (length 12)
2026-08-10 12:43:47.647 +06:00 [INF] [AssignmentManagement.Application.Services.AuthService] User 31 (student15@school.edu.bd) logged in successfully with role "Student"
2026-08-10 12:45:14.151 +06:00 [ERR] [AssignmentManagement.Api.Middleware.ExceptionMiddleware] Unhandled exception occurred while processing request GET /api/submissions/355/preview
AssignmentManagement.Application.Common.NotFoundException: The specified submission file does not exist on disk.
   at AssignmentManagement.Infrastructure.Services.StorageService.GetFileAsync(String relativePath, Boolean isDownload, CancellationToken cancellationToken) in C:\Users\Tarek\Desktop\assignment\src\AssignmentManagement.Infrastructure\Services\StorageService.cs:line 139
   at AssignmentManagement.Application.Services.SubmissionService.GetSubmissionFileStreamAsync(Int32 submissionId, Boolean isPreview, CancellationToken cancellationToken) in C:\Users\Tarek\Desktop\assignment\src\AssignmentManagement.Application\Services\SubmissionService.cs:line 230
   at AssignmentManagement.Api.Controllers.SubmissionsController.Preview(Int32 id, CancellationToken cancellationToken) in C:\Users\Tarek\Desktop\assignment\src\AssignmentManagement.Api\Controllers\SubmissionsController.cs:line 88
   at Microsoft.AspNetCore.Mvc.Infrastructure.ActionMethodExecutor.TaskOfIActionResultExecutor.Execute(ActionContext actionContext, IActionResultTypeMapper mapper, ObjectMethodExecutor executor, Object controller, Object[] arguments)
   at Microsoft.AspNetCore.Mvc.Infrastructure.ControllerActionInvoker.<InvokeActionMethodAsync>g__Awaited|12_0(ControllerActionInvoker invoker, ValueTask`1 actionResultValueTask)
   at Microsoft.AspNetCore.Mvc.Infrastructure.ControllerActionInvoker.<InvokeNextActionFilterAsync>g__Awaited|10_0(ControllerActionInvoker invoker, Task lastTask, State next, Scope scope, Object state, Boolean isCompleted)
   at Microsoft.AspNetCore.Mvc.Infrastructure.ControllerActionInvoker.Rethrow(ActionExecutedContextSealed context)
   at Microsoft.AspNetCore.Mvc.Infrastructure.ControllerActionInvoker.Next(State& next, Scope& scope, Object& state, Boolean& isCompleted)
   at Microsoft.AspNetCore.Mvc.Infrastructure.ControllerActionInvoker.<InvokeInnerFilterAsync>g__Awaited|13_0(ControllerActionInvoker invoker, Task lastTask, State next, Scope scope, Object state, Boolean isCompleted)
   at Microsoft.AspNetCore.Mvc.Infrastructure.ResourceInvoker.<InvokeFilterPipelineAsync>g__Awaited|20_0(ResourceInvoker invoker, Task lastTask, State next, Scope scope, Object state, Boolean isCompleted)
   at Microsoft.AspNetCore.Mvc.Infrastructure.ResourceInvoker.<InvokeAsync>g__Awaited|17_0(ResourceInvoker invoker, Task task, IDisposable scope)
   at Microsoft.AspNetCore.Mvc.Infrastructure.ResourceInvoker.<InvokeAsync>g__Awaited|17_0(ResourceInvoker invoker, Task task, IDisposable scope)
   at Microsoft.AspNetCore.Authorization.AuthorizationMiddleware.Invoke(HttpContext context)
   at Microsoft.AspNetCore.Authentication.AuthenticationMiddleware.Invoke(HttpContext context)
   at Swashbuckle.AspNetCore.SwaggerUI.SwaggerUIMiddleware.Invoke(HttpContext httpContext)
   at Swashbuckle.AspNetCore.Swagger.SwaggerMiddleware.Invoke(HttpContext httpContext, ISwaggerProvider swaggerProvider)
   at AssignmentManagement.Api.Middleware.ExceptionMiddleware.InvokeAsync(HttpContext context) in C:\Users\Tarek\Desktop\assignment\src\AssignmentManagement.Api\Middleware\ExceptionMiddleware.cs:line 23
2026-08-10 12:46:33.048 +06:00 [ERR] [AssignmentManagement.Api.Middleware.ExceptionMiddleware] Unhandled exception occurred while processing request GET /api/submissions/385/preview
AssignmentManagement.Application.Common.NotFoundException: The specified submission file does not exist on disk.
   at AssignmentManagement.Infrastructure.Services.StorageService.GetFileAsync(String relativePath, Boolean isDownload, CancellationToken cancellationToken) in C:\Users\Tarek\Desktop\assignment\src\AssignmentManagement.Infrastructure\Services\StorageService.cs:line 139
   at AssignmentManagement.Application.Services.SubmissionService.GetSubmissionFileStreamAsync(Int32 submissionId, Boolean isPreview, CancellationToken cancellationToken) in C:\Users\Tarek\Desktop\assignment\src\AssignmentManagement.Application\Services\SubmissionService.cs:line 230
   at AssignmentManagement.Api.Controllers.SubmissionsController.Preview(Int32 id, CancellationToken cancellationToken) in C:\Users\Tarek\Desktop\assignment\src\AssignmentManagement.Api\Controllers\SubmissionsController.cs:line 88
   at Microsoft.AspNetCore.Mvc.Infrastructure.ActionMethodExecutor.TaskOfIActionResultExecutor.Execute(ActionContext actionContext, IActionResultTypeMapper mapper, ObjectMethodExecutor executor, Object controller, Object[] arguments)
   at Microsoft.AspNetCore.Mvc.Infrastructure.ControllerActionInvoker.<InvokeActionMethodAsync>g__Awaited|12_0(ControllerActionInvoker invoker, ValueTask`1 actionResultValueTask)
   at Microsoft.AspNetCore.Mvc.Infrastructure.ControllerActionInvoker.<InvokeNextActionFilterAsync>g__Awaited|10_0(ControllerActionInvoker invoker, Task lastTask, State next, Scope scope, Object state, Boolean isCompleted)
   at Microsoft.AspNetCore.Mvc.Infrastructure.ControllerActionInvoker.Rethrow(ActionExecutedContextSealed context)
   at Microsoft.AspNetCore.Mvc.Infrastructure.ControllerActionInvoker.Next(State& next, Scope& scope, Object& state, Boolean& isCompleted)
   at Microsoft.AspNetCore.Mvc.Infrastructure.ControllerActionInvoker.<InvokeInnerFilterAsync>g__Awaited|13_0(ControllerActionInvoker invoker, Task lastTask, State next, Scope scope, Object state, Boolean isCompleted)
   at Microsoft.AspNetCore.Mvc.Infrastructure.ResourceInvoker.<InvokeFilterPipelineAsync>g__Awaited|20_0(ResourceInvoker invoker, Task lastTask, State next, Scope scope, Object state, Boolean isCompleted)
   at Microsoft.AspNetCore.Mvc.Infrastructure.ResourceInvoker.<InvokeAsync>g__Awaited|17_0(ResourceInvoker invoker, Task task, IDisposable scope)
   at Microsoft.AspNetCore.Mvc.Infrastructure.ResourceInvoker.<InvokeAsync>g__Awaited|17_0(ResourceInvoker invoker, Task task, IDisposable scope)
   at Microsoft.AspNetCore.Authorization.AuthorizationMiddleware.Invoke(HttpContext context)
   at Microsoft.AspNetCore.Authentication.AuthenticationMiddleware.Invoke(HttpContext context)
   at Swashbuckle.AspNetCore.SwaggerUI.SwaggerUIMiddleware.Invoke(HttpContext httpContext)
   at Swashbuckle.AspNetCore.Swagger.SwaggerMiddleware.Invoke(HttpContext httpContext, ISwaggerProvider swaggerProvider)
   at AssignmentManagement.Api.Middleware.ExceptionMiddleware.InvokeAsync(HttpContext context) in C:\Users\Tarek\Desktop\assignment\src\AssignmentManagement.Api\Middleware\ExceptionMiddleware.cs:line 23
2026-08-10 12:46:59.371 +06:00 [INF] [AssignmentManagement.Application.Services.AuthService] User 31 (student15@school.edu.bd) logged out
2026-08-10 12:47:09.616 +06:00 [INF] [AssignmentManagement.Application.Services.AuthService] Login attempt received for email 'student15@school.edu.bd' (length 12)
2026-08-10 12:47:09.735 +06:00 [INF] [AssignmentManagement.Application.Services.AuthService] User 31 (student15@school.edu.bd) logged in successfully with role "Student"
2026-08-10 12:49:00.435 +06:00 [INF] [AssignmentManagement.Application.Services.AuthService] User 31 (student15@school.edu.bd) logged out
2026-08-10 12:49:02.701 +06:00 [INF] [AssignmentManagement.Application.Services.AuthService] Login attempt received for email 'teacher4@school.edu.bd' (length 12)
2026-08-10 12:49:02.819 +06:00 [INF] [AssignmentManagement.Application.Services.AuthService] User 5 (teacher4@school.edu.bd) logged in successfully with role "Teacher"
2026-08-10 12:49:10.493 +06:00 [INF] [AssignmentManagement.Application.Services.AuthService] User 5 (teacher4@school.edu.bd) logged out
2026-08-10 12:49:11.870 +06:00 [INF] [AssignmentManagement.Application.Services.AuthService] Login attempt received for email 'teacher4@school.edu.bd' (length 12)
2026-08-10 12:49:11.994 +06:00 [INF] [AssignmentManagement.Application.Services.AuthService] User 5 (teacher4@school.edu.bd) logged in successfully with role "Teacher"
2026-08-10 12:52:24.593 +06:00 [ERR] [AssignmentManagement.Api.Middleware.ExceptionMiddleware] Unhandled exception occurred while processing request GET /api/submissions/1249/preview
AssignmentManagement.Application.Common.NotFoundException: The specified submission file does not exist on disk.
   at AssignmentManagement.Infrastructure.Services.StorageService.GetFileAsync(String relativePath, Boolean isDownload, CancellationToken cancellationToken) in C:\Users\Tarek\Desktop\assignment\src\AssignmentManagement.Infrastructure\Services\StorageService.cs:line 139
   at AssignmentManagement.Application.Services.SubmissionService.GetSubmissionFileStreamAsync(Int32 submissionId, Boolean isPreview, CancellationToken cancellationToken) in C:\Users\Tarek\Desktop\assignment\src\AssignmentManagement.Application\Services\SubmissionService.cs:line 230
   at AssignmentManagement.Api.Controllers.SubmissionsController.Preview(Int32 id, CancellationToken cancellationToken) in C:\Users\Tarek\Desktop\assignment\src\AssignmentManagement.Api\Controllers\SubmissionsController.cs:line 88
   at Microsoft.AspNetCore.Mvc.Infrastructure.ActionMethodExecutor.TaskOfIActionResultExecutor.Execute(ActionContext actionContext, IActionResultTypeMapper mapper, ObjectMethodExecutor executor, Object controller, Object[] arguments)
   at Microsoft.AspNetCore.Mvc.Infrastructure.ControllerActionInvoker.<InvokeActionMethodAsync>g__Awaited|12_0(ControllerActionInvoker invoker, ValueTask`1 actionResultValueTask)
   at Microsoft.AspNetCore.Mvc.Infrastructure.ControllerActionInvoker.<InvokeNextActionFilterAsync>g__Awaited|10_0(ControllerActionInvoker invoker, Task lastTask, State next, Scope scope, Object state, Boolean isCompleted)
   at Microsoft.AspNetCore.Mvc.Infrastructure.ControllerActionInvoker.Rethrow(ActionExecutedContextSealed context)
   at Microsoft.AspNetCore.Mvc.Infrastructure.ControllerActionInvoker.Next(State& next, Scope& scope, Object& state, Boolean& isCompleted)
   at Microsoft.AspNetCore.Mvc.Infrastructure.ControllerActionInvoker.<InvokeInnerFilterAsync>g__Awaited|13_0(ControllerActionInvoker invoker, Task lastTask, State next, Scope scope, Object state, Boolean isCompleted)
   at Microsoft.AspNetCore.Mvc.Infrastructure.ResourceInvoker.<InvokeFilterPipelineAsync>g__Awaited|20_0(ResourceInvoker invoker, Task lastTask, State next, Scope scope, Object state, Boolean isCompleted)
   at Microsoft.AspNetCore.Mvc.Infrastructure.ResourceInvoker.<InvokeAsync>g__Awaited|17_0(ResourceInvoker invoker, Task task, IDisposable scope)
   at Microsoft.AspNetCore.Mvc.Infrastructure.ResourceInvoker.<InvokeAsync>g__Awaited|17_0(ResourceInvoker invoker, Task task, IDisposable scope)
   at Microsoft.AspNetCore.Authorization.AuthorizationMiddleware.Invoke(HttpContext context)
   at Microsoft.AspNetCore.Authentication.AuthenticationMiddleware.Invoke(HttpContext context)
   at Swashbuckle.AspNetCore.SwaggerUI.SwaggerUIMiddleware.Invoke(HttpContext httpContext)
   at Swashbuckle.AspNetCore.Swagger.SwaggerMiddleware.Invoke(HttpContext httpContext, ISwaggerProvider swaggerProvider)
   at AssignmentManagement.Api.Middleware.ExceptionMiddleware.InvokeAsync(HttpContext context) in C:\Users\Tarek\Desktop\assignment\src\AssignmentManagement.Api\Middleware\ExceptionMiddleware.cs:line 23
2026-08-10 12:52:24.598 +06:00 [ERR] [AssignmentManagement.Api.Middleware.ExceptionMiddleware] Unhandled exception occurred while processing request GET /api/submissions/1249/preview
AssignmentManagement.Application.Common.NotFoundException: The specified submission file does not exist on disk.
   at AssignmentManagement.Infrastructure.Services.StorageService.GetFileAsync(String relativePath, Boolean isDownload, CancellationToken cancellationToken) in C:\Users\Tarek\Desktop\assignment\src\AssignmentManagement.Infrastructure\Services\StorageService.cs:line 139
   at AssignmentManagement.Application.Services.SubmissionService.GetSubmissionFileStreamAsync(Int32 submissionId, Boolean isPreview, CancellationToken cancellationToken) in C:\Users\Tarek\Desktop\assignment\src\AssignmentManagement.Application\Services\SubmissionService.cs:line 230
   at AssignmentManagement.Api.Controllers.SubmissionsController.Preview(Int32 id, CancellationToken cancellationToken) in C:\Users\Tarek\Desktop\assignment\src\AssignmentManagement.Api\Controllers\SubmissionsController.cs:line 88
   at Microsoft.AspNetCore.Mvc.Infrastructure.ActionMethodExecutor.TaskOfIActionResultExecutor.Execute(ActionContext actionContext, IActionResultTypeMapper mapper, ObjectMethodExecutor executor, Object controller, Object[] arguments)
   at Microsoft.AspNetCore.Mvc.Infrastructure.ControllerActionInvoker.<InvokeActionMethodAsync>g__Awaited|12_0(ControllerActionInvoker invoker, ValueTask`1 actionResultValueTask)
   at Microsoft.AspNetCore.Mvc.Infrastructure.ControllerActionInvoker.<InvokeNextActionFilterAsync>g__Awaited|10_0(ControllerActionInvoker invoker, Task lastTask, State next, Scope scope, Object state, Boolean isCompleted)
   at Microsoft.AspNetCore.Mvc.Infrastructure.ControllerActionInvoker.Rethrow(ActionExecutedContextSealed context)
   at Microsoft.AspNetCore.Mvc.Infrastructure.ControllerActionInvoker.Next(State& next, Scope& scope, Object& state, Boolean& isCompleted)
   at Microsoft.AspNetCore.Mvc.Infrastructure.ControllerActionInvoker.<InvokeInnerFilterAsync>g__Awaited|13_0(ControllerActionInvoker invoker, Task lastTask, State next, Scope scope, Object state, Boolean isCompleted)
   at Microsoft.AspNetCore.Mvc.Infrastructure.ResourceInvoker.<InvokeFilterPipelineAsync>g__Awaited|20_0(ResourceInvoker invoker, Task lastTask, State next, Scope scope, Object state, Boolean isCompleted)
   at Microsoft.AspNetCore.Mvc.Infrastructure.ResourceInvoker.<InvokeAsync>g__Awaited|17_0(ResourceInvoker invoker, Task task, IDisposable scope)
   at Microsoft.AspNetCore.Mvc.Infrastructure.ResourceInvoker.<InvokeAsync>g__Awaited|17_0(ResourceInvoker invoker, Task task, IDisposable scope)
   at Microsoft.AspNetCore.Authorization.AuthorizationMiddleware.Invoke(HttpContext context)
   at Microsoft.AspNetCore.Authentication.AuthenticationMiddleware.Invoke(HttpContext context)
   at Swashbuckle.AspNetCore.SwaggerUI.SwaggerUIMiddleware.Invoke(HttpContext httpContext)
   at Swashbuckle.AspNetCore.Swagger.SwaggerMiddleware.Invoke(HttpContext httpContext, ISwaggerProvider swaggerProvider)
   at AssignmentManagement.Api.Middleware.ExceptionMiddleware.InvokeAsync(HttpContext context) in C:\Users\Tarek\Desktop\assignment\src\AssignmentManagement.Api\Middleware\ExceptionMiddleware.cs:line 23
2026-08-10 13:06:13.092 +06:00 [INF] [AssignmentManagement.Application.Services.AuthService] User 5 (teacher4@school.edu.bd) logged out
2026-08-10 13:06:15.654 +06:00 [INF] [AssignmentManagement.Application.Services.AuthService] Login attempt received for email 'student15@school.edu.bd' (length 12)
2026-08-10 13:06:15.776 +06:00 [INF] [AssignmentManagement.Application.Services.AuthService] User 31 (student15@school.edu.bd) logged in successfully with role "Student"
2026-08-10 13:07:50.751 +06:00 [ERR] [AssignmentManagement.Api.Middleware.ExceptionMiddleware] Unhandled exception occurred while processing request GET /api/submissions/285/preview
AssignmentManagement.Application.Common.NotFoundException: The specified submission file does not exist on disk.
   at AssignmentManagement.Infrastructure.Services.StorageService.GetFileAsync(String relativePath, Boolean isDownload, CancellationToken cancellationToken) in C:\Users\Tarek\Desktop\assignment\src\AssignmentManagement.Infrastructure\Services\StorageService.cs:line 139
   at AssignmentManagement.Application.Services.SubmissionService.GetSubmissionFileStreamAsync(Int32 submissionId, Boolean isPreview, CancellationToken cancellationToken) in C:\Users\Tarek\Desktop\assignment\src\AssignmentManagement.Application\Services\SubmissionService.cs:line 230
   at AssignmentManagement.Api.Controllers.SubmissionsController.Preview(Int32 id, CancellationToken cancellationToken) in C:\Users\Tarek\Desktop\assignment\src\AssignmentManagement.Api\Controllers\SubmissionsController.cs:line 88
   at Microsoft.AspNetCore.Mvc.Infrastructure.ActionMethodExecutor.TaskOfIActionResultExecutor.Execute(ActionContext actionContext, IActionResultTypeMapper mapper, ObjectMethodExecutor executor, Object controller, Object[] arguments)
   at Microsoft.AspNetCore.Mvc.Infrastructure.ControllerActionInvoker.<InvokeActionMethodAsync>g__Awaited|12_0(ControllerActionInvoker invoker, ValueTask`1 actionResultValueTask)
   at Microsoft.AspNetCore.Mvc.Infrastructure.ControllerActionInvoker.<InvokeNextActionFilterAsync>g__Awaited|10_0(ControllerActionInvoker invoker, Task lastTask, State next, Scope scope, Object state, Boolean isCompleted)
   at Microsoft.AspNetCore.Mvc.Infrastructure.ControllerActionInvoker.Rethrow(ActionExecutedContextSealed context)
   at Microsoft.AspNetCore.Mvc.Infrastructure.ControllerActionInvoker.Next(State& next, Scope& scope, Object& state, Boolean& isCompleted)
   at Microsoft.AspNetCore.Mvc.Infrastructure.ControllerActionInvoker.<InvokeInnerFilterAsync>g__Awaited|13_0(ControllerActionInvoker invoker, Task lastTask, State next, Scope scope, Object state, Boolean isCompleted)
   at Microsoft.AspNetCore.Mvc.Infrastructure.ResourceInvoker.<InvokeFilterPipelineAsync>g__Awaited|20_0(ResourceInvoker invoker, Task lastTask, State next, Scope scope, Object state, Boolean isCompleted)
   at Microsoft.AspNetCore.Mvc.Infrastructure.ResourceInvoker.<InvokeAsync>g__Awaited|17_0(ResourceInvoker invoker, Task task, IDisposable scope)
   at Microsoft.AspNetCore.Mvc.Infrastructure.ResourceInvoker.<InvokeAsync>g__Awaited|17_0(ResourceInvoker invoker, Task task, IDisposable scope)
   at Microsoft.AspNetCore.Authorization.AuthorizationMiddleware.Invoke(HttpContext context)
   at Microsoft.AspNetCore.Authentication.AuthenticationMiddleware.Invoke(HttpContext context)
   at Swashbuckle.AspNetCore.SwaggerUI.SwaggerUIMiddleware.Invoke(HttpContext httpContext)
   at Swashbuckle.AspNetCore.Swagger.SwaggerMiddleware.Invoke(HttpContext httpContext, ISwaggerProvider swaggerProvider)
   at AssignmentManagement.Api.Middleware.ExceptionMiddleware.InvokeAsync(HttpContext context) in C:\Users\Tarek\Desktop\assignment\src\AssignmentManagement.Api\Middleware\ExceptionMiddleware.cs:line 23
2026-08-10 13:07:55.777 +06:00 [ERR] [AssignmentManagement.Api.Middleware.ExceptionMiddleware] Unhandled exception occurred while processing request GET /api/submissions/285/preview
AssignmentManagement.Application.Common.NotFoundException: The specified submission file does not exist on disk.
   at AssignmentManagement.Infrastructure.Services.StorageService.GetFileAsync(String relativePath, Boolean isDownload, CancellationToken cancellationToken) in C:\Users\Tarek\Desktop\assignment\src\AssignmentManagement.Infrastructure\Services\StorageService.cs:line 139
   at AssignmentManagement.Application.Services.SubmissionService.GetSubmissionFileStreamAsync(Int32 submissionId, Boolean isPreview, CancellationToken cancellationToken) in C:\Users\Tarek\Desktop\assignment\src\AssignmentManagement.Application\Services\SubmissionService.cs:line 230
   at AssignmentManagement.Api.Controllers.SubmissionsController.Preview(Int32 id, CancellationToken cancellationToken) in C:\Users\Tarek\Desktop\assignment\src\AssignmentManagement.Api\Controllers\SubmissionsController.cs:line 88
   at Microsoft.AspNetCore.Mvc.Infrastructure.ActionMethodExecutor.TaskOfIActionResultExecutor.Execute(ActionContext actionContext, IActionResultTypeMapper mapper, ObjectMethodExecutor executor, Object controller, Object[] arguments)
   at Microsoft.AspNetCore.Mvc.Infrastructure.ControllerActionInvoker.<InvokeActionMethodAsync>g__Awaited|12_0(ControllerActionInvoker invoker, ValueTask`1 actionResultValueTask)
   at Microsoft.AspNetCore.Mvc.Infrastructure.ControllerActionInvoker.<InvokeNextActionFilterAsync>g__Awaited|10_0(ControllerActionInvoker invoker, Task lastTask, State next, Scope scope, Object state, Boolean isCompleted)
   at Microsoft.AspNetCore.Mvc.Infrastructure.ControllerActionInvoker.Rethrow(ActionExecutedContextSealed context)
   at Microsoft.AspNetCore.Mvc.Infrastructure.ControllerActionInvoker.Next(State& next, Scope& scope, Object& state, Boolean& isCompleted)
   at Microsoft.AspNetCore.Mvc.Infrastructure.ControllerActionInvoker.<InvokeInnerFilterAsync>g__Awaited|13_0(ControllerActionInvoker invoker, Task lastTask, State next, Scope scope, Object state, Boolean isCompleted)
   at Microsoft.AspNetCore.Mvc.Infrastructure.ResourceInvoker.<InvokeFilterPipelineAsync>g__Awaited|20_0(ResourceInvoker invoker, Task lastTask, State next, Scope scope, Object state, Boolean isCompleted)
   at Microsoft.AspNetCore.Mvc.Infrastructure.ResourceInvoker.<InvokeAsync>g__Awaited|17_0(ResourceInvoker invoker, Task task, IDisposable scope)
   at Microsoft.AspNetCore.Mvc.Infrastructure.ResourceInvoker.<InvokeAsync>g__Awaited|17_0(ResourceInvoker invoker, Task task, IDisposable scope)
   at Microsoft.AspNetCore.Authorization.AuthorizationMiddleware.Invoke(HttpContext context)
   at Microsoft.AspNetCore.Authentication.AuthenticationMiddleware.Invoke(HttpContext context)
   at Swashbuckle.AspNetCore.SwaggerUI.SwaggerUIMiddleware.Invoke(HttpContext httpContext)
   at Swashbuckle.AspNetCore.Swagger.SwaggerMiddleware.Invoke(HttpContext httpContext, ISwaggerProvider swaggerProvider)
   at AssignmentManagement.Api.Middleware.ExceptionMiddleware.InvokeAsync(HttpContext context) in C:\Users\Tarek\Desktop\assignment\src\AssignmentManagement.Api\Middleware\ExceptionMiddleware.cs:line 23
2026-08-10 13:08:00.096 +06:00 [ERR] [AssignmentManagement.Api.Middleware.ExceptionMiddleware] Unhandled exception occurred while processing request GET /api/submissions/285/preview
AssignmentManagement.Application.Common.NotFoundException: The specified submission file does not exist on disk.
   at AssignmentManagement.Infrastructure.Services.StorageService.GetFileAsync(String relativePath, Boolean isDownload, CancellationToken cancellationToken) in C:\Users\Tarek\Desktop\assignment\src\AssignmentManagement.Infrastructure\Services\StorageService.cs:line 139
   at AssignmentManagement.Application.Services.SubmissionService.GetSubmissionFileStreamAsync(Int32 submissionId, Boolean isPreview, CancellationToken cancellationToken) in C:\Users\Tarek\Desktop\assignment\src\AssignmentManagement.Application\Services\SubmissionService.cs:line 230
   at AssignmentManagement.Api.Controllers.SubmissionsController.Preview(Int32 id, CancellationToken cancellationToken) in C:\Users\Tarek\Desktop\assignment\src\AssignmentManagement.Api\Controllers\SubmissionsController.cs:line 88
   at Microsoft.AspNetCore.Mvc.Infrastructure.ActionMethodExecutor.TaskOfIActionResultExecutor.Execute(ActionContext actionContext, IActionResultTypeMapper mapper, ObjectMethodExecutor executor, Object controller, Object[] arguments)
   at Microsoft.AspNetCore.Mvc.Infrastructure.ControllerActionInvoker.<InvokeActionMethodAsync>g__Awaited|12_0(ControllerActionInvoker invoker, ValueTask`1 actionResultValueTask)
   at Microsoft.AspNetCore.Mvc.Infrastructure.ControllerActionInvoker.<InvokeNextActionFilterAsync>g__Awaited|10_0(ControllerActionInvoker invoker, Task lastTask, State next, Scope scope, Object state, Boolean isCompleted)
   at Microsoft.AspNetCore.Mvc.Infrastructure.ControllerActionInvoker.Rethrow(ActionExecutedContextSealed context)
   at Microsoft.AspNetCore.Mvc.Infrastructure.ControllerActionInvoker.Next(State& next, Scope& scope, Object& state, Boolean& isCompleted)
   at Microsoft.AspNetCore.Mvc.Infrastructure.ControllerActionInvoker.<InvokeInnerFilterAsync>g__Awaited|13_0(ControllerActionInvoker invoker, Task lastTask, State next, Scope scope, Object state, Boolean isCompleted)
   at Microsoft.AspNetCore.Mvc.Infrastructure.ResourceInvoker.<InvokeFilterPipelineAsync>g__Awaited|20_0(ResourceInvoker invoker, Task lastTask, State next, Scope scope, Object state, Boolean isCompleted)
   at Microsoft.AspNetCore.Mvc.Infrastructure.ResourceInvoker.<InvokeAsync>g__Awaited|17_0(ResourceInvoker invoker, Task task, IDisposable scope)
   at Microsoft.AspNetCore.Mvc.Infrastructure.ResourceInvoker.<InvokeAsync>g__Awaited|17_0(ResourceInvoker invoker, Task task, IDisposable scope)
   at Microsoft.AspNetCore.Authorization.AuthorizationMiddleware.Invoke(HttpContext context)
   at Microsoft.AspNetCore.Authentication.AuthenticationMiddleware.Invoke(HttpContext context)
   at Swashbuckle.AspNetCore.SwaggerUI.SwaggerUIMiddleware.Invoke(HttpContext httpContext)
   at Swashbuckle.AspNetCore.Swagger.SwaggerMiddleware.Invoke(HttpContext httpContext, ISwaggerProvider swaggerProvider)
   at AssignmentManagement.Api.Middleware.ExceptionMiddleware.InvokeAsync(HttpContext context) in C:\Users\Tarek\Desktop\assignment\src\AssignmentManagement.Api\Middleware\ExceptionMiddleware.cs:line 23
2026-08-10 13:08:02.977 +06:00 [ERR] [AssignmentManagement.Api.Middleware.ExceptionMiddleware] Unhandled exception occurred while processing request GET /api/submissions/285/preview
AssignmentManagement.Application.Common.NotFoundException: The specified submission file does not exist on disk.
   at AssignmentManagement.Infrastructure.Services.StorageService.GetFileAsync(String relativePath, Boolean isDownload, CancellationToken cancellationToken) in C:\Users\Tarek\Desktop\assignment\src\AssignmentManagement.Infrastructure\Services\StorageService.cs:line 139
   at AssignmentManagement.Application.Services.SubmissionService.GetSubmissionFileStreamAsync(Int32 submissionId, Boolean isPreview, CancellationToken cancellationToken) in C:\Users\Tarek\Desktop\assignment\src\AssignmentManagement.Application\Services\SubmissionService.cs:line 230
   at AssignmentManagement.Api.Controllers.SubmissionsController.Preview(Int32 id, CancellationToken cancellationToken) in C:\Users\Tarek\Desktop\assignment\src\AssignmentManagement.Api\Controllers\SubmissionsController.cs:line 88
   at Microsoft.AspNetCore.Mvc.Infrastructure.ActionMethodExecutor.TaskOfIActionResultExecutor.Execute(ActionContext actionContext, IActionResultTypeMapper mapper, ObjectMethodExecutor executor, Object controller, Object[] arguments)
   at Microsoft.AspNetCore.Mvc.Infrastructure.ControllerActionInvoker.<InvokeActionMethodAsync>g__Awaited|12_0(ControllerActionInvoker invoker, ValueTask`1 actionResultValueTask)
   at Microsoft.AspNetCore.Mvc.Infrastructure.ControllerActionInvoker.<InvokeNextActionFilterAsync>g__Awaited|10_0(ControllerActionInvoker invoker, Task lastTask, State next, Scope scope, Object state, Boolean isCompleted)
   at Microsoft.AspNetCore.Mvc.Infrastructure.ControllerActionInvoker.Rethrow(ActionExecutedContextSealed context)
   at Microsoft.AspNetCore.Mvc.Infrastructure.ControllerActionInvoker.Next(State& next, Scope& scope, Object& state, Boolean& isCompleted)
   at Microsoft.AspNetCore.Mvc.Infrastructure.ControllerActionInvoker.<InvokeInnerFilterAsync>g__Awaited|13_0(ControllerActionInvoker invoker, Task lastTask, State next, Scope scope, Object state, Boolean isCompleted)
   at Microsoft.AspNetCore.Mvc.Infrastructure.ResourceInvoker.<InvokeFilterPipelineAsync>g__Awaited|20_0(ResourceInvoker invoker, Task lastTask, State next, Scope scope, Object state, Boolean isCompleted)
   at Microsoft.AspNetCore.Mvc.Infrastructure.ResourceInvoker.<InvokeAsync>g__Awaited|17_0(ResourceInvoker invoker, Task task, IDisposable scope)
   at Microsoft.AspNetCore.Mvc.Infrastructure.ResourceInvoker.<InvokeAsync>g__Awaited|17_0(ResourceInvoker invoker, Task task, IDisposable scope)
   at Microsoft.AspNetCore.Authorization.AuthorizationMiddleware.Invoke(HttpContext context)
   at Microsoft.AspNetCore.Authentication.AuthenticationMiddleware.Invoke(HttpContext context)
   at Swashbuckle.AspNetCore.SwaggerUI.SwaggerUIMiddleware.Invoke(HttpContext httpContext)
   at Swashbuckle.AspNetCore.Swagger.SwaggerMiddleware.Invoke(HttpContext httpContext, ISwaggerProvider swaggerProvider)
   at AssignmentManagement.Api.Middleware.ExceptionMiddleware.InvokeAsync(HttpContext context) in C:\Users\Tarek\Desktop\assignment\src\AssignmentManagement.Api\Middleware\ExceptionMiddleware.cs:line 23
2026-08-10 13:18:19.275 +06:00 [INF] [AssignmentManagement.Application.Services.AuthService] User 31 (student15@school.edu.bd) logged out
2026-08-10 13:18:36.400 +06:00 [INF] [AssignmentManagement.Application.Services.AuthService] Login attempt received for email 'student15@school.edu.bd' (length 12)
2026-08-10 13:18:36.521 +06:00 [INF] [AssignmentManagement.Application.Services.AuthService] User 31 (student15@school.edu.bd) logged in successfully with role "Student"
2026-08-10 13:18:53.487 +06:00 [INF] [AssignmentManagement.Application.Services.AuthService] Login attempt received for email 'teacher5@school.edu.bd' (length 12)
2026-08-10 13:18:53.610 +06:00 [INF] [AssignmentManagement.Application.Services.AuthService] User 6 (teacher5@school.edu.bd) logged in successfully with role "Teacher"
2026-08-10 13:19:04.082 +06:00 [INF] [AssignmentManagement.Application.Services.AuthService] User 6 (teacher5@school.edu.bd) logged out
2026-08-10 13:19:20.133 +06:00 [INF] [AssignmentManagement.Application.Services.AuthService] Login attempt received for email 'teacher5@school.edu.bd' (length 12)
2026-08-10 13:19:20.253 +06:00 [INF] [AssignmentManagement.Application.Services.AuthService] User 6 (teacher5@school.edu.bd) logged in successfully with role "Teacher"
2026-08-10 13:22:47.312 +06:00 [ERR] [AssignmentManagement.Api.Middleware.ExceptionMiddleware] Unhandled exception occurred while processing request GET /api/submissions/2016/preview
AssignmentManagement.Application.Common.NotFoundException: The specified submission file does not exist on disk.
   at AssignmentManagement.Infrastructure.Services.StorageService.GetFileAsync(String relativePath, Boolean isDownload, CancellationToken cancellationToken) in C:\Users\Tarek\Desktop\assignment\src\AssignmentManagement.Infrastructure\Services\StorageService.cs:line 139
   at AssignmentManagement.Application.Services.SubmissionService.GetSubmissionFileStreamAsync(Int32 submissionId, Boolean isPreview, CancellationToken cancellationToken) in C:\Users\Tarek\Desktop\assignment\src\AssignmentManagement.Application\Services\SubmissionService.cs:line 230
   at AssignmentManagement.Api.Controllers.SubmissionsController.Preview(Int32 id, CancellationToken cancellationToken) in C:\Users\Tarek\Desktop\assignment\src\AssignmentManagement.Api\Controllers\SubmissionsController.cs:line 88
   at Microsoft.AspNetCore.Mvc.Infrastructure.ActionMethodExecutor.TaskOfIActionResultExecutor.Execute(ActionContext actionContext, IActionResultTypeMapper mapper, ObjectMethodExecutor executor, Object controller, Object[] arguments)
   at Microsoft.AspNetCore.Mvc.Infrastructure.ControllerActionInvoker.<InvokeActionMethodAsync>g__Awaited|12_0(ControllerActionInvoker invoker, ValueTask`1 actionResultValueTask)
   at Microsoft.AspNetCore.Mvc.Infrastructure.ControllerActionInvoker.<InvokeNextActionFilterAsync>g__Awaited|10_0(ControllerActionInvoker invoker, Task lastTask, State next, Scope scope, Object state, Boolean isCompleted)
   at Microsoft.AspNetCore.Mvc.Infrastructure.ControllerActionInvoker.Rethrow(ActionExecutedContextSealed context)
   at Microsoft.AspNetCore.Mvc.Infrastructure.ControllerActionInvoker.Next(State& next, Scope& scope, Object& state, Boolean& isCompleted)
   at Microsoft.AspNetCore.Mvc.Infrastructure.ControllerActionInvoker.<InvokeInnerFilterAsync>g__Awaited|13_0(ControllerActionInvoker invoker, Task lastTask, State next, Scope scope, Object state, Boolean isCompleted)
   at Microsoft.AspNetCore.Mvc.Infrastructure.ResourceInvoker.<InvokeFilterPipelineAsync>g__Awaited|20_0(ResourceInvoker invoker, Task lastTask, State next, Scope scope, Object state, Boolean isCompleted)
   at Microsoft.AspNetCore.Mvc.Infrastructure.ResourceInvoker.<InvokeAsync>g__Awaited|17_0(ResourceInvoker invoker, Task task, IDisposable scope)
   at Microsoft.AspNetCore.Mvc.Infrastructure.ResourceInvoker.<InvokeAsync>g__Awaited|17_0(ResourceInvoker invoker, Task task, IDisposable scope)
   at Microsoft.AspNetCore.Authorization.AuthorizationMiddleware.Invoke(HttpContext context)
   at Microsoft.AspNetCore.Authentication.AuthenticationMiddleware.Invoke(HttpContext context)
   at Swashbuckle.AspNetCore.SwaggerUI.SwaggerUIMiddleware.Invoke(HttpContext httpContext)
   at Swashbuckle.AspNetCore.Swagger.SwaggerMiddleware.Invoke(HttpContext httpContext, ISwaggerProvider swaggerProvider)
   at AssignmentManagement.Api.Middleware.ExceptionMiddleware.InvokeAsync(HttpContext context) in C:\Users\Tarek\Desktop\assignment\src\AssignmentManagement.Api\Middleware\ExceptionMiddleware.cs:line 23
2026-08-10 13:22:50.196 +06:00 [ERR] [AssignmentManagement.Api.Middleware.ExceptionMiddleware] Unhandled exception occurred while processing request GET /api/submissions/2016/download
AssignmentManagement.Application.Common.NotFoundException: The specified submission file does not exist on disk.
   at AssignmentManagement.Infrastructure.Services.StorageService.GetFileAsync(String relativePath, Boolean isDownload, CancellationToken cancellationToken) in C:\Users\Tarek\Desktop\assignment\src\AssignmentManagement.Infrastructure\Services\StorageService.cs:line 139
   at AssignmentManagement.Application.Services.SubmissionService.GetSubmissionFileStreamAsync(Int32 submissionId, Boolean isPreview, CancellationToken cancellationToken) in C:\Users\Tarek\Desktop\assignment\src\AssignmentManagement.Application\Services\SubmissionService.cs:line 230
   at AssignmentManagement.Api.Controllers.SubmissionsController.Download(Int32 id, CancellationToken cancellationToken) in C:\Users\Tarek\Desktop\assignment\src\AssignmentManagement.Api\Controllers\SubmissionsController.cs:line 101
   at Microsoft.AspNetCore.Mvc.Infrastructure.ActionMethodExecutor.TaskOfIActionResultExecutor.Execute(ActionContext actionContext, IActionResultTypeMapper mapper, ObjectMethodExecutor executor, Object controller, Object[] arguments)
   at Microsoft.AspNetCore.Mvc.Infrastructure.ControllerActionInvoker.<InvokeActionMethodAsync>g__Awaited|12_0(ControllerActionInvoker invoker, ValueTask`1 actionResultValueTask)
   at Microsoft.AspNetCore.Mvc.Infrastructure.ControllerActionInvoker.<InvokeNextActionFilterAsync>g__Awaited|10_0(ControllerActionInvoker invoker, Task lastTask, State next, Scope scope, Object state, Boolean isCompleted)
   at Microsoft.AspNetCore.Mvc.Infrastructure.ControllerActionInvoker.Rethrow(ActionExecutedContextSealed context)
   at Microsoft.AspNetCore.Mvc.Infrastructure.ControllerActionInvoker.Next(State& next, Scope& scope, Object& state, Boolean& isCompleted)
   at Microsoft.AspNetCore.Mvc.Infrastructure.ControllerActionInvoker.<InvokeInnerFilterAsync>g__Awaited|13_0(ControllerActionInvoker invoker, Task lastTask, State next, Scope scope, Object state, Boolean isCompleted)
   at Microsoft.AspNetCore.Mvc.Infrastructure.ResourceInvoker.<InvokeFilterPipelineAsync>g__Awaited|20_0(ResourceInvoker invoker, Task lastTask, State next, Scope scope, Object state, Boolean isCompleted)
   at Microsoft.AspNetCore.Mvc.Infrastructure.ResourceInvoker.<InvokeAsync>g__Awaited|17_0(ResourceInvoker invoker, Task task, IDisposable scope)
   at Microsoft.AspNetCore.Mvc.Infrastructure.ResourceInvoker.<InvokeAsync>g__Awaited|17_0(ResourceInvoker invoker, Task task, IDisposable scope)
   at Microsoft.AspNetCore.Authorization.AuthorizationMiddleware.Invoke(HttpContext context)
   at Microsoft.AspNetCore.Authentication.AuthenticationMiddleware.Invoke(HttpContext context)
   at Swashbuckle.AspNetCore.SwaggerUI.SwaggerUIMiddleware.Invoke(HttpContext httpContext)
   at Swashbuckle.AspNetCore.Swagger.SwaggerMiddleware.Invoke(HttpContext httpContext, ISwaggerProvider swaggerProvider)
   at AssignmentManagement.Api.Middleware.ExceptionMiddleware.InvokeAsync(HttpContext context) in C:\Users\Tarek\Desktop\assignment\src\AssignmentManagement.Api\Middleware\ExceptionMiddleware.cs:line 23
2026-08-10 13:27:44.307 +06:00 [INF] [AssignmentManagement.Application.Services.AuthService] User 6 (teacher5@school.edu.bd) logged out
2026-08-10 13:27:49.014 +06:00 [INF] [AssignmentManagement.Application.Services.AuthService] Login attempt received for email 'admin@school.edu.bd' (length 12)
2026-08-10 13:27:49.134 +06:00 [INF] [AssignmentManagement.Application.Services.AuthService] User 117 (admin@school.edu.bd) logged in successfully with role "Admin"
2026-08-10 15:09:27.831 +06:00 [INF] [AssignmentManagement.Application.Services.AuthService] User 117 (admin@school.edu.bd) logged out
2026-08-10 15:09:31.171 +06:00 [INF] [AssignmentManagement.Application.Services.AuthService] Login attempt received for email 'teacher4@school.edu.bd' (length 12)
2026-08-10 15:09:31.297 +06:00 [INF] [AssignmentManagement.Application.Services.AuthService] User 5 (teacher4@school.edu.bd) logged in successfully with role "Teacher"
2026-08-10 15:09:59.351 +06:00 [INF] [AssignmentManagement.Application.Services.AuthService] User 5 (teacher4@school.edu.bd) logged out
2026-08-10 15:10:00.291 +06:00 [INF] [AssignmentManagement.Application.Services.AuthService] Login attempt received for email 'teacher4@school.edu.bd' (length 12)
2026-08-10 15:10:00.408 +06:00 [INF] [AssignmentManagement.Application.Services.AuthService] User 5 (teacher4@school.edu.bd) logged in successfully with role "Teacher"
2026-08-10 15:12:47.900 +06:00 [ERR] [AssignmentManagement.Api.Middleware.ExceptionMiddleware] Unhandled exception occurred while processing request GET /api/submissions/1656/preview
AssignmentManagement.Application.Common.NotFoundException: The specified submission file does not exist on disk.
   at AssignmentManagement.Infrastructure.Services.StorageService.GetFileAsync(String relativePath, Boolean isDownload, CancellationToken cancellationToken) in C:\Users\Tarek\Desktop\assignment\src\AssignmentManagement.Infrastructure\Services\StorageService.cs:line 139
   at AssignmentManagement.Application.Services.SubmissionService.GetSubmissionFileStreamAsync(Int32 submissionId, Boolean isPreview, CancellationToken cancellationToken) in C:\Users\Tarek\Desktop\assignment\src\AssignmentManagement.Application\Services\SubmissionService.cs:line 230
   at AssignmentManagement.Api.Controllers.SubmissionsController.Preview(Int32 id, CancellationToken cancellationToken) in C:\Users\Tarek\Desktop\assignment\src\AssignmentManagement.Api\Controllers\SubmissionsController.cs:line 88
   at Microsoft.AspNetCore.Mvc.Infrastructure.ActionMethodExecutor.TaskOfIActionResultExecutor.Execute(ActionContext actionContext, IActionResultTypeMapper mapper, ObjectMethodExecutor executor, Object controller, Object[] arguments)
   at Microsoft.AspNetCore.Mvc.Infrastructure.ControllerActionInvoker.<InvokeActionMethodAsync>g__Awaited|12_0(ControllerActionInvoker invoker, ValueTask`1 actionResultValueTask)
   at Microsoft.AspNetCore.Mvc.Infrastructure.ControllerActionInvoker.<InvokeNextActionFilterAsync>g__Awaited|10_0(ControllerActionInvoker invoker, Task lastTask, State next, Scope scope, Object state, Boolean isCompleted)
   at Microsoft.AspNetCore.Mvc.Infrastructure.ControllerActionInvoker.Rethrow(ActionExecutedContextSealed context)
   at Microsoft.AspNetCore.Mvc.Infrastructure.ControllerActionInvoker.Next(State& next, Scope& scope, Object& state, Boolean& isCompleted)
   at Microsoft.AspNetCore.Mvc.Infrastructure.ControllerActionInvoker.<InvokeInnerFilterAsync>g__Awaited|13_0(ControllerActionInvoker invoker, Task lastTask, State next, Scope scope, Object state, Boolean isCompleted)
   at Microsoft.AspNetCore.Mvc.Infrastructure.ResourceInvoker.<InvokeFilterPipelineAsync>g__Awaited|20_0(ResourceInvoker invoker, Task lastTask, State next, Scope scope, Object state, Boolean isCompleted)
   at Microsoft.AspNetCore.Mvc.Infrastructure.ResourceInvoker.<InvokeAsync>g__Awaited|17_0(ResourceInvoker invoker, Task task, IDisposable scope)
   at Microsoft.AspNetCore.Mvc.Infrastructure.ResourceInvoker.<InvokeAsync>g__Awaited|17_0(ResourceInvoker invoker, Task task, IDisposable scope)
   at Microsoft.AspNetCore.Authorization.AuthorizationMiddleware.Invoke(HttpContext context)
   at Microsoft.AspNetCore.Authentication.AuthenticationMiddleware.Invoke(HttpContext context)
   at Swashbuckle.AspNetCore.SwaggerUI.SwaggerUIMiddleware.Invoke(HttpContext httpContext)
   at Swashbuckle.AspNetCore.Swagger.SwaggerMiddleware.Invoke(HttpContext httpContext, ISwaggerProvider swaggerProvider)
   at AssignmentManagement.Api.Middleware.ExceptionMiddleware.InvokeAsync(HttpContext context) in C:\Users\Tarek\Desktop\assignment\src\AssignmentManagement.Api\Middleware\ExceptionMiddleware.cs:line 23
2026-08-10 15:12:49.379 +06:00 [ERR] [AssignmentManagement.Api.Middleware.ExceptionMiddleware] Unhandled exception occurred while processing request GET /api/submissions/1656/preview
AssignmentManagement.Application.Common.NotFoundException: The specified submission file does not exist on disk.
   at AssignmentManagement.Infrastructure.Services.StorageService.GetFileAsync(String relativePath, Boolean isDownload, CancellationToken cancellationToken) in C:\Users\Tarek\Desktop\assignment\src\AssignmentManagement.Infrastructure\Services\StorageService.cs:line 139
   at AssignmentManagement.Application.Services.SubmissionService.GetSubmissionFileStreamAsync(Int32 submissionId, Boolean isPreview, CancellationToken cancellationToken) in C:\Users\Tarek\Desktop\assignment\src\AssignmentManagement.Application\Services\SubmissionService.cs:line 230
   at AssignmentManagement.Api.Controllers.SubmissionsController.Preview(Int32 id, CancellationToken cancellationToken) in C:\Users\Tarek\Desktop\assignment\src\AssignmentManagement.Api\Controllers\SubmissionsController.cs:line 88
   at Microsoft.AspNetCore.Mvc.Infrastructure.ActionMethodExecutor.TaskOfIActionResultExecutor.Execute(ActionContext actionContext, IActionResultTypeMapper mapper, ObjectMethodExecutor executor, Object controller, Object[] arguments)
   at Microsoft.AspNetCore.Mvc.Infrastructure.ControllerActionInvoker.<InvokeActionMethodAsync>g__Awaited|12_0(ControllerActionInvoker invoker, ValueTask`1 actionResultValueTask)
   at Microsoft.AspNetCore.Mvc.Infrastructure.ControllerActionInvoker.<InvokeNextActionFilterAsync>g__Awaited|10_0(ControllerActionInvoker invoker, Task lastTask, State next, Scope scope, Object state, Boolean isCompleted)
   at Microsoft.AspNetCore.Mvc.Infrastructure.ControllerActionInvoker.Rethrow(ActionExecutedContextSealed context)
   at Microsoft.AspNetCore.Mvc.Infrastructure.ControllerActionInvoker.Next(State& next, Scope& scope, Object& state, Boolean& isCompleted)
   at Microsoft.AspNetCore.Mvc.Infrastructure.ControllerActionInvoker.<InvokeInnerFilterAsync>g__Awaited|13_0(ControllerActionInvoker invoker, Task lastTask, State next, Scope scope, Object state, Boolean isCompleted)
   at Microsoft.AspNetCore.Mvc.Infrastructure.ResourceInvoker.<InvokeFilterPipelineAsync>g__Awaited|20_0(ResourceInvoker invoker, Task lastTask, State next, Scope scope, Object state, Boolean isCompleted)
   at Microsoft.AspNetCore.Mvc.Infrastructure.ResourceInvoker.<InvokeAsync>g__Awaited|17_0(ResourceInvoker invoker, Task task, IDisposable scope)
   at Microsoft.AspNetCore.Mvc.Infrastructure.ResourceInvoker.<InvokeAsync>g__Awaited|17_0(ResourceInvoker invoker, Task task, IDisposable scope)
   at Microsoft.AspNetCore.Authorization.AuthorizationMiddleware.Invoke(HttpContext context)
   at Microsoft.AspNetCore.Authentication.AuthenticationMiddleware.Invoke(HttpContext context)
   at Swashbuckle.AspNetCore.SwaggerUI.SwaggerUIMiddleware.Invoke(HttpContext httpContext)
   at Swashbuckle.AspNetCore.Swagger.SwaggerMiddleware.Invoke(HttpContext httpContext, ISwaggerProvider swaggerProvider)
   at AssignmentManagement.Api.Middleware.ExceptionMiddleware.InvokeAsync(HttpContext context) in C:\Users\Tarek\Desktop\assignment\src\AssignmentManagement.Api\Middleware\ExceptionMiddleware.cs:line 23
2026-08-10 15:14:29.303 +06:00 [INF] [AssignmentManagement.Application.Services.AuthService] User 5 (teacher4@school.edu.bd) logged out
2026-08-10 15:14:32.466 +06:00 [INF] [AssignmentManagement.Application.Services.AuthService] Login attempt received for email 'student15@school.edu.bd' (length 12)
2026-08-10 15:14:32.583 +06:00 [INF] [AssignmentManagement.Application.Services.AuthService] User 31 (student15@school.edu.bd) logged in successfully with role "Student"
2026-08-10 15:17:48.864 +06:00 [ERR] [AssignmentManagement.Api.Middleware.ExceptionMiddleware] Unhandled exception occurred while processing request GET /api/submissions/330/preview
AssignmentManagement.Application.Common.NotFoundException: The specified submission file does not exist on disk.
   at AssignmentManagement.Infrastructure.Services.StorageService.GetFileAsync(String relativePath, Boolean isDownload, CancellationToken cancellationToken) in C:\Users\Tarek\Desktop\assignment\src\AssignmentManagement.Infrastructure\Services\StorageService.cs:line 139
   at AssignmentManagement.Application.Services.SubmissionService.GetSubmissionFileStreamAsync(Int32 submissionId, Boolean isPreview, CancellationToken cancellationToken) in C:\Users\Tarek\Desktop\assignment\src\AssignmentManagement.Application\Services\SubmissionService.cs:line 230
   at AssignmentManagement.Api.Controllers.SubmissionsController.Preview(Int32 id, CancellationToken cancellationToken) in C:\Users\Tarek\Desktop\assignment\src\AssignmentManagement.Api\Controllers\SubmissionsController.cs:line 88
   at Microsoft.AspNetCore.Mvc.Infrastructure.ActionMethodExecutor.TaskOfIActionResultExecutor.Execute(ActionContext actionContext, IActionResultTypeMapper mapper, ObjectMethodExecutor executor, Object controller, Object[] arguments)
   at Microsoft.AspNetCore.Mvc.Infrastructure.ControllerActionInvoker.<InvokeActionMethodAsync>g__Awaited|12_0(ControllerActionInvoker invoker, ValueTask`1 actionResultValueTask)
   at Microsoft.AspNetCore.Mvc.Infrastructure.ControllerActionInvoker.<InvokeNextActionFilterAsync>g__Awaited|10_0(ControllerActionInvoker invoker, Task lastTask, State next, Scope scope, Object state, Boolean isCompleted)
   at Microsoft.AspNetCore.Mvc.Infrastructure.ControllerActionInvoker.Rethrow(ActionExecutedContextSealed context)
   at Microsoft.AspNetCore.Mvc.Infrastructure.ControllerActionInvoker.Next(State& next, Scope& scope, Object& state, Boolean& isCompleted)
   at Microsoft.AspNetCore.Mvc.Infrastructure.ControllerActionInvoker.<InvokeInnerFilterAsync>g__Awaited|13_0(ControllerActionInvoker invoker, Task lastTask, State next, Scope scope, Object state, Boolean isCompleted)
   at Microsoft.AspNetCore.Mvc.Infrastructure.ResourceInvoker.<InvokeFilterPipelineAsync>g__Awaited|20_0(ResourceInvoker invoker, Task lastTask, State next, Scope scope, Object state, Boolean isCompleted)
   at Microsoft.AspNetCore.Mvc.Infrastructure.ResourceInvoker.<InvokeAsync>g__Awaited|17_0(ResourceInvoker invoker, Task task, IDisposable scope)
   at Microsoft.AspNetCore.Mvc.Infrastructure.ResourceInvoker.<InvokeAsync>g__Awaited|17_0(ResourceInvoker invoker, Task task, IDisposable scope)
   at Microsoft.AspNetCore.Authorization.AuthorizationMiddleware.Invoke(HttpContext context)
   at Microsoft.AspNetCore.Authentication.AuthenticationMiddleware.Invoke(HttpContext context)
   at Swashbuckle.AspNetCore.SwaggerUI.SwaggerUIMiddleware.Invoke(HttpContext httpContext)
   at Swashbuckle.AspNetCore.Swagger.SwaggerMiddleware.Invoke(HttpContext httpContext, ISwaggerProvider swaggerProvider)
   at AssignmentManagement.Api.Middleware.ExceptionMiddleware.InvokeAsync(HttpContext context) in C:\Users\Tarek\Desktop\assignment\src\AssignmentManagement.Api\Middleware\ExceptionMiddleware.cs:line 23
2026-08-10 15:17:50.467 +06:00 [ERR] [AssignmentManagement.Api.Middleware.ExceptionMiddleware] Unhandled exception occurred while processing request GET /api/submissions/330/preview
AssignmentManagement.Application.Common.NotFoundException: The specified submission file does not exist on disk.
   at AssignmentManagement.Infrastructure.Services.StorageService.GetFileAsync(String relativePath, Boolean isDownload, CancellationToken cancellationToken) in C:\Users\Tarek\Desktop\assignment\src\AssignmentManagement.Infrastructure\Services\StorageService.cs:line 139
   at AssignmentManagement.Application.Services.SubmissionService.GetSubmissionFileStreamAsync(Int32 submissionId, Boolean isPreview, CancellationToken cancellationToken) in C:\Users\Tarek\Desktop\assignment\src\AssignmentManagement.Application\Services\SubmissionService.cs:line 230
   at AssignmentManagement.Api.Controllers.SubmissionsController.Preview(Int32 id, CancellationToken cancellationToken) in C:\Users\Tarek\Desktop\assignment\src\AssignmentManagement.Api\Controllers\SubmissionsController.cs:line 88
   at Microsoft.AspNetCore.Mvc.Infrastructure.ActionMethodExecutor.TaskOfIActionResultExecutor.Execute(ActionContext actionContext, IActionResultTypeMapper mapper, ObjectMethodExecutor executor, Object controller, Object[] arguments)
   at Microsoft.AspNetCore.Mvc.Infrastructure.ControllerActionInvoker.<InvokeActionMethodAsync>g__Awaited|12_0(ControllerActionInvoker invoker, ValueTask`1 actionResultValueTask)
   at Microsoft.AspNetCore.Mvc.Infrastructure.ControllerActionInvoker.<InvokeNextActionFilterAsync>g__Awaited|10_0(ControllerActionInvoker invoker, Task lastTask, State next, Scope scope, Object state, Boolean isCompleted)
   at Microsoft.AspNetCore.Mvc.Infrastructure.ControllerActionInvoker.Rethrow(ActionExecutedContextSealed context)
   at Microsoft.AspNetCore.Mvc.Infrastructure.ControllerActionInvoker.Next(State& next, Scope& scope, Object& state, Boolean& isCompleted)
   at Microsoft.AspNetCore.Mvc.Infrastructure.ControllerActionInvoker.<InvokeInnerFilterAsync>g__Awaited|13_0(ControllerActionInvoker invoker, Task lastTask, State next, Scope scope, Object state, Boolean isCompleted)
   at Microsoft.AspNetCore.Mvc.Infrastructure.ResourceInvoker.<InvokeFilterPipelineAsync>g__Awaited|20_0(ResourceInvoker invoker, Task lastTask, State next, Scope scope, Object state, Boolean isCompleted)
   at Microsoft.AspNetCore.Mvc.Infrastructure.ResourceInvoker.<InvokeAsync>g__Awaited|17_0(ResourceInvoker invoker, Task task, IDisposable scope)
   at Microsoft.AspNetCore.Mvc.Infrastructure.ResourceInvoker.<InvokeAsync>g__Awaited|17_0(ResourceInvoker invoker, Task task, IDisposable scope)
   at Microsoft.AspNetCore.Authorization.AuthorizationMiddleware.Invoke(HttpContext context)
   at Microsoft.AspNetCore.Authentication.AuthenticationMiddleware.Invoke(HttpContext context)
   at Swashbuckle.AspNetCore.SwaggerUI.SwaggerUIMiddleware.Invoke(HttpContext httpContext)
   at Swashbuckle.AspNetCore.Swagger.SwaggerMiddleware.Invoke(HttpContext httpContext, ISwaggerProvider swaggerProvider)
   at AssignmentManagement.Api.Middleware.ExceptionMiddleware.InvokeAsync(HttpContext context) in C:\Users\Tarek\Desktop\assignment\src\AssignmentManagement.Api\Middleware\ExceptionMiddleware.cs:line 23
2026-08-10 15:20:04.486 +06:00 [INF] [AssignmentManagement.Application.Services.AuthService] User 31 (student15@school.edu.bd) logged out
2026-08-10 15:20:06.754 +06:00 [INF] [AssignmentManagement.Application.Services.AuthService] Login attempt received for email 'teacher4@school.edu.bd' (length 12)
2026-08-10 15:20:06.873 +06:00 [INF] [AssignmentManagement.Application.Services.AuthService] User 5 (teacher4@school.edu.bd) logged in successfully with role "Teacher"
2026-08-10 15:20:13.526 +06:00 [INF] [AssignmentManagement.Application.Services.AuthService] User 5 (teacher4@school.edu.bd) logged out
2026-08-10 15:20:16.482 +06:00 [INF] [AssignmentManagement.Application.Services.AuthService] Login attempt received for email 'teacher5@school.edu.bd' (length 12)
2026-08-10 15:20:16.599 +06:00 [INF] [AssignmentManagement.Application.Services.AuthService] User 6 (teacher5@school.edu.bd) logged in successfully with role "Teacher"
2026-08-10 15:22:26.860 +06:00 [ERR] [AssignmentManagement.Api.Middleware.ExceptionMiddleware] Unhandled exception occurred while processing request GET /api/submissions/893/preview
AssignmentManagement.Application.Common.NotFoundException: The specified submission file does not exist on disk.
   at AssignmentManagement.Infrastructure.Services.StorageService.GetFileAsync(String relativePath, Boolean isDownload, CancellationToken cancellationToken) in C:\Users\Tarek\Desktop\assignment\src\AssignmentManagement.Infrastructure\Services\StorageService.cs:line 139
   at AssignmentManagement.Application.Services.SubmissionService.GetSubmissionFileStreamAsync(Int32 submissionId, Boolean isPreview, CancellationToken cancellationToken) in C:\Users\Tarek\Desktop\assignment\src\AssignmentManagement.Application\Services\SubmissionService.cs:line 230
   at AssignmentManagement.Api.Controllers.SubmissionsController.Preview(Int32 id, CancellationToken cancellationToken) in C:\Users\Tarek\Desktop\assignment\src\AssignmentManagement.Api\Controllers\SubmissionsController.cs:line 88
   at Microsoft.AspNetCore.Mvc.Infrastructure.ActionMethodExecutor.TaskOfIActionResultExecutor.Execute(ActionContext actionContext, IActionResultTypeMapper mapper, ObjectMethodExecutor executor, Object controller, Object[] arguments)
   at Microsoft.AspNetCore.Mvc.Infrastructure.ControllerActionInvoker.<InvokeActionMethodAsync>g__Awaited|12_0(ControllerActionInvoker invoker, ValueTask`1 actionResultValueTask)
   at Microsoft.AspNetCore.Mvc.Infrastructure.ControllerActionInvoker.<InvokeNextActionFilterAsync>g__Awaited|10_0(ControllerActionInvoker invoker, Task lastTask, State next, Scope scope, Object state, Boolean isCompleted)
   at Microsoft.AspNetCore.Mvc.Infrastructure.ControllerActionInvoker.Rethrow(ActionExecutedContextSealed context)
   at Microsoft.AspNetCore.Mvc.Infrastructure.ControllerActionInvoker.Next(State& next, Scope& scope, Object& state, Boolean& isCompleted)
   at Microsoft.AspNetCore.Mvc.Infrastructure.ControllerActionInvoker.<InvokeInnerFilterAsync>g__Awaited|13_0(ControllerActionInvoker invoker, Task lastTask, State next, Scope scope, Object state, Boolean isCompleted)
   at Microsoft.AspNetCore.Mvc.Infrastructure.ResourceInvoker.<InvokeFilterPipelineAsync>g__Awaited|20_0(ResourceInvoker invoker, Task lastTask, State next, Scope scope, Object state, Boolean isCompleted)
   at Microsoft.AspNetCore.Mvc.Infrastructure.ResourceInvoker.<InvokeAsync>g__Awaited|17_0(ResourceInvoker invoker, Task task, IDisposable scope)
   at Microsoft.AspNetCore.Mvc.Infrastructure.ResourceInvoker.<InvokeAsync>g__Awaited|17_0(ResourceInvoker invoker, Task task, IDisposable scope)
   at Microsoft.AspNetCore.Authorization.AuthorizationMiddleware.Invoke(HttpContext context)
   at Microsoft.AspNetCore.Authentication.AuthenticationMiddleware.Invoke(HttpContext context)
   at Swashbuckle.AspNetCore.SwaggerUI.SwaggerUIMiddleware.Invoke(HttpContext httpContext)
   at Swashbuckle.AspNetCore.Swagger.SwaggerMiddleware.Invoke(HttpContext httpContext, ISwaggerProvider swaggerProvider)
   at AssignmentManagement.Api.Middleware.ExceptionMiddleware.InvokeAsync(HttpContext context) in C:\Users\Tarek\Desktop\assignment\src\AssignmentManagement.Api\Middleware\ExceptionMiddleware.cs:line 23
2026-08-10 15:22:36.060 +06:00 [ERR] [AssignmentManagement.Api.Middleware.ExceptionMiddleware] Unhandled exception occurred while processing request GET /api/submissions/893/preview
AssignmentManagement.Application.Common.NotFoundException: The specified submission file does not exist on disk.
   at AssignmentManagement.Infrastructure.Services.StorageService.GetFileAsync(String relativePath, Boolean isDownload, CancellationToken cancellationToken) in C:\Users\Tarek\Desktop\assignment\src\AssignmentManagement.Infrastructure\Services\StorageService.cs:line 139
   at AssignmentManagement.Application.Services.SubmissionService.GetSubmissionFileStreamAsync(Int32 submissionId, Boolean isPreview, CancellationToken cancellationToken) in C:\Users\Tarek\Desktop\assignment\src\AssignmentManagement.Application\Services\SubmissionService.cs:line 230
   at AssignmentManagement.Api.Controllers.SubmissionsController.Preview(Int32 id, CancellationToken cancellationToken) in C:\Users\Tarek\Desktop\assignment\src\AssignmentManagement.Api\Controllers\SubmissionsController.cs:line 88
   at Microsoft.AspNetCore.Mvc.Infrastructure.ActionMethodExecutor.TaskOfIActionResultExecutor.Execute(ActionContext actionContext, IActionResultTypeMapper mapper, ObjectMethodExecutor executor, Object controller, Object[] arguments)
   at Microsoft.AspNetCore.Mvc.Infrastructure.ControllerActionInvoker.<InvokeActionMethodAsync>g__Awaited|12_0(ControllerActionInvoker invoker, ValueTask`1 actionResultValueTask)
   at Microsoft.AspNetCore.Mvc.Infrastructure.ControllerActionInvoker.<InvokeNextActionFilterAsync>g__Awaited|10_0(ControllerActionInvoker invoker, Task lastTask, State next, Scope scope, Object state, Boolean isCompleted)
   at Microsoft.AspNetCore.Mvc.Infrastructure.ControllerActionInvoker.Rethrow(ActionExecutedContextSealed context)
   at Microsoft.AspNetCore.Mvc.Infrastructure.ControllerActionInvoker.Next(State& next, Scope& scope, Object& state, Boolean& isCompleted)
   at Microsoft.AspNetCore.Mvc.Infrastructure.ControllerActionInvoker.<InvokeInnerFilterAsync>g__Awaited|13_0(ControllerActionInvoker invoker, Task lastTask, State next, Scope scope, Object state, Boolean isCompleted)
   at Microsoft.AspNetCore.Mvc.Infrastructure.ResourceInvoker.<InvokeFilterPipelineAsync>g__Awaited|20_0(ResourceInvoker invoker, Task lastTask, State next, Scope scope, Object state, Boolean isCompleted)
   at Microsoft.AspNetCore.Mvc.Infrastructure.ResourceInvoker.<InvokeAsync>g__Awaited|17_0(ResourceInvoker invoker, Task task, IDisposable scope)
   at Microsoft.AspNetCore.Mvc.Infrastructure.ResourceInvoker.<InvokeAsync>g__Awaited|17_0(ResourceInvoker invoker, Task task, IDisposable scope)
   at Microsoft.AspNetCore.Authorization.AuthorizationMiddleware.Invoke(HttpContext context)
   at Microsoft.AspNetCore.Authentication.AuthenticationMiddleware.Invoke(HttpContext context)
   at Swashbuckle.AspNetCore.SwaggerUI.SwaggerUIMiddleware.Invoke(HttpContext httpContext)
   at Swashbuckle.AspNetCore.Swagger.SwaggerMiddleware.Invoke(HttpContext httpContext, ISwaggerProvider swaggerProvider)
   at AssignmentManagement.Api.Middleware.ExceptionMiddleware.InvokeAsync(HttpContext context) in C:\Users\Tarek\Desktop\assignment\src\AssignmentManagement.Api\Middleware\ExceptionMiddleware.cs:line 23
2026-08-10 15:22:40.339 +06:00 [ERR] [AssignmentManagement.Api.Middleware.ExceptionMiddleware] Unhandled exception occurred while processing request GET /api/submissions/893/preview
AssignmentManagement.Application.Common.NotFoundException: The specified submission file does not exist on disk.
   at AssignmentManagement.Infrastructure.Services.StorageService.GetFileAsync(String relativePath, Boolean isDownload, CancellationToken cancellationToken) in C:\Users\Tarek\Desktop\assignment\src\AssignmentManagement.Infrastructure\Services\StorageService.cs:line 139
   at AssignmentManagement.Application.Services.SubmissionService.GetSubmissionFileStreamAsync(Int32 submissionId, Boolean isPreview, CancellationToken cancellationToken) in C:\Users\Tarek\Desktop\assignment\src\AssignmentManagement.Application\Services\SubmissionService.cs:line 230
   at AssignmentManagement.Api.Controllers.SubmissionsController.Preview(Int32 id, CancellationToken cancellationToken) in C:\Users\Tarek\Desktop\assignment\src\AssignmentManagement.Api\Controllers\SubmissionsController.cs:line 88
   at Microsoft.AspNetCore.Mvc.Infrastructure.ActionMethodExecutor.TaskOfIActionResultExecutor.Execute(ActionContext actionContext, IActionResultTypeMapper mapper, ObjectMethodExecutor executor, Object controller, Object[] arguments)
   at Microsoft.AspNetCore.Mvc.Infrastructure.ControllerActionInvoker.<InvokeActionMethodAsync>g__Awaited|12_0(ControllerActionInvoker invoker, ValueTask`1 actionResultValueTask)
   at Microsoft.AspNetCore.Mvc.Infrastructure.ControllerActionInvoker.<InvokeNextActionFilterAsync>g__Awaited|10_0(ControllerActionInvoker invoker, Task lastTask, State next, Scope scope, Object state, Boolean isCompleted)
   at Microsoft.AspNetCore.Mvc.Infrastructure.ControllerActionInvoker.Rethrow(ActionExecutedContextSealed context)
   at Microsoft.AspNetCore.Mvc.Infrastructure.ControllerActionInvoker.Next(State& next, Scope& scope, Object& state, Boolean& isCompleted)
   at Microsoft.AspNetCore.Mvc.Infrastructure.ControllerActionInvoker.<InvokeInnerFilterAsync>g__Awaited|13_0(ControllerActionInvoker invoker, Task lastTask, State next, Scope scope, Object state, Boolean isCompleted)
   at Microsoft.AspNetCore.Mvc.Infrastructure.ResourceInvoker.<InvokeFilterPipelineAsync>g__Awaited|20_0(ResourceInvoker invoker, Task lastTask, State next, Scope scope, Object state, Boolean isCompleted)
   at Microsoft.AspNetCore.Mvc.Infrastructure.ResourceInvoker.<InvokeAsync>g__Awaited|17_0(ResourceInvoker invoker, Task task, IDisposable scope)
   at Microsoft.AspNetCore.Mvc.Infrastructure.ResourceInvoker.<InvokeAsync>g__Awaited|17_0(ResourceInvoker invoker, Task task, IDisposable scope)
   at Microsoft.AspNetCore.Authorization.AuthorizationMiddleware.Invoke(HttpContext context)
   at Microsoft.AspNetCore.Authentication.AuthenticationMiddleware.Invoke(HttpContext context)
   at Swashbuckle.AspNetCore.SwaggerUI.SwaggerUIMiddleware.Invoke(HttpContext httpContext)
   at Swashbuckle.AspNetCore.Swagger.SwaggerMiddleware.Invoke(HttpContext httpContext, ISwaggerProvider swaggerProvider)
   at AssignmentManagement.Api.Middleware.ExceptionMiddleware.InvokeAsync(HttpContext context) in C:\Users\Tarek\Desktop\assignment\src\AssignmentManagement.Api\Middleware\ExceptionMiddleware.cs:line 23
2026-08-10 15:22:41.945 +06:00 [ERR] [AssignmentManagement.Api.Middleware.ExceptionMiddleware] Unhandled exception occurred while processing request GET /api/submissions/893/preview
AssignmentManagement.Application.Common.NotFoundException: The specified submission file does not exist on disk.
   at AssignmentManagement.Infrastructure.Services.StorageService.GetFileAsync(String relativePath, Boolean isDownload, CancellationToken cancellationToken) in C:\Users\Tarek\Desktop\assignment\src\AssignmentManagement.Infrastructure\Services\StorageService.cs:line 139
   at AssignmentManagement.Application.Services.SubmissionService.GetSubmissionFileStreamAsync(Int32 submissionId, Boolean isPreview, CancellationToken cancellationToken) in C:\Users\Tarek\Desktop\assignment\src\AssignmentManagement.Application\Services\SubmissionService.cs:line 230
   at AssignmentManagement.Api.Controllers.SubmissionsController.Preview(Int32 id, CancellationToken cancellationToken) in C:\Users\Tarek\Desktop\assignment\src\AssignmentManagement.Api\Controllers\SubmissionsController.cs:line 88
   at Microsoft.AspNetCore.Mvc.Infrastructure.ActionMethodExecutor.TaskOfIActionResultExecutor.Execute(ActionContext actionContext, IActionResultTypeMapper mapper, ObjectMethodExecutor executor, Object controller, Object[] arguments)
   at Microsoft.AspNetCore.Mvc.Infrastructure.ControllerActionInvoker.<InvokeActionMethodAsync>g__Awaited|12_0(ControllerActionInvoker invoker, ValueTask`1 actionResultValueTask)
   at Microsoft.AspNetCore.Mvc.Infrastructure.ControllerActionInvoker.<InvokeNextActionFilterAsync>g__Awaited|10_0(ControllerActionInvoker invoker, Task lastTask, State next, Scope scope, Object state, Boolean isCompleted)
   at Microsoft.AspNetCore.Mvc.Infrastructure.ControllerActionInvoker.Rethrow(ActionExecutedContextSealed context)
   at Microsoft.AspNetCore.Mvc.Infrastructure.ControllerActionInvoker.Next(State& next, Scope& scope, Object& state, Boolean& isCompleted)
   at Microsoft.AspNetCore.Mvc.Infrastructure.ControllerActionInvoker.<InvokeInnerFilterAsync>g__Awaited|13_0(ControllerActionInvoker invoker, Task lastTask, State next, Scope scope, Object state, Boolean isCompleted)
   at Microsoft.AspNetCore.Mvc.Infrastructure.ResourceInvoker.<InvokeFilterPipelineAsync>g__Awaited|20_0(ResourceInvoker invoker, Task lastTask, State next, Scope scope, Object state, Boolean isCompleted)
   at Microsoft.AspNetCore.Mvc.Infrastructure.ResourceInvoker.<InvokeAsync>g__Awaited|17_0(ResourceInvoker invoker, Task task, IDisposable scope)
   at Microsoft.AspNetCore.Mvc.Infrastructure.ResourceInvoker.<InvokeAsync>g__Awaited|17_0(ResourceInvoker invoker, Task task, IDisposable scope)
   at Microsoft.AspNetCore.Authorization.AuthorizationMiddleware.Invoke(HttpContext context)
   at Microsoft.AspNetCore.Authentication.AuthenticationMiddleware.Invoke(HttpContext context)
   at Swashbuckle.AspNetCore.SwaggerUI.SwaggerUIMiddleware.Invoke(HttpContext httpContext)
   at Swashbuckle.AspNetCore.Swagger.SwaggerMiddleware.Invoke(HttpContext httpContext, ISwaggerProvider swaggerProvider)
   at AssignmentManagement.Api.Middleware.ExceptionMiddleware.InvokeAsync(HttpContext context) in C:\Users\Tarek\Desktop\assignment\src\AssignmentManagement.Api\Middleware\ExceptionMiddleware.cs:line 23
2026-08-10 15:22:49.650 +06:00 [ERR] [AssignmentManagement.Api.Middleware.ExceptionMiddleware] Unhandled exception occurred while processing request GET /api/submissions/893/preview
AssignmentManagement.Application.Common.NotFoundException: The specified submission file does not exist on disk.
   at AssignmentManagement.Infrastructure.Services.StorageService.GetFileAsync(String relativePath, Boolean isDownload, CancellationToken cancellationToken) in C:\Users\Tarek\Desktop\assignment\src\AssignmentManagement.Infrastructure\Services\StorageService.cs:line 139
   at AssignmentManagement.Application.Services.SubmissionService.GetSubmissionFileStreamAsync(Int32 submissionId, Boolean isPreview, CancellationToken cancellationToken) in C:\Users\Tarek\Desktop\assignment\src\AssignmentManagement.Application\Services\SubmissionService.cs:line 230
   at AssignmentManagement.Api.Controllers.SubmissionsController.Preview(Int32 id, CancellationToken cancellationToken) in C:\Users\Tarek\Desktop\assignment\src\AssignmentManagement.Api\Controllers\SubmissionsController.cs:line 88
   at Microsoft.AspNetCore.Mvc.Infrastructure.ActionMethodExecutor.TaskOfIActionResultExecutor.Execute(ActionContext actionContext, IActionResultTypeMapper mapper, ObjectMethodExecutor executor, Object controller, Object[] arguments)
   at Microsoft.AspNetCore.Mvc.Infrastructure.ControllerActionInvoker.<InvokeActionMethodAsync>g__Awaited|12_0(ControllerActionInvoker invoker, ValueTask`1 actionResultValueTask)
   at Microsoft.AspNetCore.Mvc.Infrastructure.ControllerActionInvoker.<InvokeNextActionFilterAsync>g__Awaited|10_0(ControllerActionInvoker invoker, Task lastTask, State next, Scope scope, Object state, Boolean isCompleted)
   at Microsoft.AspNetCore.Mvc.Infrastructure.ControllerActionInvoker.Rethrow(ActionExecutedContextSealed context)
   at Microsoft.AspNetCore.Mvc.Infrastructure.ControllerActionInvoker.Next(State& next, Scope& scope, Object& state, Boolean& isCompleted)
   at Microsoft.AspNetCore.Mvc.Infrastructure.ControllerActionInvoker.<InvokeInnerFilterAsync>g__Awaited|13_0(ControllerActionInvoker invoker, Task lastTask, State next, Scope scope, Object state, Boolean isCompleted)
   at Microsoft.AspNetCore.Mvc.Infrastructure.ResourceInvoker.<InvokeFilterPipelineAsync>g__Awaited|20_0(ResourceInvoker invoker, Task lastTask, State next, Scope scope, Object state, Boolean isCompleted)
   at Microsoft.AspNetCore.Mvc.Infrastructure.ResourceInvoker.<InvokeAsync>g__Awaited|17_0(ResourceInvoker invoker, Task task, IDisposable scope)
   at Microsoft.AspNetCore.Mvc.Infrastructure.ResourceInvoker.<InvokeAsync>g__Awaited|17_0(ResourceInvoker invoker, Task task, IDisposable scope)
   at Microsoft.AspNetCore.Authorization.AuthorizationMiddleware.Invoke(HttpContext context)
   at Microsoft.AspNetCore.Authentication.AuthenticationMiddleware.Invoke(HttpContext context)
   at Swashbuckle.AspNetCore.SwaggerUI.SwaggerUIMiddleware.Invoke(HttpContext httpContext)
   at Swashbuckle.AspNetCore.Swagger.SwaggerMiddleware.Invoke(HttpContext httpContext, ISwaggerProvider swaggerProvider)
   at AssignmentManagement.Api.Middleware.ExceptionMiddleware.InvokeAsync(HttpContext context) in C:\Users\Tarek\Desktop\assignment\src\AssignmentManagement.Api\Middleware\ExceptionMiddleware.cs:line 23
2026-08-10 15:25:02.646 +06:00 [ERR] [AssignmentManagement.Api.Middleware.ExceptionMiddleware] Unhandled exception occurred while processing request GET /api/submissions/2039/preview
AssignmentManagement.Application.Common.NotFoundException: The specified submission file does not exist on disk.
   at AssignmentManagement.Infrastructure.Services.StorageService.GetFileAsync(String relativePath, Boolean isDownload, CancellationToken cancellationToken) in C:\Users\Tarek\Desktop\assignment\src\AssignmentManagement.Infrastructure\Services\StorageService.cs:line 139
   at AssignmentManagement.Application.Services.SubmissionService.GetSubmissionFileStreamAsync(Int32 submissionId, Boolean isPreview, CancellationToken cancellationToken) in C:\Users\Tarek\Desktop\assignment\src\AssignmentManagement.Application\Services\SubmissionService.cs:line 230
   at AssignmentManagement.Api.Controllers.SubmissionsController.Preview(Int32 id, CancellationToken cancellationToken) in C:\Users\Tarek\Desktop\assignment\src\AssignmentManagement.Api\Controllers\SubmissionsController.cs:line 88
   at Microsoft.AspNetCore.Mvc.Infrastructure.ActionMethodExecutor.TaskOfIActionResultExecutor.Execute(ActionContext actionContext, IActionResultTypeMapper mapper, ObjectMethodExecutor executor, Object controller, Object[] arguments)
   at Microsoft.AspNetCore.Mvc.Infrastructure.ControllerActionInvoker.<InvokeActionMethodAsync>g__Awaited|12_0(ControllerActionInvoker invoker, ValueTask`1 actionResultValueTask)
   at Microsoft.AspNetCore.Mvc.Infrastructure.ControllerActionInvoker.<InvokeNextActionFilterAsync>g__Awaited|10_0(ControllerActionInvoker invoker, Task lastTask, State next, Scope scope, Object state, Boolean isCompleted)
   at Microsoft.AspNetCore.Mvc.Infrastructure.ControllerActionInvoker.Rethrow(ActionExecutedContextSealed context)
   at Microsoft.AspNetCore.Mvc.Infrastructure.ControllerActionInvoker.Next(State& next, Scope& scope, Object& state, Boolean& isCompleted)
   at Microsoft.AspNetCore.Mvc.Infrastructure.ControllerActionInvoker.<InvokeInnerFilterAsync>g__Awaited|13_0(ControllerActionInvoker invoker, Task lastTask, State next, Scope scope, Object state, Boolean isCompleted)
   at Microsoft.AspNetCore.Mvc.Infrastructure.ResourceInvoker.<InvokeFilterPipelineAsync>g__Awaited|20_0(ResourceInvoker invoker, Task lastTask, State next, Scope scope, Object state, Boolean isCompleted)
   at Microsoft.AspNetCore.Mvc.Infrastructure.ResourceInvoker.<InvokeAsync>g__Awaited|17_0(ResourceInvoker invoker, Task task, IDisposable scope)
   at Microsoft.AspNetCore.Mvc.Infrastructure.ResourceInvoker.<InvokeAsync>g__Awaited|17_0(ResourceInvoker invoker, Task task, IDisposable scope)
   at Microsoft.AspNetCore.Authorization.AuthorizationMiddleware.Invoke(HttpContext context)
   at Microsoft.AspNetCore.Authentication.AuthenticationMiddleware.Invoke(HttpContext context)
   at Swashbuckle.AspNetCore.SwaggerUI.SwaggerUIMiddleware.Invoke(HttpContext httpContext)
   at Swashbuckle.AspNetCore.Swagger.SwaggerMiddleware.Invoke(HttpContext httpContext, ISwaggerProvider swaggerProvider)
   at AssignmentManagement.Api.Middleware.ExceptionMiddleware.InvokeAsync(HttpContext context) in C:\Users\Tarek\Desktop\assignment\src\AssignmentManagement.Api\Middleware\ExceptionMiddleware.cs:line 23
2026-08-10 15:25:02.652 +06:00 [ERR] [AssignmentManagement.Api.Middleware.ExceptionMiddleware] Unhandled exception occurred while processing request GET /api/submissions/2039/preview
AssignmentManagement.Application.Common.NotFoundException: The specified submission file does not exist on disk.
   at AssignmentManagement.Infrastructure.Services.StorageService.GetFileAsync(String relativePath, Boolean isDownload, CancellationToken cancellationToken) in C:\Users\Tarek\Desktop\assignment\src\AssignmentManagement.Infrastructure\Services\StorageService.cs:line 139
   at AssignmentManagement.Application.Services.SubmissionService.GetSubmissionFileStreamAsync(Int32 submissionId, Boolean isPreview, CancellationToken cancellationToken) in C:\Users\Tarek\Desktop\assignment\src\AssignmentManagement.Application\Services\SubmissionService.cs:line 230
   at AssignmentManagement.Api.Controllers.SubmissionsController.Preview(Int32 id, CancellationToken cancellationToken) in C:\Users\Tarek\Desktop\assignment\src\AssignmentManagement.Api\Controllers\SubmissionsController.cs:line 88
   at Microsoft.AspNetCore.Mvc.Infrastructure.ActionMethodExecutor.TaskOfIActionResultExecutor.Execute(ActionContext actionContext, IActionResultTypeMapper mapper, ObjectMethodExecutor executor, Object controller, Object[] arguments)
   at Microsoft.AspNetCore.Mvc.Infrastructure.ControllerActionInvoker.<InvokeActionMethodAsync>g__Awaited|12_0(ControllerActionInvoker invoker, ValueTask`1 actionResultValueTask)
   at Microsoft.AspNetCore.Mvc.Infrastructure.ControllerActionInvoker.<InvokeNextActionFilterAsync>g__Awaited|10_0(ControllerActionInvoker invoker, Task lastTask, State next, Scope scope, Object state, Boolean isCompleted)
   at Microsoft.AspNetCore.Mvc.Infrastructure.ControllerActionInvoker.Rethrow(ActionExecutedContextSealed context)
   at Microsoft.AspNetCore.Mvc.Infrastructure.ControllerActionInvoker.Next(State& next, Scope& scope, Object& state, Boolean& isCompleted)
   at Microsoft.AspNetCore.Mvc.Infrastructure.ControllerActionInvoker.<InvokeInnerFilterAsync>g__Awaited|13_0(ControllerActionInvoker invoker, Task lastTask, State next, Scope scope, Object state, Boolean isCompleted)
   at Microsoft.AspNetCore.Mvc.Infrastructure.ResourceInvoker.<InvokeFilterPipelineAsync>g__Awaited|20_0(ResourceInvoker invoker, Task lastTask, State next, Scope scope, Object state, Boolean isCompleted)
   at Microsoft.AspNetCore.Mvc.Infrastructure.ResourceInvoker.<InvokeAsync>g__Awaited|17_0(ResourceInvoker invoker, Task task, IDisposable scope)
   at Microsoft.AspNetCore.Mvc.Infrastructure.ResourceInvoker.<InvokeAsync>g__Awaited|17_0(ResourceInvoker invoker, Task task, IDisposable scope)
   at Microsoft.AspNetCore.Authorization.AuthorizationMiddleware.Invoke(HttpContext context)
   at Microsoft.AspNetCore.Authentication.AuthenticationMiddleware.Invoke(HttpContext context)
   at Swashbuckle.AspNetCore.SwaggerUI.SwaggerUIMiddleware.Invoke(HttpContext httpContext)
   at Swashbuckle.AspNetCore.Swagger.SwaggerMiddleware.Invoke(HttpContext httpContext, ISwaggerProvider swaggerProvider)
   at AssignmentManagement.Api.Middleware.ExceptionMiddleware.InvokeAsync(HttpContext context) in C:\Users\Tarek\Desktop\assignment\src\AssignmentManagement.Api\Middleware\ExceptionMiddleware.cs:line 23
2026-08-10 15:25:20.496 +06:00 [ERR] [AssignmentManagement.Api.Middleware.ExceptionMiddleware] Unhandled exception occurred while processing request GET /api/submissions/2037/preview
AssignmentManagement.Application.Common.NotFoundException: The specified submission file does not exist on disk.
   at AssignmentManagement.Infrastructure.Services.StorageService.GetFileAsync(String relativePath, Boolean isDownload, CancellationToken cancellationToken) in C:\Users\Tarek\Desktop\assignment\src\AssignmentManagement.Infrastructure\Services\StorageService.cs:line 139
   at AssignmentManagement.Application.Services.SubmissionService.GetSubmissionFileStreamAsync(Int32 submissionId, Boolean isPreview, CancellationToken cancellationToken) in C:\Users\Tarek\Desktop\assignment\src\AssignmentManagement.Application\Services\SubmissionService.cs:line 230
   at AssignmentManagement.Api.Controllers.SubmissionsController.Preview(Int32 id, CancellationToken cancellationToken) in C:\Users\Tarek\Desktop\assignment\src\AssignmentManagement.Api\Controllers\SubmissionsController.cs:line 88
   at Microsoft.AspNetCore.Mvc.Infrastructure.ActionMethodExecutor.TaskOfIActionResultExecutor.Execute(ActionContext actionContext, IActionResultTypeMapper mapper, ObjectMethodExecutor executor, Object controller, Object[] arguments)
   at Microsoft.AspNetCore.Mvc.Infrastructure.ControllerActionInvoker.<InvokeActionMethodAsync>g__Awaited|12_0(ControllerActionInvoker invoker, ValueTask`1 actionResultValueTask)
   at Microsoft.AspNetCore.Mvc.Infrastructure.ControllerActionInvoker.<InvokeNextActionFilterAsync>g__Awaited|10_0(ControllerActionInvoker invoker, Task lastTask, State next, Scope scope, Object state, Boolean isCompleted)
   at Microsoft.AspNetCore.Mvc.Infrastructure.ControllerActionInvoker.Rethrow(ActionExecutedContextSealed context)
   at Microsoft.AspNetCore.Mvc.Infrastructure.ControllerActionInvoker.Next(State& next, Scope& scope, Object& state, Boolean& isCompleted)
   at Microsoft.AspNetCore.Mvc.Infrastructure.ControllerActionInvoker.<InvokeInnerFilterAsync>g__Awaited|13_0(ControllerActionInvoker invoker, Task lastTask, State next, Scope scope, Object state, Boolean isCompleted)
   at Microsoft.AspNetCore.Mvc.Infrastructure.ResourceInvoker.<InvokeFilterPipelineAsync>g__Awaited|20_0(ResourceInvoker invoker, Task lastTask, State next, Scope scope, Object state, Boolean isCompleted)
   at Microsoft.AspNetCore.Mvc.Infrastructure.ResourceInvoker.<InvokeAsync>g__Awaited|17_0(ResourceInvoker invoker, Task task, IDisposable scope)
   at Microsoft.AspNetCore.Mvc.Infrastructure.ResourceInvoker.<InvokeAsync>g__Awaited|17_0(ResourceInvoker invoker, Task task, IDisposable scope)
   at Microsoft.AspNetCore.Authorization.AuthorizationMiddleware.Invoke(HttpContext context)
   at Microsoft.AspNetCore.Authentication.AuthenticationMiddleware.Invoke(HttpContext context)
   at Swashbuckle.AspNetCore.SwaggerUI.SwaggerUIMiddleware.Invoke(HttpContext httpContext)
   at Swashbuckle.AspNetCore.Swagger.SwaggerMiddleware.Invoke(HttpContext httpContext, ISwaggerProvider swaggerProvider)
   at AssignmentManagement.Api.Middleware.ExceptionMiddleware.InvokeAsync(HttpContext context) in C:\Users\Tarek\Desktop\assignment\src\AssignmentManagement.Api\Middleware\ExceptionMiddleware.cs:line 23
2026-08-10 15:25:20.502 +06:00 [ERR] [AssignmentManagement.Api.Middleware.ExceptionMiddleware] Unhandled exception occurred while processing request GET /api/submissions/2037/preview
AssignmentManagement.Application.Common.NotFoundException: The specified submission file does not exist on disk.
   at AssignmentManagement.Infrastructure.Services.StorageService.GetFileAsync(String relativePath, Boolean isDownload, CancellationToken cancellationToken) in C:\Users\Tarek\Desktop\assignment\src\AssignmentManagement.Infrastructure\Services\StorageService.cs:line 139
   at AssignmentManagement.Application.Services.SubmissionService.GetSubmissionFileStreamAsync(Int32 submissionId, Boolean isPreview, CancellationToken cancellationToken) in C:\Users\Tarek\Desktop\assignment\src\AssignmentManagement.Application\Services\SubmissionService.cs:line 230
   at AssignmentManagement.Api.Controllers.SubmissionsController.Preview(Int32 id, CancellationToken cancellationToken) in C:\Users\Tarek\Desktop\assignment\src\AssignmentManagement.Api\Controllers\SubmissionsController.cs:line 88
   at Microsoft.AspNetCore.Mvc.Infrastructure.ActionMethodExecutor.TaskOfIActionResultExecutor.Execute(ActionContext actionContext, IActionResultTypeMapper mapper, ObjectMethodExecutor executor, Object controller, Object[] arguments)
   at Microsoft.AspNetCore.Mvc.Infrastructure.ControllerActionInvoker.<InvokeActionMethodAsync>g__Awaited|12_0(ControllerActionInvoker invoker, ValueTask`1 actionResultValueTask)
   at Microsoft.AspNetCore.Mvc.Infrastructure.ControllerActionInvoker.<InvokeNextActionFilterAsync>g__Awaited|10_0(ControllerActionInvoker invoker, Task lastTask, State next, Scope scope, Object state, Boolean isCompleted)
   at Microsoft.AspNetCore.Mvc.Infrastructure.ControllerActionInvoker.Rethrow(ActionExecutedContextSealed context)
   at Microsoft.AspNetCore.Mvc.Infrastructure.ControllerActionInvoker.Next(State& next, Scope& scope, Object& state, Boolean& isCompleted)
   at Microsoft.AspNetCore.Mvc.Infrastructure.ControllerActionInvoker.<InvokeInnerFilterAsync>g__Awaited|13_0(ControllerActionInvoker invoker, Task lastTask, State next, Scope scope, Object state, Boolean isCompleted)
   at Microsoft.AspNetCore.Mvc.Infrastructure.ResourceInvoker.<InvokeFilterPipelineAsync>g__Awaited|20_0(ResourceInvoker invoker, Task lastTask, State next, Scope scope, Object state, Boolean isCompleted)
   at Microsoft.AspNetCore.Mvc.Infrastructure.ResourceInvoker.<InvokeAsync>g__Awaited|17_0(ResourceInvoker invoker, Task task, IDisposable scope)
   at Microsoft.AspNetCore.Mvc.Infrastructure.ResourceInvoker.<InvokeAsync>g__Awaited|17_0(ResourceInvoker invoker, Task task, IDisposable scope)
   at Microsoft.AspNetCore.Authorization.AuthorizationMiddleware.Invoke(HttpContext context)
   at Microsoft.AspNetCore.Authentication.AuthenticationMiddleware.Invoke(HttpContext context)
   at Swashbuckle.AspNetCore.SwaggerUI.SwaggerUIMiddleware.Invoke(HttpContext httpContext)
   at Swashbuckle.AspNetCore.Swagger.SwaggerMiddleware.Invoke(HttpContext httpContext, ISwaggerProvider swaggerProvider)
   at AssignmentManagement.Api.Middleware.ExceptionMiddleware.InvokeAsync(HttpContext context) in C:\Users\Tarek\Desktop\assignment\src\AssignmentManagement.Api\Middleware\ExceptionMiddleware.cs:line 23
2026-08-10 15:25:39.795 +06:00 [ERR] [AssignmentManagement.Api.Middleware.ExceptionMiddleware] Unhandled exception occurred while processing request GET /api/submissions/2037/preview
AssignmentManagement.Application.Common.NotFoundException: The specified submission file does not exist on disk.
   at AssignmentManagement.Infrastructure.Services.StorageService.GetFileAsync(String relativePath, Boolean isDownload, CancellationToken cancellationToken) in C:\Users\Tarek\Desktop\assignment\src\AssignmentManagement.Infrastructure\Services\StorageService.cs:line 139
   at AssignmentManagement.Application.Services.SubmissionService.GetSubmissionFileStreamAsync(Int32 submissionId, Boolean isPreview, CancellationToken cancellationToken) in C:\Users\Tarek\Desktop\assignment\src\AssignmentManagement.Application\Services\SubmissionService.cs:line 230
   at AssignmentManagement.Api.Controllers.SubmissionsController.Preview(Int32 id, CancellationToken cancellationToken) in C:\Users\Tarek\Desktop\assignment\src\AssignmentManagement.Api\Controllers\SubmissionsController.cs:line 88
   at Microsoft.AspNetCore.Mvc.Infrastructure.ActionMethodExecutor.TaskOfIActionResultExecutor.Execute(ActionContext actionContext, IActionResultTypeMapper mapper, ObjectMethodExecutor executor, Object controller, Object[] arguments)
   at Microsoft.AspNetCore.Mvc.Infrastructure.ControllerActionInvoker.<InvokeActionMethodAsync>g__Awaited|12_0(ControllerActionInvoker invoker, ValueTask`1 actionResultValueTask)
   at Microsoft.AspNetCore.Mvc.Infrastructure.ControllerActionInvoker.<InvokeNextActionFilterAsync>g__Awaited|10_0(ControllerActionInvoker invoker, Task lastTask, State next, Scope scope, Object state, Boolean isCompleted)
   at Microsoft.AspNetCore.Mvc.Infrastructure.ControllerActionInvoker.Rethrow(ActionExecutedContextSealed context)
   at Microsoft.AspNetCore.Mvc.Infrastructure.ControllerActionInvoker.Next(State& next, Scope& scope, Object& state, Boolean& isCompleted)
   at Microsoft.AspNetCore.Mvc.Infrastructure.ControllerActionInvoker.<InvokeInnerFilterAsync>g__Awaited|13_0(ControllerActionInvoker invoker, Task lastTask, State next, Scope scope, Object state, Boolean isCompleted)
   at Microsoft.AspNetCore.Mvc.Infrastructure.ResourceInvoker.<InvokeFilterPipelineAsync>g__Awaited|20_0(ResourceInvoker invoker, Task lastTask, State next, Scope scope, Object state, Boolean isCompleted)
   at Microsoft.AspNetCore.Mvc.Infrastructure.ResourceInvoker.<InvokeAsync>g__Awaited|17_0(ResourceInvoker invoker, Task task, IDisposable scope)
   at Microsoft.AspNetCore.Mvc.Infrastructure.ResourceInvoker.<InvokeAsync>g__Awaited|17_0(ResourceInvoker invoker, Task task, IDisposable scope)
   at Microsoft.AspNetCore.Authorization.AuthorizationMiddleware.Invoke(HttpContext context)
   at Microsoft.AspNetCore.Authentication.AuthenticationMiddleware.Invoke(HttpContext context)
   at Swashbuckle.AspNetCore.SwaggerUI.SwaggerUIMiddleware.Invoke(HttpContext httpContext)
   at Swashbuckle.AspNetCore.Swagger.SwaggerMiddleware.Invoke(HttpContext httpContext, ISwaggerProvider swaggerProvider)
   at AssignmentManagement.Api.Middleware.ExceptionMiddleware.InvokeAsync(HttpContext context) in C:\Users\Tarek\Desktop\assignment\src\AssignmentManagement.Api\Middleware\ExceptionMiddleware.cs:line 23
2026-08-10 15:26:33.649 +06:00 [ERR] [AssignmentManagement.Api.Middleware.ExceptionMiddleware] Unhandled exception occurred while processing request GET /api/submissions/2037/preview
AssignmentManagement.Application.Common.NotFoundException: The specified submission file does not exist on disk.
   at AssignmentManagement.Infrastructure.Services.StorageService.GetFileAsync(String relativePath, Boolean isDownload, CancellationToken cancellationToken) in C:\Users\Tarek\Desktop\assignment\src\AssignmentManagement.Infrastructure\Services\StorageService.cs:line 139
   at AssignmentManagement.Application.Services.SubmissionService.GetSubmissionFileStreamAsync(Int32 submissionId, Boolean isPreview, CancellationToken cancellationToken) in C:\Users\Tarek\Desktop\assignment\src\AssignmentManagement.Application\Services\SubmissionService.cs:line 230
   at AssignmentManagement.Api.Controllers.SubmissionsController.Preview(Int32 id, CancellationToken cancellationToken) in C:\Users\Tarek\Desktop\assignment\src\AssignmentManagement.Api\Controllers\SubmissionsController.cs:line 88
   at Microsoft.AspNetCore.Mvc.Infrastructure.ActionMethodExecutor.TaskOfIActionResultExecutor.Execute(ActionContext actionContext, IActionResultTypeMapper mapper, ObjectMethodExecutor executor, Object controller, Object[] arguments)
   at Microsoft.AspNetCore.Mvc.Infrastructure.ControllerActionInvoker.<InvokeActionMethodAsync>g__Awaited|12_0(ControllerActionInvoker invoker, ValueTask`1 actionResultValueTask)
   at Microsoft.AspNetCore.Mvc.Infrastructure.ControllerActionInvoker.<InvokeNextActionFilterAsync>g__Awaited|10_0(ControllerActionInvoker invoker, Task lastTask, State next, Scope scope, Object state, Boolean isCompleted)
   at Microsoft.AspNetCore.Mvc.Infrastructure.ControllerActionInvoker.Rethrow(ActionExecutedContextSealed context)
   at Microsoft.AspNetCore.Mvc.Infrastructure.ControllerActionInvoker.Next(State& next, Scope& scope, Object& state, Boolean& isCompleted)
   at Microsoft.AspNetCore.Mvc.Infrastructure.ControllerActionInvoker.<InvokeInnerFilterAsync>g__Awaited|13_0(ControllerActionInvoker invoker, Task lastTask, State next, Scope scope, Object state, Boolean isCompleted)
   at Microsoft.AspNetCore.Mvc.Infrastructure.ResourceInvoker.<InvokeFilterPipelineAsync>g__Awaited|20_0(ResourceInvoker invoker, Task lastTask, State next, Scope scope, Object state, Boolean isCompleted)
   at Microsoft.AspNetCore.Mvc.Infrastructure.ResourceInvoker.<InvokeAsync>g__Awaited|17_0(ResourceInvoker invoker, Task task, IDisposable scope)
   at Microsoft.AspNetCore.Mvc.Infrastructure.ResourceInvoker.<InvokeAsync>g__Awaited|17_0(ResourceInvoker invoker, Task task, IDisposable scope)
   at Microsoft.AspNetCore.Authorization.AuthorizationMiddleware.Invoke(HttpContext context)
   at Microsoft.AspNetCore.Authentication.AuthenticationMiddleware.Invoke(HttpContext context)
   at Swashbuckle.AspNetCore.SwaggerUI.SwaggerUIMiddleware.Invoke(HttpContext httpContext)
   at Swashbuckle.AspNetCore.Swagger.SwaggerMiddleware.Invoke(HttpContext httpContext, ISwaggerProvider swaggerProvider)
   at AssignmentManagement.Api.Middleware.ExceptionMiddleware.InvokeAsync(HttpContext context) in C:\Users\Tarek\Desktop\assignment\src\AssignmentManagement.Api\Middleware\ExceptionMiddleware.cs:line 23
2026-08-10 15:27:14.961 +06:00 [ERR] [AssignmentManagement.Api.Middleware.ExceptionMiddleware] Unhandled exception occurred while processing request GET /api/submissions/2037/preview
AssignmentManagement.Application.Common.NotFoundException: The specified submission file does not exist on disk.
   at AssignmentManagement.Infrastructure.Services.StorageService.GetFileAsync(String relativePath, Boolean isDownload, CancellationToken cancellationToken) in C:\Users\Tarek\Desktop\assignment\src\AssignmentManagement.Infrastructure\Services\StorageService.cs:line 139
   at AssignmentManagement.Application.Services.SubmissionService.GetSubmissionFileStreamAsync(Int32 submissionId, Boolean isPreview, CancellationToken cancellationToken) in C:\Users\Tarek\Desktop\assignment\src\AssignmentManagement.Application\Services\SubmissionService.cs:line 230
   at AssignmentManagement.Api.Controllers.SubmissionsController.Preview(Int32 id, CancellationToken cancellationToken) in C:\Users\Tarek\Desktop\assignment\src\AssignmentManagement.Api\Controllers\SubmissionsController.cs:line 88
   at Microsoft.AspNetCore.Mvc.Infrastructure.ActionMethodExecutor.TaskOfIActionResultExecutor.Execute(ActionContext actionContext, IActionResultTypeMapper mapper, ObjectMethodExecutor executor, Object controller, Object[] arguments)
   at Microsoft.AspNetCore.Mvc.Infrastructure.ControllerActionInvoker.<InvokeActionMethodAsync>g__Awaited|12_0(ControllerActionInvoker invoker, ValueTask`1 actionResultValueTask)
   at Microsoft.AspNetCore.Mvc.Infrastructure.ControllerActionInvoker.<InvokeNextActionFilterAsync>g__Awaited|10_0(ControllerActionInvoker invoker, Task lastTask, State next, Scope scope, Object state, Boolean isCompleted)
   at Microsoft.AspNetCore.Mvc.Infrastructure.ControllerActionInvoker.Rethrow(ActionExecutedContextSealed context)
   at Microsoft.AspNetCore.Mvc.Infrastructure.ControllerActionInvoker.Next(State& next, Scope& scope, Object& state, Boolean& isCompleted)
   at Microsoft.AspNetCore.Mvc.Infrastructure.ControllerActionInvoker.<InvokeInnerFilterAsync>g__Awaited|13_0(ControllerActionInvoker invoker, Task lastTask, State next, Scope scope, Object state, Boolean isCompleted)
   at Microsoft.AspNetCore.Mvc.Infrastructure.ResourceInvoker.<InvokeFilterPipelineAsync>g__Awaited|20_0(ResourceInvoker invoker, Task lastTask, State next, Scope scope, Object state, Boolean isCompleted)
   at Microsoft.AspNetCore.Mvc.Infrastructure.ResourceInvoker.<InvokeAsync>g__Awaited|17_0(ResourceInvoker invoker, Task task, IDisposable scope)
   at Microsoft.AspNetCore.Mvc.Infrastructure.ResourceInvoker.<InvokeAsync>g__Awaited|17_0(ResourceInvoker invoker, Task task, IDisposable scope)
   at Microsoft.AspNetCore.Authorization.AuthorizationMiddleware.Invoke(HttpContext context)
   at Microsoft.AspNetCore.Authentication.AuthenticationMiddleware.Invoke(HttpContext context)
   at Swashbuckle.AspNetCore.SwaggerUI.SwaggerUIMiddleware.Invoke(HttpContext httpContext)
   at Swashbuckle.AspNetCore.Swagger.SwaggerMiddleware.Invoke(HttpContext httpContext, ISwaggerProvider swaggerProvider)
   at AssignmentManagement.Api.Middleware.ExceptionMiddleware.InvokeAsync(HttpContext context) in C:\Users\Tarek\Desktop\assignment\src\AssignmentManagement.Api\Middleware\ExceptionMiddleware.cs:line 23
2026-08-10 15:27:20.113 +06:00 [ERR] [AssignmentManagement.Api.Middleware.ExceptionMiddleware] Unhandled exception occurred while processing request GET /api/submissions/2037/preview
AssignmentManagement.Application.Common.NotFoundException: The specified submission file does not exist on disk.
   at AssignmentManagement.Infrastructure.Services.StorageService.GetFileAsync(String relativePath, Boolean isDownload, CancellationToken cancellationToken) in C:\Users\Tarek\Desktop\assignment\src\AssignmentManagement.Infrastructure\Services\StorageService.cs:line 139
   at AssignmentManagement.Application.Services.SubmissionService.GetSubmissionFileStreamAsync(Int32 submissionId, Boolean isPreview, CancellationToken cancellationToken) in C:\Users\Tarek\Desktop\assignment\src\AssignmentManagement.Application\Services\SubmissionService.cs:line 230
   at AssignmentManagement.Api.Controllers.SubmissionsController.Preview(Int32 id, CancellationToken cancellationToken) in C:\Users\Tarek\Desktop\assignment\src\AssignmentManagement.Api\Controllers\SubmissionsController.cs:line 88
   at Microsoft.AspNetCore.Mvc.Infrastructure.ActionMethodExecutor.TaskOfIActionResultExecutor.Execute(ActionContext actionContext, IActionResultTypeMapper mapper, ObjectMethodExecutor executor, Object controller, Object[] arguments)
   at Microsoft.AspNetCore.Mvc.Infrastructure.ControllerActionInvoker.<InvokeActionMethodAsync>g__Awaited|12_0(ControllerActionInvoker invoker, ValueTask`1 actionResultValueTask)
   at Microsoft.AspNetCore.Mvc.Infrastructure.ControllerActionInvoker.<InvokeNextActionFilterAsync>g__Awaited|10_0(ControllerActionInvoker invoker, Task lastTask, State next, Scope scope, Object state, Boolean isCompleted)
   at Microsoft.AspNetCore.Mvc.Infrastructure.ControllerActionInvoker.Rethrow(ActionExecutedContextSealed context)
   at Microsoft.AspNetCore.Mvc.Infrastructure.ControllerActionInvoker.Next(State& next, Scope& scope, Object& state, Boolean& isCompleted)
   at Microsoft.AspNetCore.Mvc.Infrastructure.ControllerActionInvoker.<InvokeInnerFilterAsync>g__Awaited|13_0(ControllerActionInvoker invoker, Task lastTask, State next, Scope scope, Object state, Boolean isCompleted)
   at Microsoft.AspNetCore.Mvc.Infrastructure.ResourceInvoker.<InvokeFilterPipelineAsync>g__Awaited|20_0(ResourceInvoker invoker, Task lastTask, State next, Scope scope, Object state, Boolean isCompleted)
   at Microsoft.AspNetCore.Mvc.Infrastructure.ResourceInvoker.<InvokeAsync>g__Awaited|17_0(ResourceInvoker invoker, Task task, IDisposable scope)
   at Microsoft.AspNetCore.Mvc.Infrastructure.ResourceInvoker.<InvokeAsync>g__Awaited|17_0(ResourceInvoker invoker, Task task, IDisposable scope)
   at Microsoft.AspNetCore.Authorization.AuthorizationMiddleware.Invoke(HttpContext context)
   at Microsoft.AspNetCore.Authentication.AuthenticationMiddleware.Invoke(HttpContext context)
   at Swashbuckle.AspNetCore.SwaggerUI.SwaggerUIMiddleware.Invoke(HttpContext httpContext)
   at Swashbuckle.AspNetCore.Swagger.SwaggerMiddleware.Invoke(HttpContext httpContext, ISwaggerProvider swaggerProvider)
   at AssignmentManagement.Api.Middleware.ExceptionMiddleware.InvokeAsync(HttpContext context) in C:\Users\Tarek\Desktop\assignment\src\AssignmentManagement.Api\Middleware\ExceptionMiddleware.cs:line 23
2026-08-10 15:28:43.082 +06:00 [ERR] [AssignmentManagement.Api.Middleware.ExceptionMiddleware] Unhandled exception occurred while processing request GET /api/submissions/2039/preview
AssignmentManagement.Application.Common.NotFoundException: The specified submission file does not exist on disk.
   at AssignmentManagement.Infrastructure.Services.StorageService.GetFileAsync(String relativePath, Boolean isDownload, CancellationToken cancellationToken) in C:\Users\Tarek\Desktop\assignment\src\AssignmentManagement.Infrastructure\Services\StorageService.cs:line 139
   at AssignmentManagement.Application.Services.SubmissionService.GetSubmissionFileStreamAsync(Int32 submissionId, Boolean isPreview, CancellationToken cancellationToken) in C:\Users\Tarek\Desktop\assignment\src\AssignmentManagement.Application\Services\SubmissionService.cs:line 230
   at AssignmentManagement.Api.Controllers.SubmissionsController.Preview(Int32 id, CancellationToken cancellationToken) in C:\Users\Tarek\Desktop\assignment\src\AssignmentManagement.Api\Controllers\SubmissionsController.cs:line 88
   at Microsoft.AspNetCore.Mvc.Infrastructure.ActionMethodExecutor.TaskOfIActionResultExecutor.Execute(ActionContext actionContext, IActionResultTypeMapper mapper, ObjectMethodExecutor executor, Object controller, Object[] arguments)
   at Microsoft.AspNetCore.Mvc.Infrastructure.ControllerActionInvoker.<InvokeActionMethodAsync>g__Awaited|12_0(ControllerActionInvoker invoker, ValueTask`1 actionResultValueTask)
   at Microsoft.AspNetCore.Mvc.Infrastructure.ControllerActionInvoker.<InvokeNextActionFilterAsync>g__Awaited|10_0(ControllerActionInvoker invoker, Task lastTask, State next, Scope scope, Object state, Boolean isCompleted)
   at Microsoft.AspNetCore.Mvc.Infrastructure.ControllerActionInvoker.Rethrow(ActionExecutedContextSealed context)
   at Microsoft.AspNetCore.Mvc.Infrastructure.ControllerActionInvoker.Next(State& next, Scope& scope, Object& state, Boolean& isCompleted)
   at Microsoft.AspNetCore.Mvc.Infrastructure.ControllerActionInvoker.<InvokeInnerFilterAsync>g__Awaited|13_0(ControllerActionInvoker invoker, Task lastTask, State next, Scope scope, Object state, Boolean isCompleted)
   at Microsoft.AspNetCore.Mvc.Infrastructure.ResourceInvoker.<InvokeFilterPipelineAsync>g__Awaited|20_0(ResourceInvoker invoker, Task lastTask, State next, Scope scope, Object state, Boolean isCompleted)
   at Microsoft.AspNetCore.Mvc.Infrastructure.ResourceInvoker.<InvokeAsync>g__Awaited|17_0(ResourceInvoker invoker, Task task, IDisposable scope)
   at Microsoft.AspNetCore.Mvc.Infrastructure.ResourceInvoker.<InvokeAsync>g__Awaited|17_0(ResourceInvoker invoker, Task task, IDisposable scope)
   at Microsoft.AspNetCore.Authorization.AuthorizationMiddleware.Invoke(HttpContext context)
   at Microsoft.AspNetCore.Authentication.AuthenticationMiddleware.Invoke(HttpContext context)
   at Swashbuckle.AspNetCore.SwaggerUI.SwaggerUIMiddleware.Invoke(HttpContext httpContext)
   at Swashbuckle.AspNetCore.Swagger.SwaggerMiddleware.Invoke(HttpContext httpContext, ISwaggerProvider swaggerProvider)
   at AssignmentManagement.Api.Middleware.ExceptionMiddleware.InvokeAsync(HttpContext context) in C:\Users\Tarek\Desktop\assignment\src\AssignmentManagement.Api\Middleware\ExceptionMiddleware.cs:line 23
2026-08-10 15:28:43.089 +06:00 [ERR] [AssignmentManagement.Api.Middleware.ExceptionMiddleware] Unhandled exception occurred while processing request GET /api/submissions/2039/preview
AssignmentManagement.Application.Common.NotFoundException: The specified submission file does not exist on disk.
   at AssignmentManagement.Infrastructure.Services.StorageService.GetFileAsync(String relativePath, Boolean isDownload, CancellationToken cancellationToken) in C:\Users\Tarek\Desktop\assignment\src\AssignmentManagement.Infrastructure\Services\StorageService.cs:line 139
   at AssignmentManagement.Application.Services.SubmissionService.GetSubmissionFileStreamAsync(Int32 submissionId, Boolean isPreview, CancellationToken cancellationToken) in C:\Users\Tarek\Desktop\assignment\src\AssignmentManagement.Application\Services\SubmissionService.cs:line 230
   at AssignmentManagement.Api.Controllers.SubmissionsController.Preview(Int32 id, CancellationToken cancellationToken) in C:\Users\Tarek\Desktop\assignment\src\AssignmentManagement.Api\Controllers\SubmissionsController.cs:line 88
   at Microsoft.AspNetCore.Mvc.Infrastructure.ActionMethodExecutor.TaskOfIActionResultExecutor.Execute(ActionContext actionContext, IActionResultTypeMapper mapper, ObjectMethodExecutor executor, Object controller, Object[] arguments)
   at Microsoft.AspNetCore.Mvc.Infrastructure.ControllerActionInvoker.<InvokeActionMethodAsync>g__Awaited|12_0(ControllerActionInvoker invoker, ValueTask`1 actionResultValueTask)
   at Microsoft.AspNetCore.Mvc.Infrastructure.ControllerActionInvoker.<InvokeNextActionFilterAsync>g__Awaited|10_0(ControllerActionInvoker invoker, Task lastTask, State next, Scope scope, Object state, Boolean isCompleted)
   at Microsoft.AspNetCore.Mvc.Infrastructure.ControllerActionInvoker.Rethrow(ActionExecutedContextSealed context)
   at Microsoft.AspNetCore.Mvc.Infrastructure.ControllerActionInvoker.Next(State& next, Scope& scope, Object& state, Boolean& isCompleted)
   at Microsoft.AspNetCore.Mvc.Infrastructure.ControllerActionInvoker.<InvokeInnerFilterAsync>g__Awaited|13_0(ControllerActionInvoker invoker, Task lastTask, State next, Scope scope, Object state, Boolean isCompleted)
   at Microsoft.AspNetCore.Mvc.Infrastructure.ResourceInvoker.<InvokeFilterPipelineAsync>g__Awaited|20_0(ResourceInvoker invoker, Task lastTask, State next, Scope scope, Object state, Boolean isCompleted)
   at Microsoft.AspNetCore.Mvc.Infrastructure.ResourceInvoker.<InvokeAsync>g__Awaited|17_0(ResourceInvoker invoker, Task task, IDisposable scope)
   at Microsoft.AspNetCore.Mvc.Infrastructure.ResourceInvoker.<InvokeAsync>g__Awaited|17_0(ResourceInvoker invoker, Task task, IDisposable scope)
   at Microsoft.AspNetCore.Authorization.AuthorizationMiddleware.Invoke(HttpContext context)
   at Microsoft.AspNetCore.Authentication.AuthenticationMiddleware.Invoke(HttpContext context)
   at Swashbuckle.AspNetCore.SwaggerUI.SwaggerUIMiddleware.Invoke(HttpContext httpContext)
   at Swashbuckle.AspNetCore.Swagger.SwaggerMiddleware.Invoke(HttpContext httpContext, ISwaggerProvider swaggerProvider)
   at AssignmentManagement.Api.Middleware.ExceptionMiddleware.InvokeAsync(HttpContext context) in C:\Users\Tarek\Desktop\assignment\src\AssignmentManagement.Api\Middleware\ExceptionMiddleware.cs:line 23
2026-08-10 15:30:00.790 +06:00 [ERR] [AssignmentManagement.Api.Middleware.ExceptionMiddleware] Unhandled exception occurred while processing request GET /api/submissions/2039/preview
AssignmentManagement.Application.Common.NotFoundException: The specified submission file does not exist on disk.
   at AssignmentManagement.Infrastructure.Services.StorageService.GetFileAsync(String relativePath, Boolean isDownload, CancellationToken cancellationToken) in C:\Users\Tarek\Desktop\assignment\src\AssignmentManagement.Infrastructure\Services\StorageService.cs:line 139
   at AssignmentManagement.Application.Services.SubmissionService.GetSubmissionFileStreamAsync(Int32 submissionId, Boolean isPreview, CancellationToken cancellationToken) in C:\Users\Tarek\Desktop\assignment\src\AssignmentManagement.Application\Services\SubmissionService.cs:line 230
   at AssignmentManagement.Api.Controllers.SubmissionsController.Preview(Int32 id, CancellationToken cancellationToken) in C:\Users\Tarek\Desktop\assignment\src\AssignmentManagement.Api\Controllers\SubmissionsController.cs:line 88
   at Microsoft.AspNetCore.Mvc.Infrastructure.ActionMethodExecutor.TaskOfIActionResultExecutor.Execute(ActionContext actionContext, IActionResultTypeMapper mapper, ObjectMethodExecutor executor, Object controller, Object[] arguments)
   at Microsoft.AspNetCore.Mvc.Infrastructure.ControllerActionInvoker.<InvokeActionMethodAsync>g__Awaited|12_0(ControllerActionInvoker invoker, ValueTask`1 actionResultValueTask)
   at Microsoft.AspNetCore.Mvc.Infrastructure.ControllerActionInvoker.<InvokeNextActionFilterAsync>g__Awaited|10_0(ControllerActionInvoker invoker, Task lastTask, State next, Scope scope, Object state, Boolean isCompleted)
   at Microsoft.AspNetCore.Mvc.Infrastructure.ControllerActionInvoker.Rethrow(ActionExecutedContextSealed context)
   at Microsoft.AspNetCore.Mvc.Infrastructure.ControllerActionInvoker.Next(State& next, Scope& scope, Object& state, Boolean& isCompleted)
   at Microsoft.AspNetCore.Mvc.Infrastructure.ControllerActionInvoker.<InvokeInnerFilterAsync>g__Awaited|13_0(ControllerActionInvoker invoker, Task lastTask, State next, Scope scope, Object state, Boolean isCompleted)
   at Microsoft.AspNetCore.Mvc.Infrastructure.ResourceInvoker.<InvokeFilterPipelineAsync>g__Awaited|20_0(ResourceInvoker invoker, Task lastTask, State next, Scope scope, Object state, Boolean isCompleted)
   at Microsoft.AspNetCore.Mvc.Infrastructure.ResourceInvoker.<InvokeAsync>g__Awaited|17_0(ResourceInvoker invoker, Task task, IDisposable scope)
   at Microsoft.AspNetCore.Mvc.Infrastructure.ResourceInvoker.<InvokeAsync>g__Awaited|17_0(ResourceInvoker invoker, Task task, IDisposable scope)
   at Microsoft.AspNetCore.Authorization.AuthorizationMiddleware.Invoke(HttpContext context)
   at Microsoft.AspNetCore.Authentication.AuthenticationMiddleware.Invoke(HttpContext context)
   at Swashbuckle.AspNetCore.SwaggerUI.SwaggerUIMiddleware.Invoke(HttpContext httpContext)
   at Swashbuckle.AspNetCore.Swagger.SwaggerMiddleware.Invoke(HttpContext httpContext, ISwaggerProvider swaggerProvider)
   at AssignmentManagement.Api.Middleware.ExceptionMiddleware.InvokeAsync(HttpContext context) in C:\Users\Tarek\Desktop\assignment\src\AssignmentManagement.Api\Middleware\ExceptionMiddleware.cs:line 23
2026-08-10 15:30:07.393 +06:00 [ERR] [AssignmentManagement.Api.Middleware.ExceptionMiddleware] Unhandled exception occurred while processing request GET /api/submissions/2037/preview
AssignmentManagement.Application.Common.NotFoundException: The specified submission file does not exist on disk.
   at AssignmentManagement.Infrastructure.Services.StorageService.GetFileAsync(String relativePath, Boolean isDownload, CancellationToken cancellationToken) in C:\Users\Tarek\Desktop\assignment\src\AssignmentManagement.Infrastructure\Services\StorageService.cs:line 139
   at AssignmentManagement.Application.Services.SubmissionService.GetSubmissionFileStreamAsync(Int32 submissionId, Boolean isPreview, CancellationToken cancellationToken) in C:\Users\Tarek\Desktop\assignment\src\AssignmentManagement.Application\Services\SubmissionService.cs:line 230
   at AssignmentManagement.Api.Controllers.SubmissionsController.Preview(Int32 id, CancellationToken cancellationToken) in C:\Users\Tarek\Desktop\assignment\src\AssignmentManagement.Api\Controllers\SubmissionsController.cs:line 88
   at Microsoft.AspNetCore.Mvc.Infrastructure.ActionMethodExecutor.TaskOfIActionResultExecutor.Execute(ActionContext actionContext, IActionResultTypeMapper mapper, ObjectMethodExecutor executor, Object controller, Object[] arguments)
   at Microsoft.AspNetCore.Mvc.Infrastructure.ControllerActionInvoker.<InvokeActionMethodAsync>g__Awaited|12_0(ControllerActionInvoker invoker, ValueTask`1 actionResultValueTask)
   at Microsoft.AspNetCore.Mvc.Infrastructure.ControllerActionInvoker.<InvokeNextActionFilterAsync>g__Awaited|10_0(ControllerActionInvoker invoker, Task lastTask, State next, Scope scope, Object state, Boolean isCompleted)
   at Microsoft.AspNetCore.Mvc.Infrastructure.ControllerActionInvoker.Rethrow(ActionExecutedContextSealed context)
   at Microsoft.AspNetCore.Mvc.Infrastructure.ControllerActionInvoker.Next(State& next, Scope& scope, Object& state, Boolean& isCompleted)
   at Microsoft.AspNetCore.Mvc.Infrastructure.ControllerActionInvoker.<InvokeInnerFilterAsync>g__Awaited|13_0(ControllerActionInvoker invoker, Task lastTask, State next, Scope scope, Object state, Boolean isCompleted)
   at Microsoft.AspNetCore.Mvc.Infrastructure.ResourceInvoker.<InvokeFilterPipelineAsync>g__Awaited|20_0(ResourceInvoker invoker, Task lastTask, State next, Scope scope, Object state, Boolean isCompleted)
   at Microsoft.AspNetCore.Mvc.Infrastructure.ResourceInvoker.<InvokeAsync>g__Awaited|17_0(ResourceInvoker invoker, Task task, IDisposable scope)
   at Microsoft.AspNetCore.Mvc.Infrastructure.ResourceInvoker.<InvokeAsync>g__Awaited|17_0(ResourceInvoker invoker, Task task, IDisposable scope)
   at Microsoft.AspNetCore.Authorization.AuthorizationMiddleware.Invoke(HttpContext context)
   at Microsoft.AspNetCore.Authentication.AuthenticationMiddleware.Invoke(HttpContext context)
   at Swashbuckle.AspNetCore.SwaggerUI.SwaggerUIMiddleware.Invoke(HttpContext httpContext)
   at Swashbuckle.AspNetCore.Swagger.SwaggerMiddleware.Invoke(HttpContext httpContext, ISwaggerProvider swaggerProvider)
   at AssignmentManagement.Api.Middleware.ExceptionMiddleware.InvokeAsync(HttpContext context) in C:\Users\Tarek\Desktop\assignment\src\AssignmentManagement.Api\Middleware\ExceptionMiddleware.cs:line 23
2026-08-10 15:30:07.398 +06:00 [ERR] [AssignmentManagement.Api.Middleware.ExceptionMiddleware] Unhandled exception occurred while processing request GET /api/submissions/2037/preview
AssignmentManagement.Application.Common.NotFoundException: The specified submission file does not exist on disk.
   at AssignmentManagement.Infrastructure.Services.StorageService.GetFileAsync(String relativePath, Boolean isDownload, CancellationToken cancellationToken) in C:\Users\Tarek\Desktop\assignment\src\AssignmentManagement.Infrastructure\Services\StorageService.cs:line 139
   at AssignmentManagement.Application.Services.SubmissionService.GetSubmissionFileStreamAsync(Int32 submissionId, Boolean isPreview, CancellationToken cancellationToken) in C:\Users\Tarek\Desktop\assignment\src\AssignmentManagement.Application\Services\SubmissionService.cs:line 230
   at AssignmentManagement.Api.Controllers.SubmissionsController.Preview(Int32 id, CancellationToken cancellationToken) in C:\Users\Tarek\Desktop\assignment\src\AssignmentManagement.Api\Controllers\SubmissionsController.cs:line 88
   at Microsoft.AspNetCore.Mvc.Infrastructure.ActionMethodExecutor.TaskOfIActionResultExecutor.Execute(ActionContext actionContext, IActionResultTypeMapper mapper, ObjectMethodExecutor executor, Object controller, Object[] arguments)
   at Microsoft.AspNetCore.Mvc.Infrastructure.ControllerActionInvoker.<InvokeActionMethodAsync>g__Awaited|12_0(ControllerActionInvoker invoker, ValueTask`1 actionResultValueTask)
   at Microsoft.AspNetCore.Mvc.Infrastructure.ControllerActionInvoker.<InvokeNextActionFilterAsync>g__Awaited|10_0(ControllerActionInvoker invoker, Task lastTask, State next, Scope scope, Object state, Boolean isCompleted)
   at Microsoft.AspNetCore.Mvc.Infrastructure.ControllerActionInvoker.Rethrow(ActionExecutedContextSealed context)
   at Microsoft.AspNetCore.Mvc.Infrastructure.ControllerActionInvoker.Next(State& next, Scope& scope, Object& state, Boolean& isCompleted)
   at Microsoft.AspNetCore.Mvc.Infrastructure.ControllerActionInvoker.<InvokeInnerFilterAsync>g__Awaited|13_0(ControllerActionInvoker invoker, Task lastTask, State next, Scope scope, Object state, Boolean isCompleted)
   at Microsoft.AspNetCore.Mvc.Infrastructure.ResourceInvoker.<InvokeFilterPipelineAsync>g__Awaited|20_0(ResourceInvoker invoker, Task lastTask, State next, Scope scope, Object state, Boolean isCompleted)
   at Microsoft.AspNetCore.Mvc.Infrastructure.ResourceInvoker.<InvokeAsync>g__Awaited|17_0(ResourceInvoker invoker, Task task, IDisposable scope)
   at Microsoft.AspNetCore.Mvc.Infrastructure.ResourceInvoker.<InvokeAsync>g__Awaited|17_0(ResourceInvoker invoker, Task task, IDisposable scope)
   at Microsoft.AspNetCore.Authorization.AuthorizationMiddleware.Invoke(HttpContext context)
   at Microsoft.AspNetCore.Authentication.AuthenticationMiddleware.Invoke(HttpContext context)
   at Swashbuckle.AspNetCore.SwaggerUI.SwaggerUIMiddleware.Invoke(HttpContext httpContext)
   at Swashbuckle.AspNetCore.Swagger.SwaggerMiddleware.Invoke(HttpContext httpContext, ISwaggerProvider swaggerProvider)
   at AssignmentManagement.Api.Middleware.ExceptionMiddleware.InvokeAsync(HttpContext context) in C:\Users\Tarek\Desktop\assignment\src\AssignmentManagement.Api\Middleware\ExceptionMiddleware.cs:line 23
2026-08-10 15:30:14.346 +06:00 [ERR] [AssignmentManagement.Api.Middleware.ExceptionMiddleware] Unhandled exception occurred while processing request GET /api/submissions/2037/preview
AssignmentManagement.Application.Common.NotFoundException: The specified submission file does not exist on disk.
   at AssignmentManagement.Infrastructure.Services.StorageService.GetFileAsync(String relativePath, Boolean isDownload, CancellationToken cancellationToken) in C:\Users\Tarek\Desktop\assignment\src\AssignmentManagement.Infrastructure\Services\StorageService.cs:line 139
   at AssignmentManagement.Application.Services.SubmissionService.GetSubmissionFileStreamAsync(Int32 submissionId, Boolean isPreview, CancellationToken cancellationToken) in C:\Users\Tarek\Desktop\assignment\src\AssignmentManagement.Application\Services\SubmissionService.cs:line 230
   at AssignmentManagement.Api.Controllers.SubmissionsController.Preview(Int32 id, CancellationToken cancellationToken) in C:\Users\Tarek\Desktop\assignment\src\AssignmentManagement.Api\Controllers\SubmissionsController.cs:line 88
   at Microsoft.AspNetCore.Mvc.Infrastructure.ActionMethodExecutor.TaskOfIActionResultExecutor.Execute(ActionContext actionContext, IActionResultTypeMapper mapper, ObjectMethodExecutor executor, Object controller, Object[] arguments)
   at Microsoft.AspNetCore.Mvc.Infrastructure.ControllerActionInvoker.<InvokeActionMethodAsync>g__Awaited|12_0(ControllerActionInvoker invoker, ValueTask`1 actionResultValueTask)
   at Microsoft.AspNetCore.Mvc.Infrastructure.ControllerActionInvoker.<InvokeNextActionFilterAsync>g__Awaited|10_0(ControllerActionInvoker invoker, Task lastTask, State next, Scope scope, Object state, Boolean isCompleted)
   at Microsoft.AspNetCore.Mvc.Infrastructure.ControllerActionInvoker.Rethrow(ActionExecutedContextSealed context)
   at Microsoft.AspNetCore.Mvc.Infrastructure.ControllerActionInvoker.Next(State& next, Scope& scope, Object& state, Boolean& isCompleted)
   at Microsoft.AspNetCore.Mvc.Infrastructure.ControllerActionInvoker.<InvokeInnerFilterAsync>g__Awaited|13_0(ControllerActionInvoker invoker, Task lastTask, State next, Scope scope, Object state, Boolean isCompleted)
   at Microsoft.AspNetCore.Mvc.Infrastructure.ResourceInvoker.<InvokeFilterPipelineAsync>g__Awaited|20_0(ResourceInvoker invoker, Task lastTask, State next, Scope scope, Object state, Boolean isCompleted)
   at Microsoft.AspNetCore.Mvc.Infrastructure.ResourceInvoker.<InvokeAsync>g__Awaited|17_0(ResourceInvoker invoker, Task task, IDisposable scope)
   at Microsoft.AspNetCore.Mvc.Infrastructure.ResourceInvoker.<InvokeAsync>g__Awaited|17_0(ResourceInvoker invoker, Task task, IDisposable scope)
   at Microsoft.AspNetCore.Authorization.AuthorizationMiddleware.Invoke(HttpContext context)
   at Microsoft.AspNetCore.Authentication.AuthenticationMiddleware.Invoke(HttpContext context)
   at Swashbuckle.AspNetCore.SwaggerUI.SwaggerUIMiddleware.Invoke(HttpContext httpContext)
   at Swashbuckle.AspNetCore.Swagger.SwaggerMiddleware.Invoke(HttpContext httpContext, ISwaggerProvider swaggerProvider)
   at AssignmentManagement.Api.Middleware.ExceptionMiddleware.InvokeAsync(HttpContext context) in C:\Users\Tarek\Desktop\assignment\src\AssignmentManagement.Api\Middleware\ExceptionMiddleware.cs:line 23
2026-08-10 15:31:07.618 +06:00 [ERR] [AssignmentManagement.Api.Middleware.ExceptionMiddleware] Unhandled exception occurred while processing request GET /api/submissions/2037/preview
AssignmentManagement.Application.Common.NotFoundException: The specified submission file does not exist on disk.
   at AssignmentManagement.Infrastructure.Services.StorageService.GetFileAsync(String relativePath, Boolean isDownload, CancellationToken cancellationToken) in C:\Users\Tarek\Desktop\assignment\src\AssignmentManagement.Infrastructure\Services\StorageService.cs:line 139
   at AssignmentManagement.Application.Services.SubmissionService.GetSubmissionFileStreamAsync(Int32 submissionId, Boolean isPreview, CancellationToken cancellationToken) in C:\Users\Tarek\Desktop\assignment\src\AssignmentManagement.Application\Services\SubmissionService.cs:line 230
   at AssignmentManagement.Api.Controllers.SubmissionsController.Preview(Int32 id, CancellationToken cancellationToken) in C:\Users\Tarek\Desktop\assignment\src\AssignmentManagement.Api\Controllers\SubmissionsController.cs:line 88
   at Microsoft.AspNetCore.Mvc.Infrastructure.ActionMethodExecutor.TaskOfIActionResultExecutor.Execute(ActionContext actionContext, IActionResultTypeMapper mapper, ObjectMethodExecutor executor, Object controller, Object[] arguments)
   at Microsoft.AspNetCore.Mvc.Infrastructure.ControllerActionInvoker.<InvokeActionMethodAsync>g__Awaited|12_0(ControllerActionInvoker invoker, ValueTask`1 actionResultValueTask)
   at Microsoft.AspNetCore.Mvc.Infrastructure.ControllerActionInvoker.<InvokeNextActionFilterAsync>g__Awaited|10_0(ControllerActionInvoker invoker, Task lastTask, State next, Scope scope, Object state, Boolean isCompleted)
   at Microsoft.AspNetCore.Mvc.Infrastructure.ControllerActionInvoker.Rethrow(ActionExecutedContextSealed context)
   at Microsoft.AspNetCore.Mvc.Infrastructure.ControllerActionInvoker.Next(State& next, Scope& scope, Object& state, Boolean& isCompleted)
   at Microsoft.AspNetCore.Mvc.Infrastructure.ControllerActionInvoker.<InvokeInnerFilterAsync>g__Awaited|13_0(ControllerActionInvoker invoker, Task lastTask, State next, Scope scope, Object state, Boolean isCompleted)
   at Microsoft.AspNetCore.Mvc.Infrastructure.ResourceInvoker.<InvokeFilterPipelineAsync>g__Awaited|20_0(ResourceInvoker invoker, Task lastTask, State next, Scope scope, Object state, Boolean isCompleted)
   at Microsoft.AspNetCore.Mvc.Infrastructure.ResourceInvoker.<InvokeAsync>g__Awaited|17_0(ResourceInvoker invoker, Task task, IDisposable scope)
   at Microsoft.AspNetCore.Mvc.Infrastructure.ResourceInvoker.<InvokeAsync>g__Awaited|17_0(ResourceInvoker invoker, Task task, IDisposable scope)
   at Microsoft.AspNetCore.Authorization.AuthorizationMiddleware.Invoke(HttpContext context)
   at Microsoft.AspNetCore.Authentication.AuthenticationMiddleware.Invoke(HttpContext context)
   at Swashbuckle.AspNetCore.SwaggerUI.SwaggerUIMiddleware.Invoke(HttpContext httpContext)
   at Swashbuckle.AspNetCore.Swagger.SwaggerMiddleware.Invoke(HttpContext httpContext, ISwaggerProvider swaggerProvider)
   at AssignmentManagement.Api.Middleware.ExceptionMiddleware.InvokeAsync(HttpContext context) in C:\Users\Tarek\Desktop\assignment\src\AssignmentManagement.Api\Middleware\ExceptionMiddleware.cs:line 23
2026-08-10 15:31:13.178 +06:00 [ERR] [AssignmentManagement.Api.Middleware.ExceptionMiddleware] Unhandled exception occurred while processing request GET /api/submissions/2037/preview
AssignmentManagement.Application.Common.NotFoundException: The specified submission file does not exist on disk.
   at AssignmentManagement.Infrastructure.Services.StorageService.GetFileAsync(String relativePath, Boolean isDownload, CancellationToken cancellationToken) in C:\Users\Tarek\Desktop\assignment\src\AssignmentManagement.Infrastructure\Services\StorageService.cs:line 139
   at AssignmentManagement.Application.Services.SubmissionService.GetSubmissionFileStreamAsync(Int32 submissionId, Boolean isPreview, CancellationToken cancellationToken) in C:\Users\Tarek\Desktop\assignment\src\AssignmentManagement.Application\Services\SubmissionService.cs:line 230
   at AssignmentManagement.Api.Controllers.SubmissionsController.Preview(Int32 id, CancellationToken cancellationToken) in C:\Users\Tarek\Desktop\assignment\src\AssignmentManagement.Api\Controllers\SubmissionsController.cs:line 88
   at Microsoft.AspNetCore.Mvc.Infrastructure.ActionMethodExecutor.TaskOfIActionResultExecutor.Execute(ActionContext actionContext, IActionResultTypeMapper mapper, ObjectMethodExecutor executor, Object controller, Object[] arguments)
   at Microsoft.AspNetCore.Mvc.Infrastructure.ControllerActionInvoker.<InvokeActionMethodAsync>g__Awaited|12_0(ControllerActionInvoker invoker, ValueTask`1 actionResultValueTask)
   at Microsoft.AspNetCore.Mvc.Infrastructure.ControllerActionInvoker.<InvokeNextActionFilterAsync>g__Awaited|10_0(ControllerActionInvoker invoker, Task lastTask, State next, Scope scope, Object state, Boolean isCompleted)
   at Microsoft.AspNetCore.Mvc.Infrastructure.ControllerActionInvoker.Rethrow(ActionExecutedContextSealed context)
   at Microsoft.AspNetCore.Mvc.Infrastructure.ControllerActionInvoker.Next(State& next, Scope& scope, Object& state, Boolean& isCompleted)
   at Microsoft.AspNetCore.Mvc.Infrastructure.ControllerActionInvoker.<InvokeInnerFilterAsync>g__Awaited|13_0(ControllerActionInvoker invoker, Task lastTask, State next, Scope scope, Object state, Boolean isCompleted)
   at Microsoft.AspNetCore.Mvc.Infrastructure.ResourceInvoker.<InvokeFilterPipelineAsync>g__Awaited|20_0(ResourceInvoker invoker, Task lastTask, State next, Scope scope, Object state, Boolean isCompleted)
   at Microsoft.AspNetCore.Mvc.Infrastructure.ResourceInvoker.<InvokeAsync>g__Awaited|17_0(ResourceInvoker invoker, Task task, IDisposable scope)
   at Microsoft.AspNetCore.Mvc.Infrastructure.ResourceInvoker.<InvokeAsync>g__Awaited|17_0(ResourceInvoker invoker, Task task, IDisposable scope)
   at Microsoft.AspNetCore.Authorization.AuthorizationMiddleware.Invoke(HttpContext context)
   at Microsoft.AspNetCore.Authentication.AuthenticationMiddleware.Invoke(HttpContext context)
   at Swashbuckle.AspNetCore.SwaggerUI.SwaggerUIMiddleware.Invoke(HttpContext httpContext)
   at Swashbuckle.AspNetCore.Swagger.SwaggerMiddleware.Invoke(HttpContext httpContext, ISwaggerProvider swaggerProvider)
   at AssignmentManagement.Api.Middleware.ExceptionMiddleware.InvokeAsync(HttpContext context) in C:\Users\Tarek\Desktop\assignment\src\AssignmentManagement.Api\Middleware\ExceptionMiddleware.cs:line 23
2026-08-10 15:32:42.661 +06:00 [INF] [AssignmentManagement.Application.Services.SubmissionService] Submission 2037 graded with 90/100 marks by User 6
2026-08-10 15:32:42.687 +06:00 [ERR] [AssignmentManagement.Api.Middleware.ExceptionMiddleware] Unhandled exception occurred while processing request GET /api/submissions/2037/preview
AssignmentManagement.Application.Common.NotFoundException: The specified submission file does not exist on disk.
   at AssignmentManagement.Infrastructure.Services.StorageService.GetFileAsync(String relativePath, Boolean isDownload, CancellationToken cancellationToken) in C:\Users\Tarek\Desktop\assignment\src\AssignmentManagement.Infrastructure\Services\StorageService.cs:line 139
   at AssignmentManagement.Application.Services.SubmissionService.GetSubmissionFileStreamAsync(Int32 submissionId, Boolean isPreview, CancellationToken cancellationToken) in C:\Users\Tarek\Desktop\assignment\src\AssignmentManagement.Application\Services\SubmissionService.cs:line 230
   at AssignmentManagement.Api.Controllers.SubmissionsController.Preview(Int32 id, CancellationToken cancellationToken) in C:\Users\Tarek\Desktop\assignment\src\AssignmentManagement.Api\Controllers\SubmissionsController.cs:line 88
   at Microsoft.AspNetCore.Mvc.Infrastructure.ActionMethodExecutor.TaskOfIActionResultExecutor.Execute(ActionContext actionContext, IActionResultTypeMapper mapper, ObjectMethodExecutor executor, Object controller, Object[] arguments)
   at Microsoft.AspNetCore.Mvc.Infrastructure.ControllerActionInvoker.<InvokeActionMethodAsync>g__Awaited|12_0(ControllerActionInvoker invoker, ValueTask`1 actionResultValueTask)
   at Microsoft.AspNetCore.Mvc.Infrastructure.ControllerActionInvoker.<InvokeNextActionFilterAsync>g__Awaited|10_0(ControllerActionInvoker invoker, Task lastTask, State next, Scope scope, Object state, Boolean isCompleted)
   at Microsoft.AspNetCore.Mvc.Infrastructure.ControllerActionInvoker.Rethrow(ActionExecutedContextSealed context)
   at Microsoft.AspNetCore.Mvc.Infrastructure.ControllerActionInvoker.Next(State& next, Scope& scope, Object& state, Boolean& isCompleted)
   at Microsoft.AspNetCore.Mvc.Infrastructure.ControllerActionInvoker.<InvokeInnerFilterAsync>g__Awaited|13_0(ControllerActionInvoker invoker, Task lastTask, State next, Scope scope, Object state, Boolean isCompleted)
   at Microsoft.AspNetCore.Mvc.Infrastructure.ResourceInvoker.<InvokeFilterPipelineAsync>g__Awaited|20_0(ResourceInvoker invoker, Task lastTask, State next, Scope scope, Object state, Boolean isCompleted)
   at Microsoft.AspNetCore.Mvc.Infrastructure.ResourceInvoker.<InvokeAsync>g__Awaited|17_0(ResourceInvoker invoker, Task task, IDisposable scope)
   at Microsoft.AspNetCore.Mvc.Infrastructure.ResourceInvoker.<InvokeAsync>g__Awaited|17_0(ResourceInvoker invoker, Task task, IDisposable scope)
   at Microsoft.AspNetCore.Authorization.AuthorizationMiddleware.Invoke(HttpContext context)
   at Microsoft.AspNetCore.Authentication.AuthenticationMiddleware.Invoke(HttpContext context)
   at Swashbuckle.AspNetCore.SwaggerUI.SwaggerUIMiddleware.Invoke(HttpContext httpContext)
   at Swashbuckle.AspNetCore.Swagger.SwaggerMiddleware.Invoke(HttpContext httpContext, ISwaggerProvider swaggerProvider)
   at AssignmentManagement.Api.Middleware.ExceptionMiddleware.InvokeAsync(HttpContext context) in C:\Users\Tarek\Desktop\assignment\src\AssignmentManagement.Api\Middleware\ExceptionMiddleware.cs:line 23
2026-08-10 15:32:42.696 +06:00 [ERR] [AssignmentManagement.Api.Middleware.ExceptionMiddleware] Unhandled exception occurred while processing request GET /api/submissions/2037/preview
AssignmentManagement.Application.Common.NotFoundException: The specified submission file does not exist on disk.
   at AssignmentManagement.Infrastructure.Services.StorageService.GetFileAsync(String relativePath, Boolean isDownload, CancellationToken cancellationToken) in C:\Users\Tarek\Desktop\assignment\src\AssignmentManagement.Infrastructure\Services\StorageService.cs:line 139
   at AssignmentManagement.Application.Services.SubmissionService.GetSubmissionFileStreamAsync(Int32 submissionId, Boolean isPreview, CancellationToken cancellationToken) in C:\Users\Tarek\Desktop\assignment\src\AssignmentManagement.Application\Services\SubmissionService.cs:line 230
   at AssignmentManagement.Api.Controllers.SubmissionsController.Preview(Int32 id, CancellationToken cancellationToken) in C:\Users\Tarek\Desktop\assignment\src\AssignmentManagement.Api\Controllers\SubmissionsController.cs:line 88
   at Microsoft.AspNetCore.Mvc.Infrastructure.ActionMethodExecutor.TaskOfIActionResultExecutor.Execute(ActionContext actionContext, IActionResultTypeMapper mapper, ObjectMethodExecutor executor, Object controller, Object[] arguments)
   at Microsoft.AspNetCore.Mvc.Infrastructure.ControllerActionInvoker.<InvokeActionMethodAsync>g__Awaited|12_0(ControllerActionInvoker invoker, ValueTask`1 actionResultValueTask)
   at Microsoft.AspNetCore.Mvc.Infrastructure.ControllerActionInvoker.<InvokeNextActionFilterAsync>g__Awaited|10_0(ControllerActionInvoker invoker, Task lastTask, State next, Scope scope, Object state, Boolean isCompleted)
   at Microsoft.AspNetCore.Mvc.Infrastructure.ControllerActionInvoker.Rethrow(ActionExecutedContextSealed context)
   at Microsoft.AspNetCore.Mvc.Infrastructure.ControllerActionInvoker.Next(State& next, Scope& scope, Object& state, Boolean& isCompleted)
   at Microsoft.AspNetCore.Mvc.Infrastructure.ControllerActionInvoker.<InvokeInnerFilterAsync>g__Awaited|13_0(ControllerActionInvoker invoker, Task lastTask, State next, Scope scope, Object state, Boolean isCompleted)
   at Microsoft.AspNetCore.Mvc.Infrastructure.ResourceInvoker.<InvokeFilterPipelineAsync>g__Awaited|20_0(ResourceInvoker invoker, Task lastTask, State next, Scope scope, Object state, Boolean isCompleted)
   at Microsoft.AspNetCore.Mvc.Infrastructure.ResourceInvoker.<InvokeAsync>g__Awaited|17_0(ResourceInvoker invoker, Task task, IDisposable scope)
   at Microsoft.AspNetCore.Mvc.Infrastructure.ResourceInvoker.<InvokeAsync>g__Awaited|17_0(ResourceInvoker invoker, Task task, IDisposable scope)
   at Microsoft.AspNetCore.Authorization.AuthorizationMiddleware.Invoke(HttpContext context)
   at Microsoft.AspNetCore.Authentication.AuthenticationMiddleware.Invoke(HttpContext context)
   at Swashbuckle.AspNetCore.SwaggerUI.SwaggerUIMiddleware.Invoke(HttpContext httpContext)
   at Swashbuckle.AspNetCore.Swagger.SwaggerMiddleware.Invoke(HttpContext httpContext, ISwaggerProvider swaggerProvider)
   at AssignmentManagement.Api.Middleware.ExceptionMiddleware.InvokeAsync(HttpContext context) in C:\Users\Tarek\Desktop\assignment\src\AssignmentManagement.Api\Middleware\ExceptionMiddleware.cs:line 23
2026-08-10 15:33:09.816 +06:00 [ERR] [AssignmentManagement.Api.Middleware.ExceptionMiddleware] Unhandled exception occurred while processing request GET /api/submissions/2037/preview
AssignmentManagement.Application.Common.NotFoundException: The specified submission file does not exist on disk.
   at AssignmentManagement.Infrastructure.Services.StorageService.GetFileAsync(String relativePath, Boolean isDownload, CancellationToken cancellationToken) in C:\Users\Tarek\Desktop\assignment\src\AssignmentManagement.Infrastructure\Services\StorageService.cs:line 139
   at AssignmentManagement.Application.Services.SubmissionService.GetSubmissionFileStreamAsync(Int32 submissionId, Boolean isPreview, CancellationToken cancellationToken) in C:\Users\Tarek\Desktop\assignment\src\AssignmentManagement.Application\Services\SubmissionService.cs:line 230
   at AssignmentManagement.Api.Controllers.SubmissionsController.Preview(Int32 id, CancellationToken cancellationToken) in C:\Users\Tarek\Desktop\assignment\src\AssignmentManagement.Api\Controllers\SubmissionsController.cs:line 88
   at Microsoft.AspNetCore.Mvc.Infrastructure.ActionMethodExecutor.TaskOfIActionResultExecutor.Execute(ActionContext actionContext, IActionResultTypeMapper mapper, ObjectMethodExecutor executor, Object controller, Object[] arguments)
   at Microsoft.AspNetCore.Mvc.Infrastructure.ControllerActionInvoker.<InvokeActionMethodAsync>g__Awaited|12_0(ControllerActionInvoker invoker, ValueTask`1 actionResultValueTask)
   at Microsoft.AspNetCore.Mvc.Infrastructure.ControllerActionInvoker.<InvokeNextActionFilterAsync>g__Awaited|10_0(ControllerActionInvoker invoker, Task lastTask, State next, Scope scope, Object state, Boolean isCompleted)
   at Microsoft.AspNetCore.Mvc.Infrastructure.ControllerActionInvoker.Rethrow(ActionExecutedContextSealed context)
   at Microsoft.AspNetCore.Mvc.Infrastructure.ControllerActionInvoker.Next(State& next, Scope& scope, Object& state, Boolean& isCompleted)
   at Microsoft.AspNetCore.Mvc.Infrastructure.ControllerActionInvoker.<InvokeInnerFilterAsync>g__Awaited|13_0(ControllerActionInvoker invoker, Task lastTask, State next, Scope scope, Object state, Boolean isCompleted)
   at Microsoft.AspNetCore.Mvc.Infrastructure.ResourceInvoker.<InvokeFilterPipelineAsync>g__Awaited|20_0(ResourceInvoker invoker, Task lastTask, State next, Scope scope, Object state, Boolean isCompleted)
   at Microsoft.AspNetCore.Mvc.Infrastructure.ResourceInvoker.<InvokeAsync>g__Awaited|17_0(ResourceInvoker invoker, Task task, IDisposable scope)
   at Microsoft.AspNetCore.Mvc.Infrastructure.ResourceInvoker.<InvokeAsync>g__Awaited|17_0(ResourceInvoker invoker, Task task, IDisposable scope)
   at Microsoft.AspNetCore.Authorization.AuthorizationMiddleware.Invoke(HttpContext context)
   at Microsoft.AspNetCore.Authentication.AuthenticationMiddleware.Invoke(HttpContext context)
   at Swashbuckle.AspNetCore.SwaggerUI.SwaggerUIMiddleware.Invoke(HttpContext httpContext)
   at Swashbuckle.AspNetCore.Swagger.SwaggerMiddleware.Invoke(HttpContext httpContext, ISwaggerProvider swaggerProvider)
   at AssignmentManagement.Api.Middleware.ExceptionMiddleware.InvokeAsync(HttpContext context) in C:\Users\Tarek\Desktop\assignment\src\AssignmentManagement.Api\Middleware\ExceptionMiddleware.cs:line 23
2026-08-10 15:33:09.823 +06:00 [ERR] [AssignmentManagement.Api.Middleware.ExceptionMiddleware] Unhandled exception occurred while processing request GET /api/submissions/2037/preview
AssignmentManagement.Application.Common.NotFoundException: The specified submission file does not exist on disk.
   at AssignmentManagement.Infrastructure.Services.StorageService.GetFileAsync(String relativePath, Boolean isDownload, CancellationToken cancellationToken) in C:\Users\Tarek\Desktop\assignment\src\AssignmentManagement.Infrastructure\Services\StorageService.cs:line 139
   at AssignmentManagement.Application.Services.SubmissionService.GetSubmissionFileStreamAsync(Int32 submissionId, Boolean isPreview, CancellationToken cancellationToken) in C:\Users\Tarek\Desktop\assignment\src\AssignmentManagement.Application\Services\SubmissionService.cs:line 230
   at AssignmentManagement.Api.Controllers.SubmissionsController.Preview(Int32 id, CancellationToken cancellationToken) in C:\Users\Tarek\Desktop\assignment\src\AssignmentManagement.Api\Controllers\SubmissionsController.cs:line 88
   at Microsoft.AspNetCore.Mvc.Infrastructure.ActionMethodExecutor.TaskOfIActionResultExecutor.Execute(ActionContext actionContext, IActionResultTypeMapper mapper, ObjectMethodExecutor executor, Object controller, Object[] arguments)
   at Microsoft.AspNetCore.Mvc.Infrastructure.ControllerActionInvoker.<InvokeActionMethodAsync>g__Awaited|12_0(ControllerActionInvoker invoker, ValueTask`1 actionResultValueTask)
   at Microsoft.AspNetCore.Mvc.Infrastructure.ControllerActionInvoker.<InvokeNextActionFilterAsync>g__Awaited|10_0(ControllerActionInvoker invoker, Task lastTask, State next, Scope scope, Object state, Boolean isCompleted)
   at Microsoft.AspNetCore.Mvc.Infrastructure.ControllerActionInvoker.Rethrow(ActionExecutedContextSealed context)
   at Microsoft.AspNetCore.Mvc.Infrastructure.ControllerActionInvoker.Next(State& next, Scope& scope, Object& state, Boolean& isCompleted)
   at Microsoft.AspNetCore.Mvc.Infrastructure.ControllerActionInvoker.<InvokeInnerFilterAsync>g__Awaited|13_0(ControllerActionInvoker invoker, Task lastTask, State next, Scope scope, Object state, Boolean isCompleted)
   at Microsoft.AspNetCore.Mvc.Infrastructure.ResourceInvoker.<InvokeFilterPipelineAsync>g__Awaited|20_0(ResourceInvoker invoker, Task lastTask, State next, Scope scope, Object state, Boolean isCompleted)
   at Microsoft.AspNetCore.Mvc.Infrastructure.ResourceInvoker.<InvokeAsync>g__Awaited|17_0(ResourceInvoker invoker, Task task, IDisposable scope)
   at Microsoft.AspNetCore.Mvc.Infrastructure.ResourceInvoker.<InvokeAsync>g__Awaited|17_0(ResourceInvoker invoker, Task task, IDisposable scope)
   at Microsoft.AspNetCore.Authorization.AuthorizationMiddleware.Invoke(HttpContext context)
   at Microsoft.AspNetCore.Authentication.AuthenticationMiddleware.Invoke(HttpContext context)
   at Swashbuckle.AspNetCore.SwaggerUI.SwaggerUIMiddleware.Invoke(HttpContext httpContext)
   at Swashbuckle.AspNetCore.Swagger.SwaggerMiddleware.Invoke(HttpContext httpContext, ISwaggerProvider swaggerProvider)
   at AssignmentManagement.Api.Middleware.ExceptionMiddleware.InvokeAsync(HttpContext context) in C:\Users\Tarek\Desktop\assignment\src\AssignmentManagement.Api\Middleware\ExceptionMiddleware.cs:line 23
2026-08-10 15:33:12.474 +06:00 [ERR] [AssignmentManagement.Api.Middleware.ExceptionMiddleware] Unhandled exception occurred while processing request GET /api/submissions/2037/preview
AssignmentManagement.Application.Common.NotFoundException: The specified submission file does not exist on disk.
   at AssignmentManagement.Infrastructure.Services.StorageService.GetFileAsync(String relativePath, Boolean isDownload, CancellationToken cancellationToken) in C:\Users\Tarek\Desktop\assignment\src\AssignmentManagement.Infrastructure\Services\StorageService.cs:line 139
   at AssignmentManagement.Application.Services.SubmissionService.GetSubmissionFileStreamAsync(Int32 submissionId, Boolean isPreview, CancellationToken cancellationToken) in C:\Users\Tarek\Desktop\assignment\src\AssignmentManagement.Application\Services\SubmissionService.cs:line 230
   at AssignmentManagement.Api.Controllers.SubmissionsController.Preview(Int32 id, CancellationToken cancellationToken) in C:\Users\Tarek\Desktop\assignment\src\AssignmentManagement.Api\Controllers\SubmissionsController.cs:line 88
   at Microsoft.AspNetCore.Mvc.Infrastructure.ActionMethodExecutor.TaskOfIActionResultExecutor.Execute(ActionContext actionContext, IActionResultTypeMapper mapper, ObjectMethodExecutor executor, Object controller, Object[] arguments)
   at Microsoft.AspNetCore.Mvc.Infrastructure.ControllerActionInvoker.<InvokeActionMethodAsync>g__Awaited|12_0(ControllerActionInvoker invoker, ValueTask`1 actionResultValueTask)
   at Microsoft.AspNetCore.Mvc.Infrastructure.ControllerActionInvoker.<InvokeNextActionFilterAsync>g__Awaited|10_0(ControllerActionInvoker invoker, Task lastTask, State next, Scope scope, Object state, Boolean isCompleted)
   at Microsoft.AspNetCore.Mvc.Infrastructure.ControllerActionInvoker.Rethrow(ActionExecutedContextSealed context)
   at Microsoft.AspNetCore.Mvc.Infrastructure.ControllerActionInvoker.Next(State& next, Scope& scope, Object& state, Boolean& isCompleted)
   at Microsoft.AspNetCore.Mvc.Infrastructure.ControllerActionInvoker.<InvokeInnerFilterAsync>g__Awaited|13_0(ControllerActionInvoker invoker, Task lastTask, State next, Scope scope, Object state, Boolean isCompleted)
   at Microsoft.AspNetCore.Mvc.Infrastructure.ResourceInvoker.<InvokeFilterPipelineAsync>g__Awaited|20_0(ResourceInvoker invoker, Task lastTask, State next, Scope scope, Object state, Boolean isCompleted)
   at Microsoft.AspNetCore.Mvc.Infrastructure.ResourceInvoker.<InvokeAsync>g__Awaited|17_0(ResourceInvoker invoker, Task task, IDisposable scope)
   at Microsoft.AspNetCore.Mvc.Infrastructure.ResourceInvoker.<InvokeAsync>g__Awaited|17_0(ResourceInvoker invoker, Task task, IDisposable scope)
   at Microsoft.AspNetCore.Authorization.AuthorizationMiddleware.Invoke(HttpContext context)
   at Microsoft.AspNetCore.Authentication.AuthenticationMiddleware.Invoke(HttpContext context)
   at Swashbuckle.AspNetCore.SwaggerUI.SwaggerUIMiddleware.Invoke(HttpContext httpContext)
   at Swashbuckle.AspNetCore.Swagger.SwaggerMiddleware.Invoke(HttpContext httpContext, ISwaggerProvider swaggerProvider)
   at AssignmentManagement.Api.Middleware.ExceptionMiddleware.InvokeAsync(HttpContext context) in C:\Users\Tarek\Desktop\assignment\src\AssignmentManagement.Api\Middleware\ExceptionMiddleware.cs:line 23
2026-08-10 15:33:15.666 +06:00 [ERR] [AssignmentManagement.Api.Middleware.ExceptionMiddleware] Unhandled exception occurred while processing request GET /api/submissions/2037/preview
AssignmentManagement.Application.Common.NotFoundException: The specified submission file does not exist on disk.
   at AssignmentManagement.Infrastructure.Services.StorageService.GetFileAsync(String relativePath, Boolean isDownload, CancellationToken cancellationToken) in C:\Users\Tarek\Desktop\assignment\src\AssignmentManagement.Infrastructure\Services\StorageService.cs:line 139
   at AssignmentManagement.Application.Services.SubmissionService.GetSubmissionFileStreamAsync(Int32 submissionId, Boolean isPreview, CancellationToken cancellationToken) in C:\Users\Tarek\Desktop\assignment\src\AssignmentManagement.Application\Services\SubmissionService.cs:line 230
   at AssignmentManagement.Api.Controllers.SubmissionsController.Preview(Int32 id, CancellationToken cancellationToken) in C:\Users\Tarek\Desktop\assignment\src\AssignmentManagement.Api\Controllers\SubmissionsController.cs:line 88
   at Microsoft.AspNetCore.Mvc.Infrastructure.ActionMethodExecutor.TaskOfIActionResultExecutor.Execute(ActionContext actionContext, IActionResultTypeMapper mapper, ObjectMethodExecutor executor, Object controller, Object[] arguments)
   at Microsoft.AspNetCore.Mvc.Infrastructure.ControllerActionInvoker.<InvokeActionMethodAsync>g__Awaited|12_0(ControllerActionInvoker invoker, ValueTask`1 actionResultValueTask)
   at Microsoft.AspNetCore.Mvc.Infrastructure.ControllerActionInvoker.<InvokeNextActionFilterAsync>g__Awaited|10_0(ControllerActionInvoker invoker, Task lastTask, State next, Scope scope, Object state, Boolean isCompleted)
   at Microsoft.AspNetCore.Mvc.Infrastructure.ControllerActionInvoker.Rethrow(ActionExecutedContextSealed context)
   at Microsoft.AspNetCore.Mvc.Infrastructure.ControllerActionInvoker.Next(State& next, Scope& scope, Object& state, Boolean& isCompleted)
   at Microsoft.AspNetCore.Mvc.Infrastructure.ControllerActionInvoker.<InvokeInnerFilterAsync>g__Awaited|13_0(ControllerActionInvoker invoker, Task lastTask, State next, Scope scope, Object state, Boolean isCompleted)
   at Microsoft.AspNetCore.Mvc.Infrastructure.ResourceInvoker.<InvokeFilterPipelineAsync>g__Awaited|20_0(ResourceInvoker invoker, Task lastTask, State next, Scope scope, Object state, Boolean isCompleted)
   at Microsoft.AspNetCore.Mvc.Infrastructure.ResourceInvoker.<InvokeAsync>g__Awaited|17_0(ResourceInvoker invoker, Task task, IDisposable scope)
   at Microsoft.AspNetCore.Mvc.Infrastructure.ResourceInvoker.<InvokeAsync>g__Awaited|17_0(ResourceInvoker invoker, Task task, IDisposable scope)
   at Microsoft.AspNetCore.Authorization.AuthorizationMiddleware.Invoke(HttpContext context)
   at Microsoft.AspNetCore.Authentication.AuthenticationMiddleware.Invoke(HttpContext context)
   at Swashbuckle.AspNetCore.SwaggerUI.SwaggerUIMiddleware.Invoke(HttpContext httpContext)
   at Swashbuckle.AspNetCore.Swagger.SwaggerMiddleware.Invoke(HttpContext httpContext, ISwaggerProvider swaggerProvider)
   at AssignmentManagement.Api.Middleware.ExceptionMiddleware.InvokeAsync(HttpContext context) in C:\Users\Tarek\Desktop\assignment\src\AssignmentManagement.Api\Middleware\ExceptionMiddleware.cs:line 23
2026-08-10 15:33:49.142 +06:00 [INF] [AssignmentManagement.Application.Services.AuthService] User 6 (teacher5@school.edu.bd) logged out
2026-08-10 15:34:26.200 +06:00 [INF] [AssignmentManagement.Application.Services.AuthService] Login attempt received for email 'student15@school.edu.bd' (length 12)
2026-08-10 15:34:26.319 +06:00 [INF] [AssignmentManagement.Application.Services.AuthService] User 31 (student15@school.edu.bd) logged in successfully with role "Student"
2026-08-10 15:39:54.549 +06:00 [INF] [AssignmentManagement.Application.Services.AuthService] User 31 (student15@school.edu.bd) logged out
2026-08-10 15:39:56.649 +06:00 [INF] [AssignmentManagement.Application.Services.AuthService] Login attempt received for email 'admin@school.edu.bd' (length 12)
2026-08-10 15:39:56.766 +06:00 [INF] [AssignmentManagement.Application.Services.AuthService] User 117 (admin@school.edu.bd) logged in successfully with role "Admin"
2026-08-10 15:41:09.981 +06:00 [INF] [AssignmentManagement.Application.Services.AuthService] User 117 (admin@school.edu.bd) logged out
2026-08-10 15:41:11.594 +06:00 [INF] [AssignmentManagement.Application.Services.AuthService] Login attempt received for email 'admin@school.edu.bd' (length 12)
2026-08-10 15:41:11.710 +06:00 [INF] [AssignmentManagement.Application.Services.AuthService] User 117 (admin@school.edu.bd) logged in successfully with role "Admin"
2026-08-10 15:41:13.684 +06:00 [INF] [AssignmentManagement.Application.Services.AuthService] User 117 (admin@school.edu.bd) logged out
2026-08-10 15:41:16.048 +06:00 [INF] [AssignmentManagement.Application.Services.AuthService] Login attempt received for email 'teacher5@school.edu.bd' (length 12)
2026-08-10 15:41:16.164 +06:00 [INF] [AssignmentManagement.Application.Services.AuthService] User 6 (teacher5@school.edu.bd) logged in successfully with role "Teacher"
2026-08-10 15:41:59.813 +06:00 [INF] [AssignmentManagement.Application.Services.AuthService] User 6 (teacher5@school.edu.bd) logged out
2026-08-10 15:42:03.344 +06:00 [INF] [AssignmentManagement.Application.Services.AuthService] Login attempt received for email 'student15@school.edu.bd' (length 12)
2026-08-10 15:42:03.462 +06:00 [INF] [AssignmentManagement.Application.Services.AuthService] User 31 (student15@school.edu.bd) logged in successfully with role "Student"
2026-08-10 15:42:05.581 +06:00 [INF] [AssignmentManagement.Application.Services.AuthService] User 31 (student15@school.edu.bd) logged out
2026-08-10 15:42:11.865 +06:00 [INF] [AssignmentManagement.Application.Services.AuthService] Login attempt received for email 'student75@school.edu.bd' (length 12)
2026-08-10 15:42:11.983 +06:00 [INF] [AssignmentManagement.Application.Services.AuthService] User 91 (student75@school.edu.bd) logged in successfully with role "Student"
2026-08-10 15:42:23.146 +06:00 [ERR] [AssignmentManagement.Api.Middleware.ExceptionMiddleware] Unhandled exception occurred while processing request GET /api/submissions/1661/preview
AssignmentManagement.Application.Common.NotFoundException: The specified submission file does not exist on disk.
   at AssignmentManagement.Infrastructure.Services.StorageService.GetFileAsync(String relativePath, Boolean isDownload, CancellationToken cancellationToken) in C:\Users\Tarek\Desktop\assignment\src\AssignmentManagement.Infrastructure\Services\StorageService.cs:line 139
   at AssignmentManagement.Application.Services.SubmissionService.GetSubmissionFileStreamAsync(Int32 submissionId, Boolean isPreview, CancellationToken cancellationToken) in C:\Users\Tarek\Desktop\assignment\src\AssignmentManagement.Application\Services\SubmissionService.cs:line 230
   at AssignmentManagement.Api.Controllers.SubmissionsController.Preview(Int32 id, CancellationToken cancellationToken) in C:\Users\Tarek\Desktop\assignment\src\AssignmentManagement.Api\Controllers\SubmissionsController.cs:line 88
   at Microsoft.AspNetCore.Mvc.Infrastructure.ActionMethodExecutor.TaskOfIActionResultExecutor.Execute(ActionContext actionContext, IActionResultTypeMapper mapper, ObjectMethodExecutor executor, Object controller, Object[] arguments)
   at Microsoft.AspNetCore.Mvc.Infrastructure.ControllerActionInvoker.<InvokeActionMethodAsync>g__Awaited|12_0(ControllerActionInvoker invoker, ValueTask`1 actionResultValueTask)
   at Microsoft.AspNetCore.Mvc.Infrastructure.ControllerActionInvoker.<InvokeNextActionFilterAsync>g__Awaited|10_0(ControllerActionInvoker invoker, Task lastTask, State next, Scope scope, Object state, Boolean isCompleted)
   at Microsoft.AspNetCore.Mvc.Infrastructure.ControllerActionInvoker.Rethrow(ActionExecutedContextSealed context)
   at Microsoft.AspNetCore.Mvc.Infrastructure.ControllerActionInvoker.Next(State& next, Scope& scope, Object& state, Boolean& isCompleted)
   at Microsoft.AspNetCore.Mvc.Infrastructure.ControllerActionInvoker.<InvokeInnerFilterAsync>g__Awaited|13_0(ControllerActionInvoker invoker, Task lastTask, State next, Scope scope, Object state, Boolean isCompleted)
   at Microsoft.AspNetCore.Mvc.Infrastructure.ResourceInvoker.<InvokeFilterPipelineAsync>g__Awaited|20_0(ResourceInvoker invoker, Task lastTask, State next, Scope scope, Object state, Boolean isCompleted)
   at Microsoft.AspNetCore.Mvc.Infrastructure.ResourceInvoker.<InvokeAsync>g__Awaited|17_0(ResourceInvoker invoker, Task task, IDisposable scope)
   at Microsoft.AspNetCore.Mvc.Infrastructure.ResourceInvoker.<InvokeAsync>g__Awaited|17_0(ResourceInvoker invoker, Task task, IDisposable scope)
   at Microsoft.AspNetCore.Authorization.AuthorizationMiddleware.Invoke(HttpContext context)
   at Microsoft.AspNetCore.Authentication.AuthenticationMiddleware.Invoke(HttpContext context)
   at Swashbuckle.AspNetCore.SwaggerUI.SwaggerUIMiddleware.Invoke(HttpContext httpContext)
   at Swashbuckle.AspNetCore.Swagger.SwaggerMiddleware.Invoke(HttpContext httpContext, ISwaggerProvider swaggerProvider)
   at AssignmentManagement.Api.Middleware.ExceptionMiddleware.InvokeAsync(HttpContext context) in C:\Users\Tarek\Desktop\assignment\src\AssignmentManagement.Api\Middleware\ExceptionMiddleware.cs:line 23
2026-08-10 15:42:23.153 +06:00 [ERR] [AssignmentManagement.Api.Middleware.ExceptionMiddleware] Unhandled exception occurred while processing request GET /api/submissions/1661/preview
AssignmentManagement.Application.Common.NotFoundException: The specified submission file does not exist on disk.
   at AssignmentManagement.Infrastructure.Services.StorageService.GetFileAsync(String relativePath, Boolean isDownload, CancellationToken cancellationToken) in C:\Users\Tarek\Desktop\assignment\src\AssignmentManagement.Infrastructure\Services\StorageService.cs:line 139
   at AssignmentManagement.Application.Services.SubmissionService.GetSubmissionFileStreamAsync(Int32 submissionId, Boolean isPreview, CancellationToken cancellationToken) in C:\Users\Tarek\Desktop\assignment\src\AssignmentManagement.Application\Services\SubmissionService.cs:line 230
   at AssignmentManagement.Api.Controllers.SubmissionsController.Preview(Int32 id, CancellationToken cancellationToken) in C:\Users\Tarek\Desktop\assignment\src\AssignmentManagement.Api\Controllers\SubmissionsController.cs:line 88
   at Microsoft.AspNetCore.Mvc.Infrastructure.ActionMethodExecutor.TaskOfIActionResultExecutor.Execute(ActionContext actionContext, IActionResultTypeMapper mapper, ObjectMethodExecutor executor, Object controller, Object[] arguments)
   at Microsoft.AspNetCore.Mvc.Infrastructure.ControllerActionInvoker.<InvokeActionMethodAsync>g__Awaited|12_0(ControllerActionInvoker invoker, ValueTask`1 actionResultValueTask)
   at Microsoft.AspNetCore.Mvc.Infrastructure.ControllerActionInvoker.<InvokeNextActionFilterAsync>g__Awaited|10_0(ControllerActionInvoker invoker, Task lastTask, State next, Scope scope, Object state, Boolean isCompleted)
   at Microsoft.AspNetCore.Mvc.Infrastructure.ControllerActionInvoker.Rethrow(ActionExecutedContextSealed context)
   at Microsoft.AspNetCore.Mvc.Infrastructure.ControllerActionInvoker.Next(State& next, Scope& scope, Object& state, Boolean& isCompleted)
   at Microsoft.AspNetCore.Mvc.Infrastructure.ControllerActionInvoker.<InvokeInnerFilterAsync>g__Awaited|13_0(ControllerActionInvoker invoker, Task lastTask, State next, Scope scope, Object state, Boolean isCompleted)
   at Microsoft.AspNetCore.Mvc.Infrastructure.ResourceInvoker.<InvokeFilterPipelineAsync>g__Awaited|20_0(ResourceInvoker invoker, Task lastTask, State next, Scope scope, Object state, Boolean isCompleted)
   at Microsoft.AspNetCore.Mvc.Infrastructure.ResourceInvoker.<InvokeAsync>g__Awaited|17_0(ResourceInvoker invoker, Task task, IDisposable scope)
   at Microsoft.AspNetCore.Mvc.Infrastructure.ResourceInvoker.<InvokeAsync>g__Awaited|17_0(ResourceInvoker invoker, Task task, IDisposable scope)
   at Microsoft.AspNetCore.Authorization.AuthorizationMiddleware.Invoke(HttpContext context)
   at Microsoft.AspNetCore.Authentication.AuthenticationMiddleware.Invoke(HttpContext context)
   at Swashbuckle.AspNetCore.SwaggerUI.SwaggerUIMiddleware.Invoke(HttpContext httpContext)
   at Swashbuckle.AspNetCore.Swagger.SwaggerMiddleware.Invoke(HttpContext httpContext, ISwaggerProvider swaggerProvider)
   at AssignmentManagement.Api.Middleware.ExceptionMiddleware.InvokeAsync(HttpContext context) in C:\Users\Tarek\Desktop\assignment\src\AssignmentManagement.Api\Middleware\ExceptionMiddleware.cs:line 23
2026-08-10 15:43:02.509 +06:00 [INF] [AssignmentManagement.Application.Services.AuthService] User 91 (student75@school.edu.bd) logged out
2026-08-10 15:43:06.696 +06:00 [INF] [AssignmentManagement.Application.Services.AuthService] Login attempt received for email 'student90@school.edu.bd' (length 12)
2026-08-10 15:43:06.812 +06:00 [INF] [AssignmentManagement.Application.Services.AuthService] User 106 (student90@school.edu.bd) logged in successfully with role "Student"
2026-08-10 15:49:54.973 +06:00 [INF] [AssignmentManagement.Application.Services.AuthService] User 106 (student90@school.edu.bd) logged out
2026-08-10 15:49:59.012 +06:00 [INF] [AssignmentManagement.Application.Services.AuthService] Login attempt received for email 'student15@school.edu.bd' (length 12)
2026-08-10 15:49:59.129 +06:00 [INF] [AssignmentManagement.Application.Services.AuthService] User 31 (student15@school.edu.bd) logged in successfully with role "Student"
2026-08-10 15:50:03.533 +06:00 [INF] [AssignmentManagement.Application.Services.AuthService] User 31 (student15@school.edu.bd) logged out
2026-08-10 15:50:06.393 +06:00 [INF] [AssignmentManagement.Application.Services.AuthService] Login attempt received for email 'student16@school.edu.bd' (length 12)
2026-08-10 15:50:06.510 +06:00 [INF] [AssignmentManagement.Application.Services.AuthService] User 32 (student16@school.edu.bd) logged in successfully with role "Student"
2026-08-10 15:50:13.918 +06:00 [INF] [AssignmentManagement.Application.Services.AuthService] User 32 (student16@school.edu.bd) logged out
2026-08-10 15:50:17.260 +06:00 [INF] [AssignmentManagement.Application.Services.AuthService] Login attempt received for email 'student17@school.edu.bd' (length 12)
2026-08-10 15:50:17.389 +06:00 [INF] [AssignmentManagement.Application.Services.AuthService] User 33 (student17@school.edu.bd) logged in successfully with role "Student"
2026-08-10 15:50:43.301 +06:00 [INF] [AssignmentManagement.Application.Services.AuthService] User 33 (student17@school.edu.bd) logged out
2026-08-10 15:50:46.185 +06:00 [INF] [AssignmentManagement.Application.Services.AuthService] Login attempt received for email 'student16@school.edu.bd' (length 12)
2026-08-10 15:50:46.303 +06:00 [INF] [AssignmentManagement.Application.Services.AuthService] User 32 (student16@school.edu.bd) logged in successfully with role "Student"
2026-08-10 15:51:30.108 +06:00 [INF] [AssignmentManagement.Application.Services.AuthService] User 32 (student16@school.edu.bd) logged out
2026-08-10 15:51:33.649 +06:00 [INF] [AssignmentManagement.Application.Services.AuthService] Login attempt received for email 'student20@school.edu.bd' (length 12)
2026-08-10 15:51:33.767 +06:00 [INF] [AssignmentManagement.Application.Services.AuthService] User 36 (student20@school.edu.bd) logged in successfully with role "Student"
2026-08-10 15:51:41.790 +06:00 [INF] [AssignmentManagement.Application.Services.AuthService] User 36 (student20@school.edu.bd) logged out
2026-08-10 15:51:44.368 +06:00 [INF] [AssignmentManagement.Application.Services.AuthService] Login attempt received for email 'student21@school.edu.bd' (length 12)
2026-08-10 15:51:44.483 +06:00 [INF] [AssignmentManagement.Application.Services.AuthService] User 37 (student21@school.edu.bd) logged in successfully with role "Student"
2026-08-10 15:51:50.941 +06:00 [INF] [AssignmentManagement.Application.Services.AuthService] User 37 (student21@school.edu.bd) logged out
2026-08-10 15:51:54.430 +06:00 [INF] [AssignmentManagement.Application.Services.AuthService] Login attempt received for email 'student17@school.edu.bd' (length 12)
2026-08-10 15:51:54.546 +06:00 [INF] [AssignmentManagement.Application.Services.AuthService] User 33 (student17@school.edu.bd) logged in successfully with role "Student"
2026-08-10 15:53:45.829 +06:00 [INF] [AssignmentManagement.Application.Services.AuthService] User 33 (student17@school.edu.bd) logged out
2026-08-10 15:53:48.217 +06:00 [INF] [AssignmentManagement.Application.Services.AuthService] Login attempt received for email 'student15@school.edu.bd' (length 12)
2026-08-10 15:53:48.334 +06:00 [INF] [AssignmentManagement.Application.Services.AuthService] User 31 (student15@school.edu.bd) logged in successfully with role "Student"
2026-08-10 15:53:53.534 +06:00 [INF] [AssignmentManagement.Application.Services.AuthService] User 31 (student15@school.edu.bd) logged out
2026-08-10 15:53:55.848 +06:00 [INF] [AssignmentManagement.Application.Services.AuthService] Login attempt received for email 'student16@school.edu.bd' (length 12)
2026-08-10 15:53:55.966 +06:00 [INF] [AssignmentManagement.Application.Services.AuthService] User 32 (student16@school.edu.bd) logged in successfully with role "Student"
2026-08-10 15:54:00.109 +06:00 [INF] [AssignmentManagement.Application.Services.AuthService] User 32 (student16@school.edu.bd) logged out
2026-08-10 15:54:03.278 +06:00 [INF] [AssignmentManagement.Application.Services.AuthService] Login attempt received for email 'student17@school.edu.bd' (length 12)
2026-08-10 15:54:03.394 +06:00 [INF] [AssignmentManagement.Application.Services.AuthService] User 33 (student17@school.edu.bd) logged in successfully with role "Student"
2026-08-10 15:54:10.461 +06:00 [INF] [AssignmentManagement.Application.Services.AuthService] User 33 (student17@school.edu.bd) logged out
2026-08-10 15:54:13.023 +06:00 [INF] [AssignmentManagement.Application.Services.AuthService] Login attempt received for email 'student17@school.edu.bd' (length 12)
2026-08-10 15:54:13.140 +06:00 [INF] [AssignmentManagement.Application.Services.AuthService] User 33 (student17@school.edu.bd) logged in successfully with role "Student"
2026-08-10 15:54:20.774 +06:00 [INF] [AssignmentManagement.Application.Services.AuthService] User 33 (student17@school.edu.bd) logged out
2026-08-10 15:54:23.012 +06:00 [INF] [AssignmentManagement.Application.Services.AuthService] Login attempt received for email 'student16@school.edu.bd' (length 12)
2026-08-10 15:54:23.129 +06:00 [INF] [AssignmentManagement.Application.Services.AuthService] User 32 (student16@school.edu.bd) logged in successfully with role "Student"
2026-08-10 15:54:51.917 +06:00 [INF] [AssignmentManagement.Application.Services.AuthService] User 32 (student16@school.edu.bd) logged out
2026-08-10 15:54:54.237 +06:00 [INF] [AssignmentManagement.Application.Services.AuthService] Login attempt received for email 'student16@school.edu.bd' (length 12)
2026-08-10 15:54:54.355 +06:00 [INF] [AssignmentManagement.Application.Services.AuthService] User 32 (student16@school.edu.bd) logged in successfully with role "Student"
2026-08-10 15:54:57.725 +06:00 [INF] [AssignmentManagement.Application.Services.AuthService] User 32 (student16@school.edu.bd) logged out
2026-08-10 15:55:00.904 +06:00 [INF] [AssignmentManagement.Application.Services.AuthService] Login attempt received for email 'student17@school.edu.bd' (length 12)
2026-08-10 15:55:01.022 +06:00 [INF] [AssignmentManagement.Application.Services.AuthService] User 33 (student17@school.edu.bd) logged in successfully with role "Student"
2026-08-10 15:56:50.213 +06:00 [INF] [AssignmentManagement.Application.Services.AuthService] User 33 (student17@school.edu.bd) logged out
2026-08-10 15:56:51.201 +06:00 [INF] [AssignmentManagement.Application.Services.AuthService] Login attempt received for email 'student15@school.edu.bd' (length 12)
2026-08-10 15:56:51.325 +06:00 [INF] [AssignmentManagement.Application.Services.AuthService] User 31 (student15@school.edu.bd) logged in successfully with role "Student"
2026-08-10 15:56:52.916 +06:00 [INF] [AssignmentManagement.Application.Services.AuthService] User 31 (student15@school.edu.bd) logged out
2026-08-10 15:56:55.726 +06:00 [INF] [AssignmentManagement.Application.Services.AuthService] Login attempt received for email 'admin@school.edu.bd' (length 12)
2026-08-10 15:56:55.845 +06:00 [INF] [AssignmentManagement.Application.Services.AuthService] User 117 (admin@school.edu.bd) logged in successfully with role "Admin"
2026-08-10 15:57:27.528 +06:00 [INF] [Microsoft.Hosting.Lifetime] Now listening on: http://localhost:5000
2026-08-10 15:57:27.549 +06:00 [INF] [Microsoft.Hosting.Lifetime] Application started. Press Ctrl+C to shut down.
2026-08-10 15:57:27.549 +06:00 [INF] [Microsoft.Hosting.Lifetime] Hosting environment: Production
2026-08-10 15:57:27.549 +06:00 [INF] [Microsoft.Hosting.Lifetime] Content root path: C:\Users\Tarek\Desktop\assignment\src\AssignmentManagement.Api
2026-08-10 15:57:36.140 +06:00 [WRN] [Microsoft.AspNetCore.HttpsPolicy.HttpsRedirectionMiddleware] Failed to determine the https port for redirect.
2026-08-10 15:57:36.212 +06:00 [INF] [AssignmentManagement.Application.Services.AuthService] Login attempt received for email 'teacher4@school.edu.bd' (length 12)
2026-08-10 15:57:36.370 +06:00 [INF] [AssignmentManagement.Application.Services.AuthService] User 5 (teacher4@school.edu.bd) logged in successfully with role "Teacher"
2026-08-10 15:57:42.276 +06:00 [INF] [AssignmentManagement.Application.Services.AuthService] User 5 (teacher4@school.edu.bd) logged out
2026-08-10 15:57:44.179 +06:00 [INF] [AssignmentManagement.Application.Services.AuthService] Login attempt received for email 'student15@school.edu.bd' (length 12)
2026-08-10 15:57:44.297 +06:00 [INF] [AssignmentManagement.Application.Services.AuthService] User 31 (student15@school.edu.bd) logged in successfully with role "Student"
2026-08-10 15:57:56.262 +06:00 [INF] [AssignmentManagement.Application.Services.AuthService] User 31 (student15@school.edu.bd) logged out
2026-08-10 15:58:00.604 +06:00 [INF] [AssignmentManagement.Application.Services.AuthService] Login attempt received for email 'student16@school.edu.bd' (length 12)
2026-08-10 15:58:00.725 +06:00 [INF] [AssignmentManagement.Application.Services.AuthService] User 32 (student16@school.edu.bd) logged in successfully with role "Student"
2026-08-10 15:58:25.997 +06:00 [INF] [AssignmentManagement.Application.Services.AuthService] User 32 (student16@school.edu.bd) logged out
2026-08-10 15:58:27.048 +06:00 [INF] [AssignmentManagement.Application.Services.AuthService] Login attempt received for email 'student15@school.edu.bd' (length 12)
2026-08-10 15:58:27.176 +06:00 [INF] [AssignmentManagement.Application.Services.AuthService] User 31 (student15@school.edu.bd) logged in successfully with role "Student"
2026-08-10 15:58:28.243 +06:00 [INF] [AssignmentManagement.Application.Services.AuthService] User 31 (student15@school.edu.bd) logged out
2026-08-10 15:58:32.280 +06:00 [INF] [AssignmentManagement.Application.Services.AuthService] Login attempt received for email 'student60@school.edu.bd' (length 12)
2026-08-10 15:58:32.402 +06:00 [INF] [AssignmentManagement.Application.Services.AuthService] User 76 (student60@school.edu.bd) logged in successfully with role "Student"
2026-08-10 15:58:51.061 +06:00 [INF] [Microsoft.Hosting.Lifetime] Now listening on: http://localhost:5000
2026-08-10 15:58:51.083 +06:00 [INF] [Microsoft.Hosting.Lifetime] Application started. Press Ctrl+C to shut down.
2026-08-10 15:58:51.083 +06:00 [INF] [Microsoft.Hosting.Lifetime] Hosting environment: Production
2026-08-10 15:58:51.083 +06:00 [INF] [Microsoft.Hosting.Lifetime] Content root path: C:\Users\Tarek\Desktop\assignment\src\AssignmentManagement.Api
2026-08-10 15:59:03.044 +06:00 [WRN] [Microsoft.AspNetCore.HttpsPolicy.HttpsRedirectionMiddleware] Failed to determine the https port for redirect.
2026-08-10 15:59:10.511 +06:00 [INF] [AssignmentManagement.Application.Services.AuthService] User 76 (student60@school.edu.bd) logged out
2026-08-10 15:59:12.451 +06:00 [INF] [AssignmentManagement.Application.Services.AuthService] Login attempt received for email 'student15@school.edu.bd' (length 12)
2026-08-10 15:59:12.646 +06:00 [INF] [AssignmentManagement.Application.Services.AuthService] User 31 (student15@school.edu.bd) logged in successfully with role "Student"
2026-08-10 15:59:17.928 +06:00 [INF] [AssignmentManagement.Application.Services.AuthService] User 31 (student15@school.edu.bd) logged out
2026-08-10 15:59:20.324 +06:00 [INF] [AssignmentManagement.Application.Services.AuthService] Login attempt received for email 'student16@school.edu.bd' (length 12)
2026-08-10 15:59:20.496 +06:00 [INF] [AssignmentManagement.Application.Services.AuthService] User 32 (student16@school.edu.bd) logged in successfully with role "Student"
2026-08-10 15:59:23.541 +06:00 [INF] [AssignmentManagement.Application.Services.AuthService] User 32 (student16@school.edu.bd) logged out
2026-08-10 15:59:26.073 +06:00 [INF] [AssignmentManagement.Application.Services.AuthService] Login attempt received for email 'student17@school.edu.bd' (length 12)
2026-08-10 15:59:26.189 +06:00 [INF] [AssignmentManagement.Application.Services.AuthService] User 33 (student17@school.edu.bd) logged in successfully with role "Student"
2026-08-10 15:59:39.373 +06:00 [INF] [AssignmentManagement.Application.Services.AuthService] User 33 (student17@school.edu.bd) logged out
2026-08-10 15:59:41.889 +06:00 [INF] [AssignmentManagement.Application.Services.AuthService] Login attempt received for email 'student18@school.edu.bd' (length 12)
2026-08-10 15:59:42.018 +06:00 [INF] [AssignmentManagement.Application.Services.AuthService] User 34 (student18@school.edu.bd) logged in successfully with role "Student"
2026-08-10 15:59:47.028 +06:00 [INF] [AssignmentManagement.Application.Services.AuthService] User 34 (student18@school.edu.bd) logged out
2026-08-10 15:59:51.879 +06:00 [INF] [AssignmentManagement.Application.Services.AuthService] Login attempt received for email 'admin@school.edu.bd' (length 12)
2026-08-10 15:59:52.002 +06:00 [INF] [AssignmentManagement.Application.Services.AuthService] User 117 (admin@school.edu.bd) logged in successfully with role "Admin"
2026-08-10 16:08:55.797 +06:00 [INF] [Microsoft.Hosting.Lifetime] Now listening on: http://localhost:5000
2026-08-10 16:08:55.818 +06:00 [INF] [Microsoft.Hosting.Lifetime] Application started. Press Ctrl+C to shut down.
2026-08-10 16:08:55.819 +06:00 [INF] [Microsoft.Hosting.Lifetime] Hosting environment: Production
2026-08-10 16:08:55.819 +06:00 [INF] [Microsoft.Hosting.Lifetime] Content root path: C:\Users\Tarek\Desktop\assignment\src\AssignmentManagement.Api
2026-08-10 16:08:55.887 +06:00 [WRN] [Microsoft.AspNetCore.HttpsPolicy.HttpsRedirectionMiddleware] Failed to determine the https port for redirect.
2026-08-10 16:11:16.573 +06:00 [INF] [AssignmentManagement.Application.Services.AuthService] User 117 (admin@school.edu.bd) logged out
2026-08-10 16:11:19.085 +06:00 [INF] [AssignmentManagement.Application.Services.AuthService] Login attempt received for email 'student15@school.edu.bd' (length 12)
2026-08-10 16:11:19.271 +06:00 [INF] [AssignmentManagement.Application.Services.AuthService] User 31 (student15@school.edu.bd) logged in successfully with role "Student"
2026-08-10 16:11:24.231 +06:00 [INF] [AssignmentManagement.Application.Services.AuthService] User 31 (student15@school.edu.bd) logged out
2026-08-10 16:11:26.848 +06:00 [INF] [AssignmentManagement.Application.Services.AuthService] Login attempt received for email 'admin@school.edu.bd' (length 12)
2026-08-10 16:11:26.971 +06:00 [INF] [AssignmentManagement.Application.Services.AuthService] User 117 (admin@school.edu.bd) logged in successfully with role "Admin"
2026-08-10 16:23:47.623 +06:00 [INF] [AssignmentManagement.Application.Services.AuthService] User 117 (admin@school.edu.bd) logged out
2026-08-10 16:23:55.432 +06:00 [INF] [AssignmentManagement.Application.Services.AuthService] Login attempt received for email 'admin@school.edu.bd' (length 12)
2026-08-10 16:23:55.553 +06:00 [INF] [AssignmentManagement.Application.Services.AuthService] User 117 (admin@school.edu.bd) logged in successfully with role "Admin"
2026-08-10 16:40:24.181 +06:00 [INF] [Microsoft.Hosting.Lifetime] Now listening on: http://localhost:5000
2026-08-10 16:40:24.215 +06:00 [INF] [Microsoft.Hosting.Lifetime] Application started. Press Ctrl+C to shut down.
2026-08-10 16:40:24.216 +06:00 [INF] [Microsoft.Hosting.Lifetime] Hosting environment: Production
2026-08-10 16:40:24.216 +06:00 [INF] [Microsoft.Hosting.Lifetime] Content root path: C:\Users\Tarek\Desktop\assignment\src\AssignmentManagement.Api
2026-08-10 16:40:24.267 +06:00 [WRN] [Microsoft.AspNetCore.HttpsPolicy.HttpsRedirectionMiddleware] Failed to determine the https port for redirect.
2026-08-10 16:47:30.330 +06:00 [INF] [AssignmentManagement.Application.Services.AuthService] User 117 (admin@school.edu.bd) logged out
2026-08-10 16:47:32.741 +06:00 [INF] [AssignmentManagement.Application.Services.AuthService] Login attempt received for email 'student15@school.edu.bd' (length 12)
2026-08-10 16:47:32.940 +06:00 [INF] [AssignmentManagement.Application.Services.AuthService] User 31 (student15@school.edu.bd) logged in successfully with role "Student"
2026-08-10 16:47:43.110 +06:00 [INF] [AssignmentManagement.Application.Services.AuthService] User 31 (student15@school.edu.bd) logged out
2026-08-10 16:47:44.841 +06:00 [INF] [AssignmentManagement.Application.Services.AuthService] Login attempt received for email 'admin@school.edu.bd' (length 12)
2026-08-10 16:47:45.019 +06:00 [INF] [AssignmentManagement.Application.Services.AuthService] User 117 (admin@school.edu.bd) logged in successfully with role "Admin"
2026-08-10 16:48:44.315 +06:00 [INF] [Microsoft.Hosting.Lifetime] Now listening on: http://localhost:5000
2026-08-10 16:48:44.338 +06:00 [INF] [Microsoft.Hosting.Lifetime] Application started. Press Ctrl+C to shut down.
2026-08-10 16:48:44.338 +06:00 [INF] [Microsoft.Hosting.Lifetime] Hosting environment: Production
2026-08-10 16:48:44.338 +06:00 [INF] [Microsoft.Hosting.Lifetime] Content root path: C:\Users\Tarek\Desktop\assignment\src\AssignmentManagement.Api
2026-08-10 16:52:42.881 +06:00 [WRN] [Microsoft.AspNetCore.HttpsPolicy.HttpsRedirectionMiddleware] Failed to determine the https port for redirect.
2026-08-10 16:55:42.766 +06:00 [INF] [Microsoft.Hosting.Lifetime] Now listening on: http://localhost:5000
2026-08-10 16:55:42.792 +06:00 [INF] [Microsoft.Hosting.Lifetime] Application started. Press Ctrl+C to shut down.
2026-08-10 16:55:42.792 +06:00 [INF] [Microsoft.Hosting.Lifetime] Hosting environment: Production
2026-08-10 16:55:42.792 +06:00 [INF] [Microsoft.Hosting.Lifetime] Content root path: C:\Users\Tarek\Desktop\assignment\src\AssignmentManagement.Api
2026-08-10 16:55:53.392 +06:00 [WRN] [Microsoft.AspNetCore.HttpsPolicy.HttpsRedirectionMiddleware] Failed to determine the https port for redirect.
2026-08-10 16:56:43.810 +06:00 [INF] [AssignmentManagement.Application.Services.AuthService] User 117 (admin@school.edu.bd) logged out
2026-08-10 16:56:44.678 +06:00 [INF] [AssignmentManagement.Application.Services.AuthService] Login attempt received for email 'admin@school.edu.bd' (length 12)
2026-08-10 16:56:44.809 +06:00 [INF] [AssignmentManagement.Application.Services.AuthService] User 117 (admin@school.edu.bd) logged in successfully with role "Admin"
2026-08-10 16:57:06.656 +06:00 [INF] [Microsoft.Hosting.Lifetime] Now listening on: http://localhost:5000
2026-08-10 16:57:06.678 +06:00 [INF] [Microsoft.Hosting.Lifetime] Application started. Press Ctrl+C to shut down.
2026-08-10 16:57:06.678 +06:00 [INF] [Microsoft.Hosting.Lifetime] Hosting environment: Production
2026-08-10 16:57:06.678 +06:00 [INF] [Microsoft.Hosting.Lifetime] Content root path: C:\Users\Tarek\Desktop\assignment\src\AssignmentManagement.Api
2026-08-10 16:57:06.919 +06:00 [WRN] [Microsoft.AspNetCore.HttpsPolicy.HttpsRedirectionMiddleware] Failed to determine the https port for redirect.
2026-08-10 16:59:13.481 +06:00 [INF] [Microsoft.Hosting.Lifetime] Now listening on: http://localhost:5000
2026-08-10 16:59:13.505 +06:00 [INF] [Microsoft.Hosting.Lifetime] Application started. Press Ctrl+C to shut down.
2026-08-10 16:59:13.505 +06:00 [INF] [Microsoft.Hosting.Lifetime] Hosting environment: Production
2026-08-10 16:59:13.505 +06:00 [INF] [Microsoft.Hosting.Lifetime] Content root path: C:\Users\Tarek\Desktop\assignment\src\AssignmentManagement.Api
2026-08-10 16:59:13.793 +06:00 [WRN] [Microsoft.AspNetCore.HttpsPolicy.HttpsRedirectionMiddleware] Failed to determine the https port for redirect.
2026-08-10 17:00:45.467 +06:00 [INF] [Microsoft.Hosting.Lifetime] Now listening on: http://localhost:5000
2026-08-10 17:00:45.491 +06:00 [INF] [Microsoft.Hosting.Lifetime] Application started. Press Ctrl+C to shut down.
2026-08-10 17:00:45.491 +06:00 [INF] [Microsoft.Hosting.Lifetime] Hosting environment: Production
2026-08-10 17:00:45.491 +06:00 [INF] [Microsoft.Hosting.Lifetime] Content root path: C:\Users\Tarek\Desktop\assignment\src\AssignmentManagement.Api
2026-08-10 17:01:03.543 +06:00 [WRN] [Microsoft.AspNetCore.HttpsPolicy.HttpsRedirectionMiddleware] Failed to determine the https port for redirect.
2026-08-10 17:03:25.246 +06:00 [INF] [Microsoft.Hosting.Lifetime] Now listening on: http://localhost:5000
2026-08-10 17:03:25.272 +06:00 [INF] [Microsoft.Hosting.Lifetime] Application started. Press Ctrl+C to shut down.
2026-08-10 17:03:25.272 +06:00 [INF] [Microsoft.Hosting.Lifetime] Hosting environment: Production
2026-08-10 17:03:25.272 +06:00 [INF] [Microsoft.Hosting.Lifetime] Content root path: C:\Users\Tarek\Desktop\assignment\src\AssignmentManagement.Api
2026-08-10 17:03:34.522 +06:00 [WRN] [Microsoft.AspNetCore.HttpsPolicy.HttpsRedirectionMiddleware] Failed to determine the https port for redirect.
2026-08-10 17:04:28.045 +06:00 [INF] [AssignmentManagement.Application.Services.AuthService] User 117 (admin@school.edu.bd) logged out
2026-08-10 17:04:30.958 +06:00 [INF] [AssignmentManagement.Application.Services.AuthService] Login attempt received for email 'student15@school.edu.bd' (length 12)
2026-08-10 17:04:31.159 +06:00 [INF] [AssignmentManagement.Application.Services.AuthService] User 31 (student15@school.edu.bd) logged in successfully with role "Student"
2026-08-10 17:04:42.021 +06:00 [INF] [AssignmentManagement.Application.Services.AuthService] User 31 (student15@school.edu.bd) logged out
2026-08-10 17:04:55.638 +06:00 [INF] [Microsoft.Hosting.Lifetime] Now listening on: http://localhost:5000
2026-08-10 17:04:55.660 +06:00 [INF] [Microsoft.Hosting.Lifetime] Application started. Press Ctrl+C to shut down.
2026-08-10 17:04:55.660 +06:00 [INF] [Microsoft.Hosting.Lifetime] Hosting environment: Production
2026-08-10 17:04:55.660 +06:00 [INF] [Microsoft.Hosting.Lifetime] Content root path: C:\Users\Tarek\Desktop\assignment\src\AssignmentManagement.Api
2026-08-10 17:05:36.521 +06:00 [WRN] [Microsoft.AspNetCore.HttpsPolicy.HttpsRedirectionMiddleware] Failed to determine the https port for redirect.
2026-08-10 17:05:36.598 +06:00 [INF] [AssignmentManagement.Application.Services.AuthService] Login attempt received for email 'admin@school.edu.bd' (length 12)
2026-08-10 17:05:36.826 +06:00 [INF] [AssignmentManagement.Application.Services.AuthService] User 117 (admin@school.edu.bd) logged in successfully with role "Admin"
2026-08-10 17:08:23.964 +06:00 [INF] [Microsoft.Hosting.Lifetime] Now listening on: http://localhost:5000
2026-08-10 17:08:23.989 +06:00 [INF] [Microsoft.Hosting.Lifetime] Application started. Press Ctrl+C to shut down.
2026-08-10 17:08:23.990 +06:00 [INF] [Microsoft.Hosting.Lifetime] Hosting environment: Production
2026-08-10 17:08:23.990 +06:00 [INF] [Microsoft.Hosting.Lifetime] Content root path: C:\Users\Tarek\Desktop\assignment\src\AssignmentManagement.Api
2026-08-10 17:08:34.042 +06:00 [WRN] [Microsoft.AspNetCore.HttpsPolicy.HttpsRedirectionMiddleware] Failed to determine the https port for redirect.
2026-08-10 17:13:15.475 +06:00 [INF] [AssignmentManagement.Application.Services.AuthService] User 117 (admin@school.edu.bd) logged out
2026-08-10 17:13:18.975 +06:00 [INF] [AssignmentManagement.Application.Services.AuthService] Login attempt received for email 'student15@school.edu.bd' (length 12)
2026-08-10 17:13:19.175 +06:00 [INF] [AssignmentManagement.Application.Services.AuthService] User 31 (student15@school.edu.bd) logged in successfully with role "Student"
