2026-08-08 08:10:16.286 +06:00 [INF] [Microsoft.Hosting.Lifetime] Now listening on: http://localhost:5000
2026-08-08 08:10:16.313 +06:00 [INF] [Microsoft.Hosting.Lifetime] Application started. Press Ctrl+C to shut down.
2026-08-08 08:10:16.315 +06:00 [INF] [Microsoft.Hosting.Lifetime] Hosting environment: Production
2026-08-08 08:10:16.315 +06:00 [INF] [Microsoft.Hosting.Lifetime] Content root path: C:\Users\Tarek\Desktop\assignment\src\AssignmentManagement.Api
2026-08-08 08:10:39.677 +06:00 [WRN] [Microsoft.AspNetCore.HttpsPolicy.HttpsRedirectionMiddleware] Failed to determine the https port for redirect.
2026-08-08 08:10:43.418 +06:00 [INF] [AssignmentManagement.Application.Services.AuthService] Tokens refreshed successfully for user 19 (student3@school.edu.bd)
2026-08-08 08:14:27.363 +06:00 [ERR] [AssignmentManagement.Api.Middleware.ExceptionMiddleware] Unhandled exception occurred while processing request GET /api/submissions/78/preview
AssignmentManagement.Application.Common.ForbiddenException: Invalid file path specified.
   at AssignmentManagement.Infrastructure.Services.StorageService.GetFileAsync(String relativePath, Boolean isDownload, CancellationToken cancellationToken) in C:\Users\Tarek\Desktop\assignment\src\AssignmentManagement.Infrastructure\Services\StorageService.cs:line 117
   at AssignmentManagement.Application.Services.SubmissionService.GetSubmissionFileStreamAsync(Int32 submissionId, Boolean isPreview, CancellationToken cancellationToken) in C:\Users\Tarek\Desktop\assignment\src\AssignmentManagement.Application\Services\SubmissionService.cs:line 228
   at AssignmentManagement.Api.Controllers.SubmissionsController.Preview(Int32 id, CancellationToken cancellationToken) in C:\Users\Tarek\Desktop\assignment\src\AssignmentManagement.Api\Controllers\SubmissionsController.cs:line 88
   at Microsoft.AspNetCore.Mvc.Infrastructure.ActionMethodExecutor.TaskOfIActionResultExecutor.Execute(ActionContext actionContext, IActionResultTypeMapper mapper, ObjectMethodExecutor executor, Object controller, Object[] arguments)
   at Microsoft.AspNetCore.Mvc.Infrastructure.ControllerActionInvoker.<InvokeActionMethodAsync>g__Awaited|12_0(ControllerActionInvoker invoker, ValueTask`1 actionResultValueTask)
   at Microsoft.AspNetCore.Mvc.Infrastructure.ControllerActionInvoker.<InvokeNextActionFilterAsync>g__Awaited|10_0(ControllerActionInvoker invoker, Task lastTask, State next, Scope scope, Object state, Boolean isCompleted)
   at Microsoft.AspNetCore.Mvc.Infrastructure.ControllerActionInvoker.Rethrow(ActionExecutedContextSealed context)
   at Microsoft.AspNetCore.Mvc.Infrastructure.ControllerActionInvoker.Next(State& next, Scope& scope, Object& state, Boolean& isCompleted)
   at Microsoft.AspNetCore.Mvc.Infrastructure.ControllerActionInvoker.<InvokeInnerFilterAsync>g__Awaited|13_0(ControllerActionInvoker invoker, Task lastTask, State next, Scope scope, Object state, Boolean isCompleted)
   at Microsoft.AspNetCore.Mvc.Infrastructure.ResourceInvoker.<InvokeFilterPipelineAsync>g__Awaited|20_0(ResourceInvoker invoker, Task lastTask, State next, Scope scope, Object state, Boolean isCompleted)
   at Microsoft.AspNetCore.Mvc.Infrastructure.ResourceInvoker.<InvokeAsync>g__Awaited|17_0(ResourceInvoker invoker, Task task, IDisposable scope)
   at Microsoft.AspNetCore.Mvc.Infrastructure.ResourceInvoker.<InvokeAsync>g__Awaited|17_0(ResourceInvoker invoker, Task task, IDisposable scope)
   at Microsoft.AspNetCore.Authorization.AuthorizationMiddleware.Invoke(HttpContext context)
   at Microsoft.AspNetCore.Authentication.AuthenticationMiddleware.Invoke(HttpContext context)
   at Swashbuckle.AspNetCore.SwaggerUI.SwaggerUIMiddleware.Invoke(HttpContext httpContext)
   at Swashbuckle.AspNetCore.Swagger.SwaggerMiddleware.Invoke(HttpContext httpContext, ISwaggerProvider swaggerProvider)
   at AssignmentManagement.Api.Middleware.ExceptionMiddleware.InvokeAsync(HttpContext context) in C:\Users\Tarek\Desktop\assignment\src\AssignmentManagement.Api\Middleware\ExceptionMiddleware.cs:line 23
2026-08-08 08:14:27.395 +06:00 [ERR] [AssignmentManagement.Api.Middleware.ExceptionMiddleware] Unhandled exception occurred while processing request GET /api/submissions/78/preview
AssignmentManagement.Application.Common.ForbiddenException: Invalid file path specified.
   at AssignmentManagement.Infrastructure.Services.StorageService.GetFileAsync(String relativePath, Boolean isDownload, CancellationToken cancellationToken) in C:\Users\Tarek\Desktop\assignment\src\AssignmentManagement.Infrastructure\Services\StorageService.cs:line 117
   at AssignmentManagement.Application.Services.SubmissionService.GetSubmissionFileStreamAsync(Int32 submissionId, Boolean isPreview, CancellationToken cancellationToken) in C:\Users\Tarek\Desktop\assignment\src\AssignmentManagement.Application\Services\SubmissionService.cs:line 228
   at AssignmentManagement.Api.Controllers.SubmissionsController.Preview(Int32 id, CancellationToken cancellationToken) in C:\Users\Tarek\Desktop\assignment\src\AssignmentManagement.Api\Controllers\SubmissionsController.cs:line 88
   at Microsoft.AspNetCore.Mvc.Infrastructure.ActionMethodExecutor.TaskOfIActionResultExecutor.Execute(ActionContext actionContext, IActionResultTypeMapper mapper, ObjectMethodExecutor executor, Object controller, Object[] arguments)
   at Microsoft.AspNetCore.Mvc.Infrastructure.ControllerActionInvoker.<InvokeActionMethodAsync>g__Awaited|12_0(ControllerActionInvoker invoker, ValueTask`1 actionResultValueTask)
   at Microsoft.AspNetCore.Mvc.Infrastructure.ControllerActionInvoker.<InvokeNextActionFilterAsync>g__Awaited|10_0(ControllerActionInvoker invoker, Task lastTask, State next, Scope scope, Object state, Boolean isCompleted)
   at Microsoft.AspNetCore.Mvc.Infrastructure.ControllerActionInvoker.Rethrow(ActionExecutedContextSealed context)
   at Microsoft.AspNetCore.Mvc.Infrastructure.ControllerActionInvoker.Next(State& next, Scope& scope, Object& state, Boolean& isCompleted)
   at Microsoft.AspNetCore.Mvc.Infrastructure.ControllerActionInvoker.<InvokeInnerFilterAsync>g__Awaited|13_0(ControllerActionInvoker invoker, Task lastTask, State next, Scope scope, Object state, Boolean isCompleted)
   at Microsoft.AspNetCore.Mvc.Infrastructure.ResourceInvoker.<InvokeFilterPipelineAsync>g__Awaited|20_0(ResourceInvoker invoker, Task lastTask, State next, Scope scope, Object state, Boolean isCompleted)
   at Microsoft.AspNetCore.Mvc.Infrastructure.ResourceInvoker.<InvokeAsync>g__Awaited|17_0(ResourceInvoker invoker, Task task, IDisposable scope)
   at Microsoft.AspNetCore.Mvc.Infrastructure.ResourceInvoker.<InvokeAsync>g__Awaited|17_0(ResourceInvoker invoker, Task task, IDisposable scope)
   at Microsoft.AspNetCore.Authorization.AuthorizationMiddleware.Invoke(HttpContext context)
   at Microsoft.AspNetCore.Authentication.AuthenticationMiddleware.Invoke(HttpContext context)
   at Swashbuckle.AspNetCore.SwaggerUI.SwaggerUIMiddleware.Invoke(HttpContext httpContext)
   at Swashbuckle.AspNetCore.Swagger.SwaggerMiddleware.Invoke(HttpContext httpContext, ISwaggerProvider swaggerProvider)
   at AssignmentManagement.Api.Middleware.ExceptionMiddleware.InvokeAsync(HttpContext context) in C:\Users\Tarek\Desktop\assignment\src\AssignmentManagement.Api\Middleware\ExceptionMiddleware.cs:line 23
2026-08-08 08:15:36.716 +06:00 [INF] [AssignmentManagement.Application.Services.AuthService] User 19 (student3@school.edu.bd) logged out
2026-08-08 08:15:41.173 +06:00 [INF] [AssignmentManagement.Application.Services.AuthService] User 4 (teacher3@school.edu.bd) logged in successfully with role "Teacher"
2026-08-08 08:17:08.124 +06:00 [ERR] [AssignmentManagement.Api.Middleware.ExceptionMiddleware] Unhandled exception occurred while processing request GET /api/submissions/2391/preview
AssignmentManagement.Application.Common.ForbiddenException: Invalid file path specified.
   at AssignmentManagement.Infrastructure.Services.StorageService.GetFileAsync(String relativePath, Boolean isDownload, CancellationToken cancellationToken) in C:\Users\Tarek\Desktop\assignment\src\AssignmentManagement.Infrastructure\Services\StorageService.cs:line 117
   at AssignmentManagement.Application.Services.SubmissionService.GetSubmissionFileStreamAsync(Int32 submissionId, Boolean isPreview, CancellationToken cancellationToken) in C:\Users\Tarek\Desktop\assignment\src\AssignmentManagement.Application\Services\SubmissionService.cs:line 228
   at AssignmentManagement.Api.Controllers.SubmissionsController.Preview(Int32 id, CancellationToken cancellationToken) in C:\Users\Tarek\Desktop\assignment\src\AssignmentManagement.Api\Controllers\SubmissionsController.cs:line 88
   at Microsoft.AspNetCore.Mvc.Infrastructure.ActionMethodExecutor.TaskOfIActionResultExecutor.Execute(ActionContext actionContext, IActionResultTypeMapper mapper, ObjectMethodExecutor executor, Object controller, Object[] arguments)
   at Microsoft.AspNetCore.Mvc.Infrastructure.ControllerActionInvoker.<InvokeActionMethodAsync>g__Awaited|12_0(ControllerActionInvoker invoker, ValueTask`1 actionResultValueTask)
   at Microsoft.AspNetCore.Mvc.Infrastructure.ControllerActionInvoker.<InvokeNextActionFilterAsync>g__Awaited|10_0(ControllerActionInvoker invoker, Task lastTask, State next, Scope scope, Object state, Boolean isCompleted)
   at Microsoft.AspNetCore.Mvc.Infrastructure.ControllerActionInvoker.Rethrow(ActionExecutedContextSealed context)
   at Microsoft.AspNetCore.Mvc.Infrastructure.ControllerActionInvoker.Next(State& next, Scope& scope, Object& state, Boolean& isCompleted)
   at Microsoft.AspNetCore.Mvc.Infrastructure.ControllerActionInvoker.<InvokeInnerFilterAsync>g__Awaited|13_0(ControllerActionInvoker invoker, Task lastTask, State next, Scope scope, Object state, Boolean isCompleted)
   at Microsoft.AspNetCore.Mvc.Infrastructure.ResourceInvoker.<InvokeFilterPipelineAsync>g__Awaited|20_0(ResourceInvoker invoker, Task lastTask, State next, Scope scope, Object state, Boolean isCompleted)
   at Microsoft.AspNetCore.Mvc.Infrastructure.ResourceInvoker.<InvokeAsync>g__Awaited|17_0(ResourceInvoker invoker, Task task, IDisposable scope)
   at Microsoft.AspNetCore.Mvc.Infrastructure.ResourceInvoker.<InvokeAsync>g__Awaited|17_0(ResourceInvoker invoker, Task task, IDisposable scope)
   at Microsoft.AspNetCore.Authorization.AuthorizationMiddleware.Invoke(HttpContext context)
   at Microsoft.AspNetCore.Authentication.AuthenticationMiddleware.Invoke(HttpContext context)
   at Swashbuckle.AspNetCore.SwaggerUI.SwaggerUIMiddleware.Invoke(HttpContext httpContext)
   at Swashbuckle.AspNetCore.Swagger.SwaggerMiddleware.Invoke(HttpContext httpContext, ISwaggerProvider swaggerProvider)
   at AssignmentManagement.Api.Middleware.ExceptionMiddleware.InvokeAsync(HttpContext context) in C:\Users\Tarek\Desktop\assignment\src\AssignmentManagement.Api\Middleware\ExceptionMiddleware.cs:line 23
2026-08-08 08:17:08.131 +06:00 [ERR] [AssignmentManagement.Api.Middleware.ExceptionMiddleware] Unhandled exception occurred while processing request GET /api/submissions/2391/preview
AssignmentManagement.Application.Common.ForbiddenException: Invalid file path specified.
   at AssignmentManagement.Infrastructure.Services.StorageService.GetFileAsync(String relativePath, Boolean isDownload, CancellationToken cancellationToken) in C:\Users\Tarek\Desktop\assignment\src\AssignmentManagement.Infrastructure\Services\StorageService.cs:line 117
   at AssignmentManagement.Application.Services.SubmissionService.GetSubmissionFileStreamAsync(Int32 submissionId, Boolean isPreview, CancellationToken cancellationToken) in C:\Users\Tarek\Desktop\assignment\src\AssignmentManagement.Application\Services\SubmissionService.cs:line 228
   at AssignmentManagement.Api.Controllers.SubmissionsController.Preview(Int32 id, CancellationToken cancellationToken) in C:\Users\Tarek\Desktop\assignment\src\AssignmentManagement.Api\Controllers\SubmissionsController.cs:line 88
   at Microsoft.AspNetCore.Mvc.Infrastructure.ActionMethodExecutor.TaskOfIActionResultExecutor.Execute(ActionContext actionContext, IActionResultTypeMapper mapper, ObjectMethodExecutor executor, Object controller, Object[] arguments)
   at Microsoft.AspNetCore.Mvc.Infrastructure.ControllerActionInvoker.<InvokeActionMethodAsync>g__Awaited|12_0(ControllerActionInvoker invoker, ValueTask`1 actionResultValueTask)
   at Microsoft.AspNetCore.Mvc.Infrastructure.ControllerActionInvoker.<InvokeNextActionFilterAsync>g__Awaited|10_0(ControllerActionInvoker invoker, Task lastTask, State next, Scope scope, Object state, Boolean isCompleted)
   at Microsoft.AspNetCore.Mvc.Infrastructure.ControllerActionInvoker.Rethrow(ActionExecutedContextSealed context)
   at Microsoft.AspNetCore.Mvc.Infrastructure.ControllerActionInvoker.Next(State& next, Scope& scope, Object& state, Boolean& isCompleted)
   at Microsoft.AspNetCore.Mvc.Infrastructure.ControllerActionInvoker.<InvokeInnerFilterAsync>g__Awaited|13_0(ControllerActionInvoker invoker, Task lastTask, State next, Scope scope, Object state, Boolean isCompleted)
   at Microsoft.AspNetCore.Mvc.Infrastructure.ResourceInvoker.<InvokeFilterPipelineAsync>g__Awaited|20_0(ResourceInvoker invoker, Task lastTask, State next, Scope scope, Object state, Boolean isCompleted)
   at Microsoft.AspNetCore.Mvc.Infrastructure.ResourceInvoker.<InvokeAsync>g__Awaited|17_0(ResourceInvoker invoker, Task task, IDisposable scope)
   at Microsoft.AspNetCore.Mvc.Infrastructure.ResourceInvoker.<InvokeAsync>g__Awaited|17_0(ResourceInvoker invoker, Task task, IDisposable scope)
   at Microsoft.AspNetCore.Authorization.AuthorizationMiddleware.Invoke(HttpContext context)
   at Microsoft.AspNetCore.Authentication.AuthenticationMiddleware.Invoke(HttpContext context)
   at Swashbuckle.AspNetCore.SwaggerUI.SwaggerUIMiddleware.Invoke(HttpContext httpContext)
   at Swashbuckle.AspNetCore.Swagger.SwaggerMiddleware.Invoke(HttpContext httpContext, ISwaggerProvider swaggerProvider)
   at AssignmentManagement.Api.Middleware.ExceptionMiddleware.InvokeAsync(HttpContext context) in C:\Users\Tarek\Desktop\assignment\src\AssignmentManagement.Api\Middleware\ExceptionMiddleware.cs:line 23
2026-08-08 08:21:24.437 +06:00 [INF] [AssignmentManagement.Application.Services.AuthService] User 4 (teacher3@school.edu.bd) logged out
2026-08-08 08:21:25.510 +06:00 [INF] [AssignmentManagement.Application.Services.AuthService] User 4 (teacher3@school.edu.bd) logged in successfully with role "Teacher"
2026-08-08 08:22:11.277 +06:00 [INF] [AssignmentManagement.Application.Services.AuthService] User 4 (teacher3@school.edu.bd) logged out
2026-08-08 08:22:13.614 +06:00 [INF] [AssignmentManagement.Application.Services.AuthService] User 4 (teacher3@school.edu.bd) logged in successfully with role "Teacher"
2026-08-08 08:22:35.084 +06:00 [ERR] [AssignmentManagement.Api.Middleware.ExceptionMiddleware] Unhandled exception occurred while processing request GET /api/submissions/2391/preview
AssignmentManagement.Application.Common.ForbiddenException: Invalid file path specified.
   at AssignmentManagement.Infrastructure.Services.StorageService.GetFileAsync(String relativePath, Boolean isDownload, CancellationToken cancellationToken) in C:\Users\Tarek\Desktop\assignment\src\AssignmentManagement.Infrastructure\Services\StorageService.cs:line 117
   at AssignmentManagement.Application.Services.SubmissionService.GetSubmissionFileStreamAsync(Int32 submissionId, Boolean isPreview, CancellationToken cancellationToken) in C:\Users\Tarek\Desktop\assignment\src\AssignmentManagement.Application\Services\SubmissionService.cs:line 228
   at AssignmentManagement.Api.Controllers.SubmissionsController.Preview(Int32 id, CancellationToken cancellationToken) in C:\Users\Tarek\Desktop\assignment\src\AssignmentManagement.Api\Controllers\SubmissionsController.cs:line 88
   at Microsoft.AspNetCore.Mvc.Infrastructure.ActionMethodExecutor.TaskOfIActionResultExecutor.Execute(ActionContext actionContext, IActionResultTypeMapper mapper, ObjectMethodExecutor executor, Object controller, Object[] arguments)
   at Microsoft.AspNetCore.Mvc.Infrastructure.ControllerActionInvoker.<InvokeActionMethodAsync>g__Awaited|12_0(ControllerActionInvoker invoker, ValueTask`1 actionResultValueTask)
   at Microsoft.AspNetCore.Mvc.Infrastructure.ControllerActionInvoker.<InvokeNextActionFilterAsync>g__Awaited|10_0(ControllerActionInvoker invoker, Task lastTask, State next, Scope scope, Object state, Boolean isCompleted)
   at Microsoft.AspNetCore.Mvc.Infrastructure.ControllerActionInvoker.Rethrow(ActionExecutedContextSealed context)
   at Microsoft.AspNetCore.Mvc.Infrastructure.ControllerActionInvoker.Next(State& next, Scope& scope, Object& state, Boolean& isCompleted)
   at Microsoft.AspNetCore.Mvc.Infrastructure.ControllerActionInvoker.<InvokeInnerFilterAsync>g__Awaited|13_0(ControllerActionInvoker invoker, Task lastTask, State next, Scope scope, Object state, Boolean isCompleted)
   at Microsoft.AspNetCore.Mvc.Infrastructure.ResourceInvoker.<InvokeFilterPipelineAsync>g__Awaited|20_0(ResourceInvoker invoker, Task lastTask, State next, Scope scope, Object state, Boolean isCompleted)
   at Microsoft.AspNetCore.Mvc.Infrastructure.ResourceInvoker.<InvokeAsync>g__Awaited|17_0(ResourceInvoker invoker, Task task, IDisposable scope)
   at Microsoft.AspNetCore.Mvc.Infrastructure.ResourceInvoker.<InvokeAsync>g__Awaited|17_0(ResourceInvoker invoker, Task task, IDisposable scope)
   at Microsoft.AspNetCore.Authorization.AuthorizationMiddleware.Invoke(HttpContext context)
   at Microsoft.AspNetCore.Authentication.AuthenticationMiddleware.Invoke(HttpContext context)
   at Swashbuckle.AspNetCore.SwaggerUI.SwaggerUIMiddleware.Invoke(HttpContext httpContext)
   at Swashbuckle.AspNetCore.Swagger.SwaggerMiddleware.Invoke(HttpContext httpContext, ISwaggerProvider swaggerProvider)
   at AssignmentManagement.Api.Middleware.ExceptionMiddleware.InvokeAsync(HttpContext context) in C:\Users\Tarek\Desktop\assignment\src\AssignmentManagement.Api\Middleware\ExceptionMiddleware.cs:line 23
2026-08-08 08:22:35.090 +06:00 [ERR] [AssignmentManagement.Api.Middleware.ExceptionMiddleware] Unhandled exception occurred while processing request GET /api/submissions/2391/preview
AssignmentManagement.Application.Common.ForbiddenException: Invalid file path specified.
   at AssignmentManagement.Infrastructure.Services.StorageService.GetFileAsync(String relativePath, Boolean isDownload, CancellationToken cancellationToken) in C:\Users\Tarek\Desktop\assignment\src\AssignmentManagement.Infrastructure\Services\StorageService.cs:line 117
   at AssignmentManagement.Application.Services.SubmissionService.GetSubmissionFileStreamAsync(Int32 submissionId, Boolean isPreview, CancellationToken cancellationToken) in C:\Users\Tarek\Desktop\assignment\src\AssignmentManagement.Application\Services\SubmissionService.cs:line 228
   at AssignmentManagement.Api.Controllers.SubmissionsController.Preview(Int32 id, CancellationToken cancellationToken) in C:\Users\Tarek\Desktop\assignment\src\AssignmentManagement.Api\Controllers\SubmissionsController.cs:line 88
   at Microsoft.AspNetCore.Mvc.Infrastructure.ActionMethodExecutor.TaskOfIActionResultExecutor.Execute(ActionContext actionContext, IActionResultTypeMapper mapper, ObjectMethodExecutor executor, Object controller, Object[] arguments)
   at Microsoft.AspNetCore.Mvc.Infrastructure.ControllerActionInvoker.<InvokeActionMethodAsync>g__Awaited|12_0(ControllerActionInvoker invoker, ValueTask`1 actionResultValueTask)
   at Microsoft.AspNetCore.Mvc.Infrastructure.ControllerActionInvoker.<InvokeNextActionFilterAsync>g__Awaited|10_0(ControllerActionInvoker invoker, Task lastTask, State next, Scope scope, Object state, Boolean isCompleted)
   at Microsoft.AspNetCore.Mvc.Infrastructure.ControllerActionInvoker.Rethrow(ActionExecutedContextSealed context)
   at Microsoft.AspNetCore.Mvc.Infrastructure.ControllerActionInvoker.Next(State& next, Scope& scope, Object& state, Boolean& isCompleted)
   at Microsoft.AspNetCore.Mvc.Infrastructure.ControllerActionInvoker.<InvokeInnerFilterAsync>g__Awaited|13_0(ControllerActionInvoker invoker, Task lastTask, State next, Scope scope, Object state, Boolean isCompleted)
   at Microsoft.AspNetCore.Mvc.Infrastructure.ResourceInvoker.<InvokeFilterPipelineAsync>g__Awaited|20_0(ResourceInvoker invoker, Task lastTask, State next, Scope scope, Object state, Boolean isCompleted)
   at Microsoft.AspNetCore.Mvc.Infrastructure.ResourceInvoker.<InvokeAsync>g__Awaited|17_0(ResourceInvoker invoker, Task task, IDisposable scope)
   at Microsoft.AspNetCore.Mvc.Infrastructure.ResourceInvoker.<InvokeAsync>g__Awaited|17_0(ResourceInvoker invoker, Task task, IDisposable scope)
   at Microsoft.AspNetCore.Authorization.AuthorizationMiddleware.Invoke(HttpContext context)
   at Microsoft.AspNetCore.Authentication.AuthenticationMiddleware.Invoke(HttpContext context)
   at Swashbuckle.AspNetCore.SwaggerUI.SwaggerUIMiddleware.Invoke(HttpContext httpContext)
   at Swashbuckle.AspNetCore.Swagger.SwaggerMiddleware.Invoke(HttpContext httpContext, ISwaggerProvider swaggerProvider)
   at AssignmentManagement.Api.Middleware.ExceptionMiddleware.InvokeAsync(HttpContext context) in C:\Users\Tarek\Desktop\assignment\src\AssignmentManagement.Api\Middleware\ExceptionMiddleware.cs:line 23
2026-08-08 08:27:47.989 +06:00 [INF] [AssignmentManagement.Application.Services.AuthService] User 4 (teacher3@school.edu.bd) logged out
2026-08-08 08:27:50.664 +06:00 [INF] [AssignmentManagement.Application.Services.AuthService] User 1 (admin@example.com) logged in successfully with role "Admin"
2026-08-08 08:28:30.405 +06:00 [INF] [AssignmentManagement.Application.Services.AuthService] User 1 (admin@example.com) logged out
2026-08-08 08:28:33.434 +06:00 [INF] [AssignmentManagement.Application.Services.AuthService] User 31 (student15@school.edu.bd) logged in successfully with role "Student"
2026-08-08 08:29:27.301 +06:00 [INF] [AssignmentManagement.Application.Services.AuthService] User 31 (student15@school.edu.bd) logged out
2026-08-08 08:29:29.741 +06:00 [INF] [AssignmentManagement.Application.Services.AuthService] User 4 (teacher3@school.edu.bd) logged in successfully with role "Teacher"
2026-08-08 08:29:53.885 +06:00 [INF] [AssignmentManagement.Application.Services.AuthService] User 4 (teacher3@school.edu.bd) logged out
2026-08-08 08:29:54.831 +06:00 [INF] [AssignmentManagement.Application.Services.AuthService] User 4 (teacher3@school.edu.bd) logged in successfully with role "Teacher"
2026-08-08 08:30:00.237 +06:00 [INF] [AssignmentManagement.Application.Services.AuthService] User 4 (teacher3@school.edu.bd) logged out
2026-08-08 08:30:11.851 +06:00 [INF] [AssignmentManagement.Application.Services.AuthService] User 4 (teacher3@school.edu.bd) logged in successfully with role "Teacher"
2026-08-08 08:30:12.820 +06:00 [INF] [AssignmentManagement.Application.Services.AuthService] User 4 (teacher3@school.edu.bd) logged out
2026-08-08 08:30:15.350 +06:00 [INF] [AssignmentManagement.Application.Services.AuthService] User 31 (student15@school.edu.bd) logged in successfully with role "Student"
2026-08-08 08:30:51.309 +06:00 [INF] [AssignmentManagement.Application.Services.AuthService] User 31 (student15@school.edu.bd) logged out
2026-08-08 08:30:53.501 +06:00 [INF] [AssignmentManagement.Application.Services.AuthService] User 31 (student15@school.edu.bd) logged in successfully with role "Student"
2026-08-08 08:30:54.708 +06:00 [INF] [AssignmentManagement.Application.Services.AuthService] User 31 (student15@school.edu.bd) logged out
2026-08-08 08:30:58.108 +06:00 [INF] [AssignmentManagement.Application.Services.AuthService] User 23 (student7@school.edu.bd) logged in successfully with role "Student"
2026-08-08 08:31:26.573 +06:00 [INF] [AssignmentManagement.Application.Services.AuthService] User 23 (student7@school.edu.bd) logged out
2026-08-08 08:31:32.868 +06:00 [INF] [AssignmentManagement.Application.Services.AuthService] User 8 (teacher7@school.edu.bd) logged in successfully with role "Teacher"
2026-08-08 08:31:43.834 +06:00 [ERR] [AssignmentManagement.Api.Middleware.ExceptionMiddleware] Unhandled exception occurred while processing request GET /api/submissions/13
AssignmentManagement.Application.Common.ForbiddenException: You do not have permission to view or access this submission.
   at AssignmentManagement.Application.Services.SubmissionService.EnsureAccessPermission(Submission submission) in C:\Users\Tarek\Desktop\assignment\src\AssignmentManagement.Application\Services\SubmissionService.cs:line 269
   at AssignmentManagement.Application.Services.SubmissionService.GetSubmissionByIdAsync(Int32 submissionId, CancellationToken cancellationToken) in C:\Users\Tarek\Desktop\assignment\src\AssignmentManagement.Application\Services\SubmissionService.cs:line 162
   at AssignmentManagement.Api.Controllers.SubmissionsController.GetById(Int32 id, CancellationToken cancellationToken) in C:\Users\Tarek\Desktop\assignment\src\AssignmentManagement.Api\Controllers\SubmissionsController.cs:line 64
   at lambda_method1012(Closure, Object)
   at Microsoft.AspNetCore.Mvc.Infrastructure.ActionMethodExecutor.AwaitableObjectResultExecutor.Execute(ActionContext actionContext, IActionResultTypeMapper mapper, ObjectMethodExecutor executor, Object controller, Object[] arguments)
   at Microsoft.AspNetCore.Mvc.Infrastructure.ControllerActionInvoker.<InvokeActionMethodAsync>g__Awaited|12_0(ControllerActionInvoker invoker, ValueTask`1 actionResultValueTask)
   at Microsoft.AspNetCore.Mvc.Infrastructure.ControllerActionInvoker.<InvokeNextActionFilterAsync>g__Awaited|10_0(ControllerActionInvoker invoker, Task lastTask, State next, Scope scope, Object state, Boolean isCompleted)
   at Microsoft.AspNetCore.Mvc.Infrastructure.ControllerActionInvoker.Rethrow(ActionExecutedContextSealed context)
   at Microsoft.AspNetCore.Mvc.Infrastructure.ControllerActionInvoker.Next(State& next, Scope& scope, Object& state, Boolean& isCompleted)
   at Microsoft.AspNetCore.Mvc.Infrastructure.ControllerActionInvoker.<InvokeInnerFilterAsync>g__Awaited|13_0(ControllerActionInvoker invoker, Task lastTask, State next, Scope scope, Object state, Boolean isCompleted)
   at Microsoft.AspNetCore.Mvc.Infrastructure.ResourceInvoker.<InvokeFilterPipelineAsync>g__Awaited|20_0(ResourceInvoker invoker, Task lastTask, State next, Scope scope, Object state, Boolean isCompleted)
   at Microsoft.AspNetCore.Mvc.Infrastructure.ResourceInvoker.<InvokeAsync>g__Awaited|17_0(ResourceInvoker invoker, Task task, IDisposable scope)
   at Microsoft.AspNetCore.Mvc.Infrastructure.ResourceInvoker.<InvokeAsync>g__Awaited|17_0(ResourceInvoker invoker, Task task, IDisposable scope)
   at Microsoft.AspNetCore.Authorization.AuthorizationMiddleware.Invoke(HttpContext context)
   at Microsoft.AspNetCore.Authentication.AuthenticationMiddleware.Invoke(HttpContext context)
   at Swashbuckle.AspNetCore.SwaggerUI.SwaggerUIMiddleware.Invoke(HttpContext httpContext)
   at Swashbuckle.AspNetCore.Swagger.SwaggerMiddleware.Invoke(HttpContext httpContext, ISwaggerProvider swaggerProvider)
   at AssignmentManagement.Api.Middleware.ExceptionMiddleware.InvokeAsync(HttpContext context) in C:\Users\Tarek\Desktop\assignment\src\AssignmentManagement.Api\Middleware\ExceptionMiddleware.cs:line 23
2026-08-08 08:31:43.843 +06:00 [ERR] [AssignmentManagement.Api.Middleware.ExceptionMiddleware] Unhandled exception occurred while processing request GET /api/submissions/13
AssignmentManagement.Application.Common.ForbiddenException: You do not have permission to view or access this submission.
   at AssignmentManagement.Application.Services.SubmissionService.EnsureAccessPermission(Submission submission) in C:\Users\Tarek\Desktop\assignment\src\AssignmentManagement.Application\Services\SubmissionService.cs:line 269
   at AssignmentManagement.Application.Services.SubmissionService.GetSubmissionByIdAsync(Int32 submissionId, CancellationToken cancellationToken) in C:\Users\Tarek\Desktop\assignment\src\AssignmentManagement.Application\Services\SubmissionService.cs:line 162
   at AssignmentManagement.Api.Controllers.SubmissionsController.GetById(Int32 id, CancellationToken cancellationToken) in C:\Users\Tarek\Desktop\assignment\src\AssignmentManagement.Api\Controllers\SubmissionsController.cs:line 64
   at lambda_method1012(Closure, Object)
   at Microsoft.AspNetCore.Mvc.Infrastructure.ActionMethodExecutor.AwaitableObjectResultExecutor.Execute(ActionContext actionContext, IActionResultTypeMapper mapper, ObjectMethodExecutor executor, Object controller, Object[] arguments)
   at Microsoft.AspNetCore.Mvc.Infrastructure.ControllerActionInvoker.<InvokeActionMethodAsync>g__Awaited|12_0(ControllerActionInvoker invoker, ValueTask`1 actionResultValueTask)
   at Microsoft.AspNetCore.Mvc.Infrastructure.ControllerActionInvoker.<InvokeNextActionFilterAsync>g__Awaited|10_0(ControllerActionInvoker invoker, Task lastTask, State next, Scope scope, Object state, Boolean isCompleted)
   at Microsoft.AspNetCore.Mvc.Infrastructure.ControllerActionInvoker.Rethrow(ActionExecutedContextSealed context)
   at Microsoft.AspNetCore.Mvc.Infrastructure.ControllerActionInvoker.Next(State& next, Scope& scope, Object& state, Boolean& isCompleted)
   at Microsoft.AspNetCore.Mvc.Infrastructure.ControllerActionInvoker.<InvokeInnerFilterAsync>g__Awaited|13_0(ControllerActionInvoker invoker, Task lastTask, State next, Scope scope, Object state, Boolean isCompleted)
   at Microsoft.AspNetCore.Mvc.Infrastructure.ResourceInvoker.<InvokeFilterPipelineAsync>g__Awaited|20_0(ResourceInvoker invoker, Task lastTask, State next, Scope scope, Object state, Boolean isCompleted)
   at Microsoft.AspNetCore.Mvc.Infrastructure.ResourceInvoker.<InvokeAsync>g__Awaited|17_0(ResourceInvoker invoker, Task task, IDisposable scope)
   at Microsoft.AspNetCore.Mvc.Infrastructure.ResourceInvoker.<InvokeAsync>g__Awaited|17_0(ResourceInvoker invoker, Task task, IDisposable scope)
   at Microsoft.AspNetCore.Authorization.AuthorizationMiddleware.Invoke(HttpContext context)
   at Microsoft.AspNetCore.Authentication.AuthenticationMiddleware.Invoke(HttpContext context)
   at Swashbuckle.AspNetCore.SwaggerUI.SwaggerUIMiddleware.Invoke(HttpContext httpContext)
   at Swashbuckle.AspNetCore.Swagger.SwaggerMiddleware.Invoke(HttpContext httpContext, ISwaggerProvider swaggerProvider)
   at AssignmentManagement.Api.Middleware.ExceptionMiddleware.InvokeAsync(HttpContext context) in C:\Users\Tarek\Desktop\assignment\src\AssignmentManagement.Api\Middleware\ExceptionMiddleware.cs:line 23
2026-08-08 08:32:17.014 +06:00 [ERR] [AssignmentManagement.Api.Middleware.ExceptionMiddleware] Unhandled exception occurred while processing request GET /api/submissions/11
AssignmentManagement.Application.Common.ForbiddenException: You do not have permission to view or access this submission.
   at AssignmentManagement.Application.Services.SubmissionService.EnsureAccessPermission(Submission submission) in C:\Users\Tarek\Desktop\assignment\src\AssignmentManagement.Application\Services\SubmissionService.cs:line 269
   at AssignmentManagement.Application.Services.SubmissionService.GetSubmissionByIdAsync(Int32 submissionId, CancellationToken cancellationToken) in C:\Users\Tarek\Desktop\assignment\src\AssignmentManagement.Application\Services\SubmissionService.cs:line 162
   at AssignmentManagement.Api.Controllers.SubmissionsController.GetById(Int32 id, CancellationToken cancellationToken) in C:\Users\Tarek\Desktop\assignment\src\AssignmentManagement.Api\Controllers\SubmissionsController.cs:line 64
   at lambda_method1012(Closure, Object)
   at Microsoft.AspNetCore.Mvc.Infrastructure.ActionMethodExecutor.AwaitableObjectResultExecutor.Execute(ActionContext actionContext, IActionResultTypeMapper mapper, ObjectMethodExecutor executor, Object controller, Object[] arguments)
   at Microsoft.AspNetCore.Mvc.Infrastructure.ControllerActionInvoker.<InvokeActionMethodAsync>g__Awaited|12_0(ControllerActionInvoker invoker, ValueTask`1 actionResultValueTask)
   at Microsoft.AspNetCore.Mvc.Infrastructure.ControllerActionInvoker.<InvokeNextActionFilterAsync>g__Awaited|10_0(ControllerActionInvoker invoker, Task lastTask, State next, Scope scope, Object state, Boolean isCompleted)
   at Microsoft.AspNetCore.Mvc.Infrastructure.ControllerActionInvoker.Rethrow(ActionExecutedContextSealed context)
   at Microsoft.AspNetCore.Mvc.Infrastructure.ControllerActionInvoker.Next(State& next, Scope& scope, Object& state, Boolean& isCompleted)
   at Microsoft.AspNetCore.Mvc.Infrastructure.ControllerActionInvoker.<InvokeInnerFilterAsync>g__Awaited|13_0(ControllerActionInvoker invoker, Task lastTask, State next, Scope scope, Object state, Boolean isCompleted)
   at Microsoft.AspNetCore.Mvc.Infrastructure.ResourceInvoker.<InvokeFilterPipelineAsync>g__Awaited|20_0(ResourceInvoker invoker, Task lastTask, State next, Scope scope, Object state, Boolean isCompleted)
   at Microsoft.AspNetCore.Mvc.Infrastructure.ResourceInvoker.<InvokeAsync>g__Awaited|17_0(ResourceInvoker invoker, Task task, IDisposable scope)
   at Microsoft.AspNetCore.Mvc.Infrastructure.ResourceInvoker.<InvokeAsync>g__Awaited|17_0(ResourceInvoker invoker, Task task, IDisposable scope)
   at Microsoft.AspNetCore.Authorization.AuthorizationMiddleware.Invoke(HttpContext context)
   at Microsoft.AspNetCore.Authentication.AuthenticationMiddleware.Invoke(HttpContext context)
   at Swashbuckle.AspNetCore.SwaggerUI.SwaggerUIMiddleware.Invoke(HttpContext httpContext)
   at Swashbuckle.AspNetCore.Swagger.SwaggerMiddleware.Invoke(HttpContext httpContext, ISwaggerProvider swaggerProvider)
   at AssignmentManagement.Api.Middleware.ExceptionMiddleware.InvokeAsync(HttpContext context) in C:\Users\Tarek\Desktop\assignment\src\AssignmentManagement.Api\Middleware\ExceptionMiddleware.cs:line 23
2026-08-08 08:32:17.022 +06:00 [ERR] [AssignmentManagement.Api.Middleware.ExceptionMiddleware] Unhandled exception occurred while processing request GET /api/submissions/11
AssignmentManagement.Application.Common.ForbiddenException: You do not have permission to view or access this submission.
   at AssignmentManagement.Application.Services.SubmissionService.EnsureAccessPermission(Submission submission) in C:\Users\Tarek\Desktop\assignment\src\AssignmentManagement.Application\Services\SubmissionService.cs:line 269
   at AssignmentManagement.Application.Services.SubmissionService.GetSubmissionByIdAsync(Int32 submissionId, CancellationToken cancellationToken) in C:\Users\Tarek\Desktop\assignment\src\AssignmentManagement.Application\Services\SubmissionService.cs:line 162
   at AssignmentManagement.Api.Controllers.SubmissionsController.GetById(Int32 id, CancellationToken cancellationToken) in C:\Users\Tarek\Desktop\assignment\src\AssignmentManagement.Api\Controllers\SubmissionsController.cs:line 64
   at lambda_method1012(Closure, Object)
   at Microsoft.AspNetCore.Mvc.Infrastructure.ActionMethodExecutor.AwaitableObjectResultExecutor.Execute(ActionContext actionContext, IActionResultTypeMapper mapper, ObjectMethodExecutor executor, Object controller, Object[] arguments)
   at Microsoft.AspNetCore.Mvc.Infrastructure.ControllerActionInvoker.<InvokeActionMethodAsync>g__Awaited|12_0(ControllerActionInvoker invoker, ValueTask`1 actionResultValueTask)
   at Microsoft.AspNetCore.Mvc.Infrastructure.ControllerActionInvoker.<InvokeNextActionFilterAsync>g__Awaited|10_0(ControllerActionInvoker invoker, Task lastTask, State next, Scope scope, Object state, Boolean isCompleted)
   at Microsoft.AspNetCore.Mvc.Infrastructure.ControllerActionInvoker.Rethrow(ActionExecutedContextSealed context)
   at Microsoft.AspNetCore.Mvc.Infrastructure.ControllerActionInvoker.Next(State& next, Scope& scope, Object& state, Boolean& isCompleted)
   at Microsoft.AspNetCore.Mvc.Infrastructure.ControllerActionInvoker.<InvokeInnerFilterAsync>g__Awaited|13_0(ControllerActionInvoker invoker, Task lastTask, State next, Scope scope, Object state, Boolean isCompleted)
   at Microsoft.AspNetCore.Mvc.Infrastructure.ResourceInvoker.<InvokeFilterPipelineAsync>g__Awaited|20_0(ResourceInvoker invoker, Task lastTask, State next, Scope scope, Object state, Boolean isCompleted)
   at Microsoft.AspNetCore.Mvc.Infrastructure.ResourceInvoker.<InvokeAsync>g__Awaited|17_0(ResourceInvoker invoker, Task task, IDisposable scope)
   at Microsoft.AspNetCore.Mvc.Infrastructure.ResourceInvoker.<InvokeAsync>g__Awaited|17_0(ResourceInvoker invoker, Task task, IDisposable scope)
   at Microsoft.AspNetCore.Authorization.AuthorizationMiddleware.Invoke(HttpContext context)
   at Microsoft.AspNetCore.Authentication.AuthenticationMiddleware.Invoke(HttpContext context)
   at Swashbuckle.AspNetCore.SwaggerUI.SwaggerUIMiddleware.Invoke(HttpContext httpContext)
   at Swashbuckle.AspNetCore.Swagger.SwaggerMiddleware.Invoke(HttpContext httpContext, ISwaggerProvider swaggerProvider)
   at AssignmentManagement.Api.Middleware.ExceptionMiddleware.InvokeAsync(HttpContext context) in C:\Users\Tarek\Desktop\assignment\src\AssignmentManagement.Api\Middleware\ExceptionMiddleware.cs:line 23
2026-08-08 08:32:20.965 +06:00 [ERR] [AssignmentManagement.Api.Middleware.ExceptionMiddleware] Unhandled exception occurred while processing request GET /api/submissions/13
AssignmentManagement.Application.Common.ForbiddenException: You do not have permission to view or access this submission.
   at AssignmentManagement.Application.Services.SubmissionService.EnsureAccessPermission(Submission submission) in C:\Users\Tarek\Desktop\assignment\src\AssignmentManagement.Application\Services\SubmissionService.cs:line 269
   at AssignmentManagement.Application.Services.SubmissionService.GetSubmissionByIdAsync(Int32 submissionId, CancellationToken cancellationToken) in C:\Users\Tarek\Desktop\assignment\src\AssignmentManagement.Application\Services\SubmissionService.cs:line 162
   at AssignmentManagement.Api.Controllers.SubmissionsController.GetById(Int32 id, CancellationToken cancellationToken) in C:\Users\Tarek\Desktop\assignment\src\AssignmentManagement.Api\Controllers\SubmissionsController.cs:line 64
   at lambda_method1012(Closure, Object)
   at Microsoft.AspNetCore.Mvc.Infrastructure.ActionMethodExecutor.AwaitableObjectResultExecutor.Execute(ActionContext actionContext, IActionResultTypeMapper mapper, ObjectMethodExecutor executor, Object controller, Object[] arguments)
   at Microsoft.AspNetCore.Mvc.Infrastructure.ControllerActionInvoker.<InvokeActionMethodAsync>g__Awaited|12_0(ControllerActionInvoker invoker, ValueTask`1 actionResultValueTask)
   at Microsoft.AspNetCore.Mvc.Infrastructure.ControllerActionInvoker.<InvokeNextActionFilterAsync>g__Awaited|10_0(ControllerActionInvoker invoker, Task lastTask, State next, Scope scope, Object state, Boolean isCompleted)
   at Microsoft.AspNetCore.Mvc.Infrastructure.ControllerActionInvoker.Rethrow(ActionExecutedContextSealed context)
   at Microsoft.AspNetCore.Mvc.Infrastructure.ControllerActionInvoker.Next(State& next, Scope& scope, Object& state, Boolean& isCompleted)
   at Microsoft.AspNetCore.Mvc.Infrastructure.ControllerActionInvoker.<InvokeInnerFilterAsync>g__Awaited|13_0(ControllerActionInvoker invoker, Task lastTask, State next, Scope scope, Object state, Boolean isCompleted)
   at Microsoft.AspNetCore.Mvc.Infrastructure.ResourceInvoker.<InvokeFilterPipelineAsync>g__Awaited|20_0(ResourceInvoker invoker, Task lastTask, State next, Scope scope, Object state, Boolean isCompleted)
   at Microsoft.AspNetCore.Mvc.Infrastructure.ResourceInvoker.<InvokeAsync>g__Awaited|17_0(ResourceInvoker invoker, Task task, IDisposable scope)
   at Microsoft.AspNetCore.Mvc.Infrastructure.ResourceInvoker.<InvokeAsync>g__Awaited|17_0(ResourceInvoker invoker, Task task, IDisposable scope)
   at Microsoft.AspNetCore.Authorization.AuthorizationMiddleware.Invoke(HttpContext context)
   at Microsoft.AspNetCore.Authentication.AuthenticationMiddleware.Invoke(HttpContext context)
   at Swashbuckle.AspNetCore.SwaggerUI.SwaggerUIMiddleware.Invoke(HttpContext httpContext)
   at Swashbuckle.AspNetCore.Swagger.SwaggerMiddleware.Invoke(HttpContext httpContext, ISwaggerProvider swaggerProvider)
   at AssignmentManagement.Api.Middleware.ExceptionMiddleware.InvokeAsync(HttpContext context) in C:\Users\Tarek\Desktop\assignment\src\AssignmentManagement.Api\Middleware\ExceptionMiddleware.cs:line 23
2026-08-08 08:32:20.977 +06:00 [ERR] [AssignmentManagement.Api.Middleware.ExceptionMiddleware] Unhandled exception occurred while processing request GET /api/submissions/13
AssignmentManagement.Application.Common.ForbiddenException: You do not have permission to view or access this submission.
   at AssignmentManagement.Application.Services.SubmissionService.EnsureAccessPermission(Submission submission) in C:\Users\Tarek\Desktop\assignment\src\AssignmentManagement.Application\Services\SubmissionService.cs:line 269
   at AssignmentManagement.Application.Services.SubmissionService.GetSubmissionByIdAsync(Int32 submissionId, CancellationToken cancellationToken) in C:\Users\Tarek\Desktop\assignment\src\AssignmentManagement.Application\Services\SubmissionService.cs:line 162
   at AssignmentManagement.Api.Controllers.SubmissionsController.GetById(Int32 id, CancellationToken cancellationToken) in C:\Users\Tarek\Desktop\assignment\src\AssignmentManagement.Api\Controllers\SubmissionsController.cs:line 64
   at lambda_method1012(Closure, Object)
   at Microsoft.AspNetCore.Mvc.Infrastructure.ActionMethodExecutor.AwaitableObjectResultExecutor.Execute(ActionContext actionContext, IActionResultTypeMapper mapper, ObjectMethodExecutor executor, Object controller, Object[] arguments)
   at Microsoft.AspNetCore.Mvc.Infrastructure.ControllerActionInvoker.<InvokeActionMethodAsync>g__Awaited|12_0(ControllerActionInvoker invoker, ValueTask`1 actionResultValueTask)
   at Microsoft.AspNetCore.Mvc.Infrastructure.ControllerActionInvoker.<InvokeNextActionFilterAsync>g__Awaited|10_0(ControllerActionInvoker invoker, Task lastTask, State next, Scope scope, Object state, Boolean isCompleted)
   at Microsoft.AspNetCore.Mvc.Infrastructure.ControllerActionInvoker.Rethrow(ActionExecutedContextSealed context)
   at Microsoft.AspNetCore.Mvc.Infrastructure.ControllerActionInvoker.Next(State& next, Scope& scope, Object& state, Boolean& isCompleted)
   at Microsoft.AspNetCore.Mvc.Infrastructure.ControllerActionInvoker.<InvokeInnerFilterAsync>g__Awaited|13_0(ControllerActionInvoker invoker, Task lastTask, State next, Scope scope, Object state, Boolean isCompleted)
   at Microsoft.AspNetCore.Mvc.Infrastructure.ResourceInvoker.<InvokeFilterPipelineAsync>g__Awaited|20_0(ResourceInvoker invoker, Task lastTask, State next, Scope scope, Object state, Boolean isCompleted)
   at Microsoft.AspNetCore.Mvc.Infrastructure.ResourceInvoker.<InvokeAsync>g__Awaited|17_0(ResourceInvoker invoker, Task task, IDisposable scope)
   at Microsoft.AspNetCore.Mvc.Infrastructure.ResourceInvoker.<InvokeAsync>g__Awaited|17_0(ResourceInvoker invoker, Task task, IDisposable scope)
   at Microsoft.AspNetCore.Authorization.AuthorizationMiddleware.Invoke(HttpContext context)
   at Microsoft.AspNetCore.Authentication.AuthenticationMiddleware.Invoke(HttpContext context)
   at Swashbuckle.AspNetCore.SwaggerUI.SwaggerUIMiddleware.Invoke(HttpContext httpContext)
   at Swashbuckle.AspNetCore.Swagger.SwaggerMiddleware.Invoke(HttpContext httpContext, ISwaggerProvider swaggerProvider)
   at AssignmentManagement.Api.Middleware.ExceptionMiddleware.InvokeAsync(HttpContext context) in C:\Users\Tarek\Desktop\assignment\src\AssignmentManagement.Api\Middleware\ExceptionMiddleware.cs:line 23
2026-08-08 08:33:32.807 +06:00 [ERR] [AssignmentManagement.Api.Middleware.ExceptionMiddleware] Unhandled exception occurred while processing request GET /api/submissions/619/preview
AssignmentManagement.Application.Common.ForbiddenException: Invalid file path specified.
   at AssignmentManagement.Infrastructure.Services.StorageService.GetFileAsync(String relativePath, Boolean isDownload, CancellationToken cancellationToken) in C:\Users\Tarek\Desktop\assignment\src\AssignmentManagement.Infrastructure\Services\StorageService.cs:line 117
   at AssignmentManagement.Application.Services.SubmissionService.GetSubmissionFileStreamAsync(Int32 submissionId, Boolean isPreview, CancellationToken cancellationToken) in C:\Users\Tarek\Desktop\assignment\src\AssignmentManagement.Application\Services\SubmissionService.cs:line 228
   at AssignmentManagement.Api.Controllers.SubmissionsController.Preview(Int32 id, CancellationToken cancellationToken) in C:\Users\Tarek\Desktop\assignment\src\AssignmentManagement.Api\Controllers\SubmissionsController.cs:line 88
   at Microsoft.AspNetCore.Mvc.Infrastructure.ActionMethodExecutor.TaskOfIActionResultExecutor.Execute(ActionContext actionContext, IActionResultTypeMapper mapper, ObjectMethodExecutor executor, Object controller, Object[] arguments)
   at Microsoft.AspNetCore.Mvc.Infrastructure.ControllerActionInvoker.<InvokeActionMethodAsync>g__Awaited|12_0(ControllerActionInvoker invoker, ValueTask`1 actionResultValueTask)
   at Microsoft.AspNetCore.Mvc.Infrastructure.ControllerActionInvoker.<InvokeNextActionFilterAsync>g__Awaited|10_0(ControllerActionInvoker invoker, Task lastTask, State next, Scope scope, Object state, Boolean isCompleted)
   at Microsoft.AspNetCore.Mvc.Infrastructure.ControllerActionInvoker.Rethrow(ActionExecutedContextSealed context)
   at Microsoft.AspNetCore.Mvc.Infrastructure.ControllerActionInvoker.Next(State& next, Scope& scope, Object& state, Boolean& isCompleted)
   at Microsoft.AspNetCore.Mvc.Infrastructure.ControllerActionInvoker.<InvokeInnerFilterAsync>g__Awaited|13_0(ControllerActionInvoker invoker, Task lastTask, State next, Scope scope, Object state, Boolean isCompleted)
   at Microsoft.AspNetCore.Mvc.Infrastructure.ResourceInvoker.<InvokeFilterPipelineAsync>g__Awaited|20_0(ResourceInvoker invoker, Task lastTask, State next, Scope scope, Object state, Boolean isCompleted)
   at Microsoft.AspNetCore.Mvc.Infrastructure.ResourceInvoker.<InvokeAsync>g__Awaited|17_0(ResourceInvoker invoker, Task task, IDisposable scope)
   at Microsoft.AspNetCore.Mvc.Infrastructure.ResourceInvoker.<InvokeAsync>g__Awaited|17_0(ResourceInvoker invoker, Task task, IDisposable scope)
   at Microsoft.AspNetCore.Authorization.AuthorizationMiddleware.Invoke(HttpContext context)
   at Microsoft.AspNetCore.Authentication.AuthenticationMiddleware.Invoke(HttpContext context)
   at Swashbuckle.AspNetCore.SwaggerUI.SwaggerUIMiddleware.Invoke(HttpContext httpContext)
   at Swashbuckle.AspNetCore.Swagger.SwaggerMiddleware.Invoke(HttpContext httpContext, ISwaggerProvider swaggerProvider)
   at AssignmentManagement.Api.Middleware.ExceptionMiddleware.InvokeAsync(HttpContext context) in C:\Users\Tarek\Desktop\assignment\src\AssignmentManagement.Api\Middleware\ExceptionMiddleware.cs:line 23
2026-08-08 08:33:32.814 +06:00 [ERR] [AssignmentManagement.Api.Middleware.ExceptionMiddleware] Unhandled exception occurred while processing request GET /api/submissions/619/preview
AssignmentManagement.Application.Common.ForbiddenException: Invalid file path specified.
   at AssignmentManagement.Infrastructure.Services.StorageService.GetFileAsync(String relativePath, Boolean isDownload, CancellationToken cancellationToken) in C:\Users\Tarek\Desktop\assignment\src\AssignmentManagement.Infrastructure\Services\StorageService.cs:line 117
   at AssignmentManagement.Application.Services.SubmissionService.GetSubmissionFileStreamAsync(Int32 submissionId, Boolean isPreview, CancellationToken cancellationToken) in C:\Users\Tarek\Desktop\assignment\src\AssignmentManagement.Application\Services\SubmissionService.cs:line 228
   at AssignmentManagement.Api.Controllers.SubmissionsController.Preview(Int32 id, CancellationToken cancellationToken) in C:\Users\Tarek\Desktop\assignment\src\AssignmentManagement.Api\Controllers\SubmissionsController.cs:line 88
   at Microsoft.AspNetCore.Mvc.Infrastructure.ActionMethodExecutor.TaskOfIActionResultExecutor.Execute(ActionContext actionContext, IActionResultTypeMapper mapper, ObjectMethodExecutor executor, Object controller, Object[] arguments)
   at Microsoft.AspNetCore.Mvc.Infrastructure.ControllerActionInvoker.<InvokeActionMethodAsync>g__Awaited|12_0(ControllerActionInvoker invoker, ValueTask`1 actionResultValueTask)
   at Microsoft.AspNetCore.Mvc.Infrastructure.ControllerActionInvoker.<InvokeNextActionFilterAsync>g__Awaited|10_0(ControllerActionInvoker invoker, Task lastTask, State next, Scope scope, Object state, Boolean isCompleted)
   at Microsoft.AspNetCore.Mvc.Infrastructure.ControllerActionInvoker.Rethrow(ActionExecutedContextSealed context)
   at Microsoft.AspNetCore.Mvc.Infrastructure.ControllerActionInvoker.Next(State& next, Scope& scope, Object& state, Boolean& isCompleted)
   at Microsoft.AspNetCore.Mvc.Infrastructure.ControllerActionInvoker.<InvokeInnerFilterAsync>g__Awaited|13_0(ControllerActionInvoker invoker, Task lastTask, State next, Scope scope, Object state, Boolean isCompleted)
   at Microsoft.AspNetCore.Mvc.Infrastructure.ResourceInvoker.<InvokeFilterPipelineAsync>g__Awaited|20_0(ResourceInvoker invoker, Task lastTask, State next, Scope scope, Object state, Boolean isCompleted)
   at Microsoft.AspNetCore.Mvc.Infrastructure.ResourceInvoker.<InvokeAsync>g__Awaited|17_0(ResourceInvoker invoker, Task task, IDisposable scope)
   at Microsoft.AspNetCore.Mvc.Infrastructure.ResourceInvoker.<InvokeAsync>g__Awaited|17_0(ResourceInvoker invoker, Task task, IDisposable scope)
   at Microsoft.AspNetCore.Authorization.AuthorizationMiddleware.Invoke(HttpContext context)
   at Microsoft.AspNetCore.Authentication.AuthenticationMiddleware.Invoke(HttpContext context)
   at Swashbuckle.AspNetCore.SwaggerUI.SwaggerUIMiddleware.Invoke(HttpContext httpContext)
   at Swashbuckle.AspNetCore.Swagger.SwaggerMiddleware.Invoke(HttpContext httpContext, ISwaggerProvider swaggerProvider)
   at AssignmentManagement.Api.Middleware.ExceptionMiddleware.InvokeAsync(HttpContext context) in C:\Users\Tarek\Desktop\assignment\src\AssignmentManagement.Api\Middleware\ExceptionMiddleware.cs:line 23
2026-08-08 08:34:27.194 +06:00 [ERR] [AssignmentManagement.Api.Middleware.ExceptionMiddleware] Unhandled exception occurred while processing request GET /api/submissions/599/preview
AssignmentManagement.Application.Common.ForbiddenException: Invalid file path specified.
   at AssignmentManagement.Infrastructure.Services.StorageService.GetFileAsync(String relativePath, Boolean isDownload, CancellationToken cancellationToken) in C:\Users\Tarek\Desktop\assignment\src\AssignmentManagement.Infrastructure\Services\StorageService.cs:line 117
   at AssignmentManagement.Application.Services.SubmissionService.GetSubmissionFileStreamAsync(Int32 submissionId, Boolean isPreview, CancellationToken cancellationToken) in C:\Users\Tarek\Desktop\assignment\src\AssignmentManagement.Application\Services\SubmissionService.cs:line 228
   at AssignmentManagement.Api.Controllers.SubmissionsController.Preview(Int32 id, CancellationToken cancellationToken) in C:\Users\Tarek\Desktop\assignment\src\AssignmentManagement.Api\Controllers\SubmissionsController.cs:line 88
   at Microsoft.AspNetCore.Mvc.Infrastructure.ActionMethodExecutor.TaskOfIActionResultExecutor.Execute(ActionContext actionContext, IActionResultTypeMapper mapper, ObjectMethodExecutor executor, Object controller, Object[] arguments)
   at Microsoft.AspNetCore.Mvc.Infrastructure.ControllerActionInvoker.<InvokeActionMethodAsync>g__Awaited|12_0(ControllerActionInvoker invoker, ValueTask`1 actionResultValueTask)
   at Microsoft.AspNetCore.Mvc.Infrastructure.ControllerActionInvoker.<InvokeNextActionFilterAsync>g__Awaited|10_0(ControllerActionInvoker invoker, Task lastTask, State next, Scope scope, Object state, Boolean isCompleted)
   at Microsoft.AspNetCore.Mvc.Infrastructure.ControllerActionInvoker.Rethrow(ActionExecutedContextSealed context)
   at Microsoft.AspNetCore.Mvc.Infrastructure.ControllerActionInvoker.Next(State& next, Scope& scope, Object& state, Boolean& isCompleted)
   at Microsoft.AspNetCore.Mvc.Infrastructure.ControllerActionInvoker.<InvokeInnerFilterAsync>g__Awaited|13_0(ControllerActionInvoker invoker, Task lastTask, State next, Scope scope, Object state, Boolean isCompleted)
   at Microsoft.AspNetCore.Mvc.Infrastructure.ResourceInvoker.<InvokeFilterPipelineAsync>g__Awaited|20_0(ResourceInvoker invoker, Task lastTask, State next, Scope scope, Object state, Boolean isCompleted)
   at Microsoft.AspNetCore.Mvc.Infrastructure.ResourceInvoker.<InvokeAsync>g__Awaited|17_0(ResourceInvoker invoker, Task task, IDisposable scope)
   at Microsoft.AspNetCore.Mvc.Infrastructure.ResourceInvoker.<InvokeAsync>g__Awaited|17_0(ResourceInvoker invoker, Task task, IDisposable scope)
   at Microsoft.AspNetCore.Authorization.AuthorizationMiddleware.Invoke(HttpContext context)
   at Microsoft.AspNetCore.Authentication.AuthenticationMiddleware.Invoke(HttpContext context)
   at Swashbuckle.AspNetCore.SwaggerUI.SwaggerUIMiddleware.Invoke(HttpContext httpContext)
   at Swashbuckle.AspNetCore.Swagger.SwaggerMiddleware.Invoke(HttpContext httpContext, ISwaggerProvider swaggerProvider)
   at AssignmentManagement.Api.Middleware.ExceptionMiddleware.InvokeAsync(HttpContext context) in C:\Users\Tarek\Desktop\assignment\src\AssignmentManagement.Api\Middleware\ExceptionMiddleware.cs:line 23
2026-08-08 08:34:27.199 +06:00 [ERR] [AssignmentManagement.Api.Middleware.ExceptionMiddleware] Unhandled exception occurred while processing request GET /api/submissions/599/preview
AssignmentManagement.Application.Common.ForbiddenException: Invalid file path specified.
   at AssignmentManagement.Infrastructure.Services.StorageService.GetFileAsync(String relativePath, Boolean isDownload, CancellationToken cancellationToken) in C:\Users\Tarek\Desktop\assignment\src\AssignmentManagement.Infrastructure\Services\StorageService.cs:line 117
   at AssignmentManagement.Application.Services.SubmissionService.GetSubmissionFileStreamAsync(Int32 submissionId, Boolean isPreview, CancellationToken cancellationToken) in C:\Users\Tarek\Desktop\assignment\src\AssignmentManagement.Application\Services\SubmissionService.cs:line 228
   at AssignmentManagement.Api.Controllers.SubmissionsController.Preview(Int32 id, CancellationToken cancellationToken) in C:\Users\Tarek\Desktop\assignment\src\AssignmentManagement.Api\Controllers\SubmissionsController.cs:line 88
   at Microsoft.AspNetCore.Mvc.Infrastructure.ActionMethodExecutor.TaskOfIActionResultExecutor.Execute(ActionContext actionContext, IActionResultTypeMapper mapper, ObjectMethodExecutor executor, Object controller, Object[] arguments)
   at Microsoft.AspNetCore.Mvc.Infrastructure.ControllerActionInvoker.<InvokeActionMethodAsync>g__Awaited|12_0(ControllerActionInvoker invoker, ValueTask`1 actionResultValueTask)
   at Microsoft.AspNetCore.Mvc.Infrastructure.ControllerActionInvoker.<InvokeNextActionFilterAsync>g__Awaited|10_0(ControllerActionInvoker invoker, Task lastTask, State next, Scope scope, Object state, Boolean isCompleted)
   at Microsoft.AspNetCore.Mvc.Infrastructure.ControllerActionInvoker.Rethrow(ActionExecutedContextSealed context)
   at Microsoft.AspNetCore.Mvc.Infrastructure.ControllerActionInvoker.Next(State& next, Scope& scope, Object& state, Boolean& isCompleted)
   at Microsoft.AspNetCore.Mvc.Infrastructure.ControllerActionInvoker.<InvokeInnerFilterAsync>g__Awaited|13_0(ControllerActionInvoker invoker, Task lastTask, State next, Scope scope, Object state, Boolean isCompleted)
   at Microsoft.AspNetCore.Mvc.Infrastructure.ResourceInvoker.<InvokeFilterPipelineAsync>g__Awaited|20_0(ResourceInvoker invoker, Task lastTask, State next, Scope scope, Object state, Boolean isCompleted)
   at Microsoft.AspNetCore.Mvc.Infrastructure.ResourceInvoker.<InvokeAsync>g__Awaited|17_0(ResourceInvoker invoker, Task task, IDisposable scope)
   at Microsoft.AspNetCore.Mvc.Infrastructure.ResourceInvoker.<InvokeAsync>g__Awaited|17_0(ResourceInvoker invoker, Task task, IDisposable scope)
   at Microsoft.AspNetCore.Authorization.AuthorizationMiddleware.Invoke(HttpContext context)
   at Microsoft.AspNetCore.Authentication.AuthenticationMiddleware.Invoke(HttpContext context)
   at Swashbuckle.AspNetCore.SwaggerUI.SwaggerUIMiddleware.Invoke(HttpContext httpContext)
   at Swashbuckle.AspNetCore.Swagger.SwaggerMiddleware.Invoke(HttpContext httpContext, ISwaggerProvider swaggerProvider)
   at AssignmentManagement.Api.Middleware.ExceptionMiddleware.InvokeAsync(HttpContext context) in C:\Users\Tarek\Desktop\assignment\src\AssignmentManagement.Api\Middleware\ExceptionMiddleware.cs:line 23
2026-08-08 08:34:29.747 +06:00 [ERR] [AssignmentManagement.Api.Middleware.ExceptionMiddleware] Unhandled exception occurred while processing request GET /api/submissions/599/preview
AssignmentManagement.Application.Common.ForbiddenException: Invalid file path specified.
   at AssignmentManagement.Infrastructure.Services.StorageService.GetFileAsync(String relativePath, Boolean isDownload, CancellationToken cancellationToken) in C:\Users\Tarek\Desktop\assignment\src\AssignmentManagement.Infrastructure\Services\StorageService.cs:line 117
   at AssignmentManagement.Application.Services.SubmissionService.GetSubmissionFileStreamAsync(Int32 submissionId, Boolean isPreview, CancellationToken cancellationToken) in C:\Users\Tarek\Desktop\assignment\src\AssignmentManagement.Application\Services\SubmissionService.cs:line 228
   at AssignmentManagement.Api.Controllers.SubmissionsController.Preview(Int32 id, CancellationToken cancellationToken) in C:\Users\Tarek\Desktop\assignment\src\AssignmentManagement.Api\Controllers\SubmissionsController.cs:line 88
   at Microsoft.AspNetCore.Mvc.Infrastructure.ActionMethodExecutor.TaskOfIActionResultExecutor.Execute(ActionContext actionContext, IActionResultTypeMapper mapper, ObjectMethodExecutor executor, Object controller, Object[] arguments)
   at Microsoft.AspNetCore.Mvc.Infrastructure.ControllerActionInvoker.<InvokeActionMethodAsync>g__Awaited|12_0(ControllerActionInvoker invoker, ValueTask`1 actionResultValueTask)
   at Microsoft.AspNetCore.Mvc.Infrastructure.ControllerActionInvoker.<InvokeNextActionFilterAsync>g__Awaited|10_0(ControllerActionInvoker invoker, Task lastTask, State next, Scope scope, Object state, Boolean isCompleted)
   at Microsoft.AspNetCore.Mvc.Infrastructure.ControllerActionInvoker.Rethrow(ActionExecutedContextSealed context)
   at Microsoft.AspNetCore.Mvc.Infrastructure.ControllerActionInvoker.Next(State& next, Scope& scope, Object& state, Boolean& isCompleted)
   at Microsoft.AspNetCore.Mvc.Infrastructure.ControllerActionInvoker.<InvokeInnerFilterAsync>g__Awaited|13_0(ControllerActionInvoker invoker, Task lastTask, State next, Scope scope, Object state, Boolean isCompleted)
   at Microsoft.AspNetCore.Mvc.Infrastructure.ResourceInvoker.<InvokeFilterPipelineAsync>g__Awaited|20_0(ResourceInvoker invoker, Task lastTask, State next, Scope scope, Object state, Boolean isCompleted)
   at Microsoft.AspNetCore.Mvc.Infrastructure.ResourceInvoker.<InvokeAsync>g__Awaited|17_0(ResourceInvoker invoker, Task task, IDisposable scope)
   at Microsoft.AspNetCore.Mvc.Infrastructure.ResourceInvoker.<InvokeAsync>g__Awaited|17_0(ResourceInvoker invoker, Task task, IDisposable scope)
   at Microsoft.AspNetCore.Authorization.AuthorizationMiddleware.Invoke(HttpContext context)
   at Microsoft.AspNetCore.Authentication.AuthenticationMiddleware.Invoke(HttpContext context)
   at Swashbuckle.AspNetCore.SwaggerUI.SwaggerUIMiddleware.Invoke(HttpContext httpContext)
   at Swashbuckle.AspNetCore.Swagger.SwaggerMiddleware.Invoke(HttpContext httpContext, ISwaggerProvider swaggerProvider)
   at AssignmentManagement.Api.Middleware.ExceptionMiddleware.InvokeAsync(HttpContext context) in C:\Users\Tarek\Desktop\assignment\src\AssignmentManagement.Api\Middleware\ExceptionMiddleware.cs:line 23
2026-08-08 08:34:29.752 +06:00 [ERR] [AssignmentManagement.Api.Middleware.ExceptionMiddleware] Unhandled exception occurred while processing request GET /api/submissions/599/preview
AssignmentManagement.Application.Common.ForbiddenException: Invalid file path specified.
   at AssignmentManagement.Infrastructure.Services.StorageService.GetFileAsync(String relativePath, Boolean isDownload, CancellationToken cancellationToken) in C:\Users\Tarek\Desktop\assignment\src\AssignmentManagement.Infrastructure\Services\StorageService.cs:line 117
   at AssignmentManagement.Application.Services.SubmissionService.GetSubmissionFileStreamAsync(Int32 submissionId, Boolean isPreview, CancellationToken cancellationToken) in C:\Users\Tarek\Desktop\assignment\src\AssignmentManagement.Application\Services\SubmissionService.cs:line 228
   at AssignmentManagement.Api.Controllers.SubmissionsController.Preview(Int32 id, CancellationToken cancellationToken) in C:\Users\Tarek\Desktop\assignment\src\AssignmentManagement.Api\Controllers\SubmissionsController.cs:line 88
   at Microsoft.AspNetCore.Mvc.Infrastructure.ActionMethodExecutor.TaskOfIActionResultExecutor.Execute(ActionContext actionContext, IActionResultTypeMapper mapper, ObjectMethodExecutor executor, Object controller, Object[] arguments)
   at Microsoft.AspNetCore.Mvc.Infrastructure.ControllerActionInvoker.<InvokeActionMethodAsync>g__Awaited|12_0(ControllerActionInvoker invoker, ValueTask`1 actionResultValueTask)
   at Microsoft.AspNetCore.Mvc.Infrastructure.ControllerActionInvoker.<InvokeNextActionFilterAsync>g__Awaited|10_0(ControllerActionInvoker invoker, Task lastTask, State next, Scope scope, Object state, Boolean isCompleted)
   at Microsoft.AspNetCore.Mvc.Infrastructure.ControllerActionInvoker.Rethrow(ActionExecutedContextSealed context)
   at Microsoft.AspNetCore.Mvc.Infrastructure.ControllerActionInvoker.Next(State& next, Scope& scope, Object& state, Boolean& isCompleted)
   at Microsoft.AspNetCore.Mvc.Infrastructure.ControllerActionInvoker.<InvokeInnerFilterAsync>g__Awaited|13_0(ControllerActionInvoker invoker, Task lastTask, State next, Scope scope, Object state, Boolean isCompleted)
   at Microsoft.AspNetCore.Mvc.Infrastructure.ResourceInvoker.<InvokeFilterPipelineAsync>g__Awaited|20_0(ResourceInvoker invoker, Task lastTask, State next, Scope scope, Object state, Boolean isCompleted)
   at Microsoft.AspNetCore.Mvc.Infrastructure.ResourceInvoker.<InvokeAsync>g__Awaited|17_0(ResourceInvoker invoker, Task task, IDisposable scope)
   at Microsoft.AspNetCore.Mvc.Infrastructure.ResourceInvoker.<InvokeAsync>g__Awaited|17_0(ResourceInvoker invoker, Task task, IDisposable scope)
   at Microsoft.AspNetCore.Authorization.AuthorizationMiddleware.Invoke(HttpContext context)
   at Microsoft.AspNetCore.Authentication.AuthenticationMiddleware.Invoke(HttpContext context)
   at Swashbuckle.AspNetCore.SwaggerUI.SwaggerUIMiddleware.Invoke(HttpContext httpContext)
   at Swashbuckle.AspNetCore.Swagger.SwaggerMiddleware.Invoke(HttpContext httpContext, ISwaggerProvider swaggerProvider)
   at AssignmentManagement.Api.Middleware.ExceptionMiddleware.InvokeAsync(HttpContext context) in C:\Users\Tarek\Desktop\assignment\src\AssignmentManagement.Api\Middleware\ExceptionMiddleware.cs:line 23
2026-08-08 08:34:38.259 +06:00 [ERR] [AssignmentManagement.Api.Middleware.ExceptionMiddleware] Unhandled exception occurred while processing request GET /api/submissions/599/preview
AssignmentManagement.Application.Common.ForbiddenException: Invalid file path specified.
   at AssignmentManagement.Infrastructure.Services.StorageService.GetFileAsync(String relativePath, Boolean isDownload, CancellationToken cancellationToken) in C:\Users\Tarek\Desktop\assignment\src\AssignmentManagement.Infrastructure\Services\StorageService.cs:line 117
   at AssignmentManagement.Application.Services.SubmissionService.GetSubmissionFileStreamAsync(Int32 submissionId, Boolean isPreview, CancellationToken cancellationToken) in C:\Users\Tarek\Desktop\assignment\src\AssignmentManagement.Application\Services\SubmissionService.cs:line 228
   at AssignmentManagement.Api.Controllers.SubmissionsController.Preview(Int32 id, CancellationToken cancellationToken) in C:\Users\Tarek\Desktop\assignment\src\AssignmentManagement.Api\Controllers\SubmissionsController.cs:line 88
   at Microsoft.AspNetCore.Mvc.Infrastructure.ActionMethodExecutor.TaskOfIActionResultExecutor.Execute(ActionContext actionContext, IActionResultTypeMapper mapper, ObjectMethodExecutor executor, Object controller, Object[] arguments)
   at Microsoft.AspNetCore.Mvc.Infrastructure.ControllerActionInvoker.<InvokeActionMethodAsync>g__Awaited|12_0(ControllerActionInvoker invoker, ValueTask`1 actionResultValueTask)
   at Microsoft.AspNetCore.Mvc.Infrastructure.ControllerActionInvoker.<InvokeNextActionFilterAsync>g__Awaited|10_0(ControllerActionInvoker invoker, Task lastTask, State next, Scope scope, Object state, Boolean isCompleted)
   at Microsoft.AspNetCore.Mvc.Infrastructure.ControllerActionInvoker.Rethrow(ActionExecutedContextSealed context)
   at Microsoft.AspNetCore.Mvc.Infrastructure.ControllerActionInvoker.Next(State& next, Scope& scope, Object& state, Boolean& isCompleted)
   at Microsoft.AspNetCore.Mvc.Infrastructure.ControllerActionInvoker.<InvokeInnerFilterAsync>g__Awaited|13_0(ControllerActionInvoker invoker, Task lastTask, State next, Scope scope, Object state, Boolean isCompleted)
   at Microsoft.AspNetCore.Mvc.Infrastructure.ResourceInvoker.<InvokeFilterPipelineAsync>g__Awaited|20_0(ResourceInvoker invoker, Task lastTask, State next, Scope scope, Object state, Boolean isCompleted)
   at Microsoft.AspNetCore.Mvc.Infrastructure.ResourceInvoker.<InvokeAsync>g__Awaited|17_0(ResourceInvoker invoker, Task task, IDisposable scope)
   at Microsoft.AspNetCore.Mvc.Infrastructure.ResourceInvoker.<InvokeAsync>g__Awaited|17_0(ResourceInvoker invoker, Task task, IDisposable scope)
   at Microsoft.AspNetCore.Authorization.AuthorizationMiddleware.Invoke(HttpContext context)
   at Microsoft.AspNetCore.Authentication.AuthenticationMiddleware.Invoke(HttpContext context)
   at Swashbuckle.AspNetCore.SwaggerUI.SwaggerUIMiddleware.Invoke(HttpContext httpContext)
   at Swashbuckle.AspNetCore.Swagger.SwaggerMiddleware.Invoke(HttpContext httpContext, ISwaggerProvider swaggerProvider)
   at AssignmentManagement.Api.Middleware.ExceptionMiddleware.InvokeAsync(HttpContext context) in C:\Users\Tarek\Desktop\assignment\src\AssignmentManagement.Api\Middleware\ExceptionMiddleware.cs:line 23
2026-08-08 08:34:38.266 +06:00 [ERR] [AssignmentManagement.Api.Middleware.ExceptionMiddleware] Unhandled exception occurred while processing request GET /api/submissions/599/preview
AssignmentManagement.Application.Common.ForbiddenException: Invalid file path specified.
   at AssignmentManagement.Infrastructure.Services.StorageService.GetFileAsync(String relativePath, Boolean isDownload, CancellationToken cancellationToken) in C:\Users\Tarek\Desktop\assignment\src\AssignmentManagement.Infrastructure\Services\StorageService.cs:line 117
   at AssignmentManagement.Application.Services.SubmissionService.GetSubmissionFileStreamAsync(Int32 submissionId, Boolean isPreview, CancellationToken cancellationToken) in C:\Users\Tarek\Desktop\assignment\src\AssignmentManagement.Application\Services\SubmissionService.cs:line 228
   at AssignmentManagement.Api.Controllers.SubmissionsController.Preview(Int32 id, CancellationToken cancellationToken) in C:\Users\Tarek\Desktop\assignment\src\AssignmentManagement.Api\Controllers\SubmissionsController.cs:line 88
   at Microsoft.AspNetCore.Mvc.Infrastructure.ActionMethodExecutor.TaskOfIActionResultExecutor.Execute(ActionContext actionContext, IActionResultTypeMapper mapper, ObjectMethodExecutor executor, Object controller, Object[] arguments)
   at Microsoft.AspNetCore.Mvc.Infrastructure.ControllerActionInvoker.<InvokeActionMethodAsync>g__Awaited|12_0(ControllerActionInvoker invoker, ValueTask`1 actionResultValueTask)
   at Microsoft.AspNetCore.Mvc.Infrastructure.ControllerActionInvoker.<InvokeNextActionFilterAsync>g__Awaited|10_0(ControllerActionInvoker invoker, Task lastTask, State next, Scope scope, Object state, Boolean isCompleted)
   at Microsoft.AspNetCore.Mvc.Infrastructure.ControllerActionInvoker.Rethrow(ActionExecutedContextSealed context)
   at Microsoft.AspNetCore.Mvc.Infrastructure.ControllerActionInvoker.Next(State& next, Scope& scope, Object& state, Boolean& isCompleted)
   at Microsoft.AspNetCore.Mvc.Infrastructure.ControllerActionInvoker.<InvokeInnerFilterAsync>g__Awaited|13_0(ControllerActionInvoker invoker, Task lastTask, State next, Scope scope, Object state, Boolean isCompleted)
   at Microsoft.AspNetCore.Mvc.Infrastructure.ResourceInvoker.<InvokeFilterPipelineAsync>g__Awaited|20_0(ResourceInvoker invoker, Task lastTask, State next, Scope scope, Object state, Boolean isCompleted)
   at Microsoft.AspNetCore.Mvc.Infrastructure.ResourceInvoker.<InvokeAsync>g__Awaited|17_0(ResourceInvoker invoker, Task task, IDisposable scope)
   at Microsoft.AspNetCore.Mvc.Infrastructure.ResourceInvoker.<InvokeAsync>g__Awaited|17_0(ResourceInvoker invoker, Task task, IDisposable scope)
   at Microsoft.AspNetCore.Authorization.AuthorizationMiddleware.Invoke(HttpContext context)
   at Microsoft.AspNetCore.Authentication.AuthenticationMiddleware.Invoke(HttpContext context)
   at Swashbuckle.AspNetCore.SwaggerUI.SwaggerUIMiddleware.Invoke(HttpContext httpContext)
   at Swashbuckle.AspNetCore.Swagger.SwaggerMiddleware.Invoke(HttpContext httpContext, ISwaggerProvider swaggerProvider)
   at AssignmentManagement.Api.Middleware.ExceptionMiddleware.InvokeAsync(HttpContext context) in C:\Users\Tarek\Desktop\assignment\src\AssignmentManagement.Api\Middleware\ExceptionMiddleware.cs:line 23
2026-08-08 08:36:01.050 +06:00 [ERR] [AssignmentManagement.Api.Middleware.ExceptionMiddleware] Unhandled exception occurred while processing request GET /api/submissions/599/preview
AssignmentManagement.Application.Common.ForbiddenException: Invalid file path specified.
   at AssignmentManagement.Infrastructure.Services.StorageService.GetFileAsync(String relativePath, Boolean isDownload, CancellationToken cancellationToken) in C:\Users\Tarek\Desktop\assignment\src\AssignmentManagement.Infrastructure\Services\StorageService.cs:line 117
   at AssignmentManagement.Application.Services.SubmissionService.GetSubmissionFileStreamAsync(Int32 submissionId, Boolean isPreview, CancellationToken cancellationToken) in C:\Users\Tarek\Desktop\assignment\src\AssignmentManagement.Application\Services\SubmissionService.cs:line 228
   at AssignmentManagement.Api.Controllers.SubmissionsController.Preview(Int32 id, CancellationToken cancellationToken) in C:\Users\Tarek\Desktop\assignment\src\AssignmentManagement.Api\Controllers\SubmissionsController.cs:line 88
   at Microsoft.AspNetCore.Mvc.Infrastructure.ActionMethodExecutor.TaskOfIActionResultExecutor.Execute(ActionContext actionContext, IActionResultTypeMapper mapper, ObjectMethodExecutor executor, Object controller, Object[] arguments)
   at Microsoft.AspNetCore.Mvc.Infrastructure.ControllerActionInvoker.<InvokeActionMethodAsync>g__Awaited|12_0(ControllerActionInvoker invoker, ValueTask`1 actionResultValueTask)
   at Microsoft.AspNetCore.Mvc.Infrastructure.ControllerActionInvoker.<InvokeNextActionFilterAsync>g__Awaited|10_0(ControllerActionInvoker invoker, Task lastTask, State next, Scope scope, Object state, Boolean isCompleted)
   at Microsoft.AspNetCore.Mvc.Infrastructure.ControllerActionInvoker.Rethrow(ActionExecutedContextSealed context)
   at Microsoft.AspNetCore.Mvc.Infrastructure.ControllerActionInvoker.Next(State& next, Scope& scope, Object& state, Boolean& isCompleted)
   at Microsoft.AspNetCore.Mvc.Infrastructure.ControllerActionInvoker.<InvokeInnerFilterAsync>g__Awaited|13_0(ControllerActionInvoker invoker, Task lastTask, State next, Scope scope, Object state, Boolean isCompleted)
   at Microsoft.AspNetCore.Mvc.Infrastructure.ResourceInvoker.<InvokeFilterPipelineAsync>g__Awaited|20_0(ResourceInvoker invoker, Task lastTask, State next, Scope scope, Object state, Boolean isCompleted)
   at Microsoft.AspNetCore.Mvc.Infrastructure.ResourceInvoker.<InvokeAsync>g__Awaited|17_0(ResourceInvoker invoker, Task task, IDisposable scope)
   at Microsoft.AspNetCore.Mvc.Infrastructure.ResourceInvoker.<InvokeAsync>g__Awaited|17_0(ResourceInvoker invoker, Task task, IDisposable scope)
   at Microsoft.AspNetCore.Authorization.AuthorizationMiddleware.Invoke(HttpContext context)
   at Microsoft.AspNetCore.Authentication.AuthenticationMiddleware.Invoke(HttpContext context)
   at Swashbuckle.AspNetCore.SwaggerUI.SwaggerUIMiddleware.Invoke(HttpContext httpContext)
   at Swashbuckle.AspNetCore.Swagger.SwaggerMiddleware.Invoke(HttpContext httpContext, ISwaggerProvider swaggerProvider)
   at AssignmentManagement.Api.Middleware.ExceptionMiddleware.InvokeAsync(HttpContext context) in C:\Users\Tarek\Desktop\assignment\src\AssignmentManagement.Api\Middleware\ExceptionMiddleware.cs:line 23
2026-08-08 08:36:01.054 +06:00 [ERR] [AssignmentManagement.Api.Middleware.ExceptionMiddleware] Unhandled exception occurred while processing request GET /api/submissions/599/preview
AssignmentManagement.Application.Common.ForbiddenException: Invalid file path specified.
   at AssignmentManagement.Infrastructure.Services.StorageService.GetFileAsync(String relativePath, Boolean isDownload, CancellationToken cancellationToken) in C:\Users\Tarek\Desktop\assignment\src\AssignmentManagement.Infrastructure\Services\StorageService.cs:line 117
   at AssignmentManagement.Application.Services.SubmissionService.GetSubmissionFileStreamAsync(Int32 submissionId, Boolean isPreview, CancellationToken cancellationToken) in C:\Users\Tarek\Desktop\assignment\src\AssignmentManagement.Application\Services\SubmissionService.cs:line 228
   at AssignmentManagement.Api.Controllers.SubmissionsController.Preview(Int32 id, CancellationToken cancellationToken) in C:\Users\Tarek\Desktop\assignment\src\AssignmentManagement.Api\Controllers\SubmissionsController.cs:line 88
   at Microsoft.AspNetCore.Mvc.Infrastructure.ActionMethodExecutor.TaskOfIActionResultExecutor.Execute(ActionContext actionContext, IActionResultTypeMapper mapper, ObjectMethodExecutor executor, Object controller, Object[] arguments)
   at Microsoft.AspNetCore.Mvc.Infrastructure.ControllerActionInvoker.<InvokeActionMethodAsync>g__Awaited|12_0(ControllerActionInvoker invoker, ValueTask`1 actionResultValueTask)
   at Microsoft.AspNetCore.Mvc.Infrastructure.ControllerActionInvoker.<InvokeNextActionFilterAsync>g__Awaited|10_0(ControllerActionInvoker invoker, Task lastTask, State next, Scope scope, Object state, Boolean isCompleted)
   at Microsoft.AspNetCore.Mvc.Infrastructure.ControllerActionInvoker.Rethrow(ActionExecutedContextSealed context)
   at Microsoft.AspNetCore.Mvc.Infrastructure.ControllerActionInvoker.Next(State& next, Scope& scope, Object& state, Boolean& isCompleted)
   at Microsoft.AspNetCore.Mvc.Infrastructure.ControllerActionInvoker.<InvokeInnerFilterAsync>g__Awaited|13_0(ControllerActionInvoker invoker, Task lastTask, State next, Scope scope, Object state, Boolean isCompleted)
   at Microsoft.AspNetCore.Mvc.Infrastructure.ResourceInvoker.<InvokeFilterPipelineAsync>g__Awaited|20_0(ResourceInvoker invoker, Task lastTask, State next, Scope scope, Object state, Boolean isCompleted)
   at Microsoft.AspNetCore.Mvc.Infrastructure.ResourceInvoker.<InvokeAsync>g__Awaited|17_0(ResourceInvoker invoker, Task task, IDisposable scope)
   at Microsoft.AspNetCore.Mvc.Infrastructure.ResourceInvoker.<InvokeAsync>g__Awaited|17_0(ResourceInvoker invoker, Task task, IDisposable scope)
   at Microsoft.AspNetCore.Authorization.AuthorizationMiddleware.Invoke(HttpContext context)
   at Microsoft.AspNetCore.Authentication.AuthenticationMiddleware.Invoke(HttpContext context)
   at Swashbuckle.AspNetCore.SwaggerUI.SwaggerUIMiddleware.Invoke(HttpContext httpContext)
   at Swashbuckle.AspNetCore.Swagger.SwaggerMiddleware.Invoke(HttpContext httpContext, ISwaggerProvider swaggerProvider)
   at AssignmentManagement.Api.Middleware.ExceptionMiddleware.InvokeAsync(HttpContext context) in C:\Users\Tarek\Desktop\assignment\src\AssignmentManagement.Api\Middleware\ExceptionMiddleware.cs:line 23
2026-08-08 08:36:14.796 +06:00 [INF] [AssignmentManagement.Application.Services.AuthService] User 8 (teacher7@school.edu.bd) logged out
2026-08-08 08:36:18.021 +06:00 [INF] [AssignmentManagement.Application.Services.AuthService] User 1 (admin@example.com) logged in successfully with role "Admin"
2026-08-08 08:36:42.733 +06:00 [INF] [AssignmentManagement.Application.Services.AuthService] User 1 (admin@example.com) logged out
2026-08-08 08:36:46.648 +06:00 [INF] [AssignmentManagement.Application.Services.AuthService] User 4 (teacher3@school.edu.bd) logged in successfully with role "Teacher"
2026-08-08 08:37:16.988 +06:00 [INF] [AssignmentManagement.Application.Services.AuthService] User 4 (teacher3@school.edu.bd) logged out
2026-08-08 08:37:18.051 +06:00 [INF] [AssignmentManagement.Application.Services.AuthService] User 4 (teacher3@school.edu.bd) logged in successfully with role "Teacher"
2026-08-08 08:39:16.501 +06:00 [INF] [AssignmentManagement.Application.Services.AuthService] User 4 (teacher3@school.edu.bd) logged out
2026-08-08 08:39:46.118 +06:00 [INF] [Microsoft.Hosting.Lifetime] Now listening on: http://localhost:5000
2026-08-08 08:39:46.140 +06:00 [INF] [Microsoft.Hosting.Lifetime] Application started. Press Ctrl+C to shut down.
2026-08-08 08:39:46.140 +06:00 [INF] [Microsoft.Hosting.Lifetime] Hosting environment: Production
2026-08-08 08:39:46.140 +06:00 [INF] [Microsoft.Hosting.Lifetime] Content root path: C:\Users\Tarek\Desktop\assignment\src\AssignmentManagement.Api
2026-08-08 08:39:56.474 +06:00 [WRN] [Microsoft.AspNetCore.HttpsPolicy.HttpsRedirectionMiddleware] Failed to determine the https port for redirect.
2026-08-08 08:39:56.904 +06:00 [INF] [AssignmentManagement.Application.Services.AuthService] User 11 (teacher10@school.edu.bd) logged in successfully with role "Teacher"
2026-08-08 08:40:18.972 +06:00 [ERR] [AssignmentManagement.Api.Middleware.ExceptionMiddleware] Unhandled exception occurred while processing request GET /api/submissions/13
AssignmentManagement.Application.Common.ForbiddenException: You do not have permission to view or access this submission.
   at AssignmentManagement.Application.Services.SubmissionService.EnsureAccessPermission(Submission submission) in C:\Users\Tarek\Desktop\assignment\src\AssignmentManagement.Application\Services\SubmissionService.cs:line 269
   at AssignmentManagement.Application.Services.SubmissionService.GetSubmissionByIdAsync(Int32 submissionId, CancellationToken cancellationToken) in C:\Users\Tarek\Desktop\assignment\src\AssignmentManagement.Application\Services\SubmissionService.cs:line 162
   at AssignmentManagement.Api.Controllers.SubmissionsController.GetById(Int32 id, CancellationToken cancellationToken) in C:\Users\Tarek\Desktop\assignment\src\AssignmentManagement.Api\Controllers\SubmissionsController.cs:line 64
   at lambda_method1035(Closure, Object)
   at Microsoft.AspNetCore.Mvc.Infrastructure.ActionMethodExecutor.AwaitableObjectResultExecutor.Execute(ActionContext actionContext, IActionResultTypeMapper mapper, ObjectMethodExecutor executor, Object controller, Object[] arguments)
   at Microsoft.AspNetCore.Mvc.Infrastructure.ControllerActionInvoker.<InvokeActionMethodAsync>g__Awaited|12_0(ControllerActionInvoker invoker, ValueTask`1 actionResultValueTask)
   at Microsoft.AspNetCore.Mvc.Infrastructure.ControllerActionInvoker.<InvokeNextActionFilterAsync>g__Awaited|10_0(ControllerActionInvoker invoker, Task lastTask, State next, Scope scope, Object state, Boolean isCompleted)
   at Microsoft.AspNetCore.Mvc.Infrastructure.ControllerActionInvoker.Rethrow(ActionExecutedContextSealed context)
   at Microsoft.AspNetCore.Mvc.Infrastructure.ControllerActionInvoker.Next(State& next, Scope& scope, Object& state, Boolean& isCompleted)
   at Microsoft.AspNetCore.Mvc.Infrastructure.ControllerActionInvoker.<InvokeInnerFilterAsync>g__Awaited|13_0(ControllerActionInvoker invoker, Task lastTask, State next, Scope scope, Object state, Boolean isCompleted)
   at Microsoft.AspNetCore.Mvc.Infrastructure.ResourceInvoker.<InvokeFilterPipelineAsync>g__Awaited|20_0(ResourceInvoker invoker, Task lastTask, State next, Scope scope, Object state, Boolean isCompleted)
   at Microsoft.AspNetCore.Mvc.Infrastructure.ResourceInvoker.<InvokeAsync>g__Awaited|17_0(ResourceInvoker invoker, Task task, IDisposable scope)
   at Microsoft.AspNetCore.Mvc.Infrastructure.ResourceInvoker.<InvokeAsync>g__Awaited|17_0(ResourceInvoker invoker, Task task, IDisposable scope)
   at Microsoft.AspNetCore.Authorization.AuthorizationMiddleware.Invoke(HttpContext context)
   at Microsoft.AspNetCore.Authentication.AuthenticationMiddleware.Invoke(HttpContext context)
   at Swashbuckle.AspNetCore.SwaggerUI.SwaggerUIMiddleware.Invoke(HttpContext httpContext)
   at Swashbuckle.AspNetCore.Swagger.SwaggerMiddleware.Invoke(HttpContext httpContext, ISwaggerProvider swaggerProvider)
   at AssignmentManagement.Api.Middleware.ExceptionMiddleware.InvokeAsync(HttpContext context) in C:\Users\Tarek\Desktop\assignment\src\AssignmentManagement.Api\Middleware\ExceptionMiddleware.cs:line 23
2026-08-08 08:40:18.986 +06:00 [ERR] [AssignmentManagement.Api.Middleware.ExceptionMiddleware] Unhandled exception occurred while processing request GET /api/submissions/13
AssignmentManagement.Application.Common.ForbiddenException: You do not have permission to view or access this submission.
   at AssignmentManagement.Application.Services.SubmissionService.EnsureAccessPermission(Submission submission) in C:\Users\Tarek\Desktop\assignment\src\AssignmentManagement.Application\Services\SubmissionService.cs:line 269
   at AssignmentManagement.Application.Services.SubmissionService.GetSubmissionByIdAsync(Int32 submissionId, CancellationToken cancellationToken) in C:\Users\Tarek\Desktop\assignment\src\AssignmentManagement.Application\Services\SubmissionService.cs:line 162
   at AssignmentManagement.Api.Controllers.SubmissionsController.GetById(Int32 id, CancellationToken cancellationToken) in C:\Users\Tarek\Desktop\assignment\src\AssignmentManagement.Api\Controllers\SubmissionsController.cs:line 64
   at lambda_method1035(Closure, Object)
   at Microsoft.AspNetCore.Mvc.Infrastructure.ActionMethodExecutor.AwaitableObjectResultExecutor.Execute(ActionContext actionContext, IActionResultTypeMapper mapper, ObjectMethodExecutor executor, Object controller, Object[] arguments)
   at Microsoft.AspNetCore.Mvc.Infrastructure.ControllerActionInvoker.<InvokeActionMethodAsync>g__Awaited|12_0(ControllerActionInvoker invoker, ValueTask`1 actionResultValueTask)
   at Microsoft.AspNetCore.Mvc.Infrastructure.ControllerActionInvoker.<InvokeNextActionFilterAsync>g__Awaited|10_0(ControllerActionInvoker invoker, Task lastTask, State next, Scope scope, Object state, Boolean isCompleted)
   at Microsoft.AspNetCore.Mvc.Infrastructure.ControllerActionInvoker.Rethrow(ActionExecutedContextSealed context)
   at Microsoft.AspNetCore.Mvc.Infrastructure.ControllerActionInvoker.Next(State& next, Scope& scope, Object& state, Boolean& isCompleted)
   at Microsoft.AspNetCore.Mvc.Infrastructure.ControllerActionInvoker.<InvokeInnerFilterAsync>g__Awaited|13_0(ControllerActionInvoker invoker, Task lastTask, State next, Scope scope, Object state, Boolean isCompleted)
   at Microsoft.AspNetCore.Mvc.Infrastructure.ResourceInvoker.<InvokeFilterPipelineAsync>g__Awaited|20_0(ResourceInvoker invoker, Task lastTask, State next, Scope scope, Object state, Boolean isCompleted)
   at Microsoft.AspNetCore.Mvc.Infrastructure.ResourceInvoker.<InvokeAsync>g__Awaited|17_0(ResourceInvoker invoker, Task task, IDisposable scope)
   at Microsoft.AspNetCore.Mvc.Infrastructure.ResourceInvoker.<InvokeAsync>g__Awaited|17_0(ResourceInvoker invoker, Task task, IDisposable scope)
   at Microsoft.AspNetCore.Authorization.AuthorizationMiddleware.Invoke(HttpContext context)
   at Microsoft.AspNetCore.Authentication.AuthenticationMiddleware.Invoke(HttpContext context)
   at Swashbuckle.AspNetCore.SwaggerUI.SwaggerUIMiddleware.Invoke(HttpContext httpContext)
   at Swashbuckle.AspNetCore.Swagger.SwaggerMiddleware.Invoke(HttpContext httpContext, ISwaggerProvider swaggerProvider)
   at AssignmentManagement.Api.Middleware.ExceptionMiddleware.InvokeAsync(HttpContext context) in C:\Users\Tarek\Desktop\assignment\src\AssignmentManagement.Api\Middleware\ExceptionMiddleware.cs:line 23
2026-08-08 08:41:19.612 +06:00 [INF] [AssignmentManagement.Application.Services.AuthService] User 11 (teacher10@school.edu.bd) logged out
2026-08-08 08:41:23.136 +06:00 [INF] [AssignmentManagement.Application.Services.AuthService] User 1 (admin@example.com) logged in successfully with role "Admin"
2026-08-08 08:42:47.572 +06:00 [INF] [AssignmentManagement.Application.Services.AuthService] User 1 (admin@example.com) logged out
2026-08-08 08:42:51.253 +06:00 [INF] [AssignmentManagement.Application.Services.AuthService] User 1 (admin@example.com) logged in successfully with role "Admin"
2026-08-08 08:43:29.549 +06:00 [INF] [AssignmentManagement.Application.Services.AuthService] User 1 (admin@example.com) logged out
2026-08-08 08:43:33.236 +06:00 [INF] [AssignmentManagement.Application.Services.AuthService] User 27 (student11@school.edu.bd) logged in successfully with role "Student"
2026-08-08 08:48:15.729 +06:00 [ERR] [AssignmentManagement.Api.Middleware.ExceptionMiddleware] Unhandled exception occurred while processing request GET /api/submissions/311/preview
AssignmentManagement.Application.Common.ForbiddenException: Invalid file path specified.
   at AssignmentManagement.Infrastructure.Services.StorageService.GetFileAsync(String relativePath, Boolean isDownload, CancellationToken cancellationToken) in C:\Users\Tarek\Desktop\assignment\src\AssignmentManagement.Infrastructure\Services\StorageService.cs:line 117
   at AssignmentManagement.Application.Services.SubmissionService.GetSubmissionFileStreamAsync(Int32 submissionId, Boolean isPreview, CancellationToken cancellationToken) in C:\Users\Tarek\Desktop\assignment\src\AssignmentManagement.Application\Services\SubmissionService.cs:line 228
   at AssignmentManagement.Api.Controllers.SubmissionsController.Preview(Int32 id, CancellationToken cancellationToken) in C:\Users\Tarek\Desktop\assignment\src\AssignmentManagement.Api\Controllers\SubmissionsController.cs:line 88
   at Microsoft.AspNetCore.Mvc.Infrastructure.ActionMethodExecutor.TaskOfIActionResultExecutor.Execute(ActionContext actionContext, IActionResultTypeMapper mapper, ObjectMethodExecutor executor, Object controller, Object[] arguments)
   at Microsoft.AspNetCore.Mvc.Infrastructure.ControllerActionInvoker.<InvokeActionMethodAsync>g__Awaited|12_0(ControllerActionInvoker invoker, ValueTask`1 actionResultValueTask)
   at Microsoft.AspNetCore.Mvc.Infrastructure.ControllerActionInvoker.<InvokeNextActionFilterAsync>g__Awaited|10_0(ControllerActionInvoker invoker, Task lastTask, State next, Scope scope, Object state, Boolean isCompleted)
   at Microsoft.AspNetCore.Mvc.Infrastructure.ControllerActionInvoker.Rethrow(ActionExecutedContextSealed context)
   at Microsoft.AspNetCore.Mvc.Infrastructure.ControllerActionInvoker.Next(State& next, Scope& scope, Object& state, Boolean& isCompleted)
   at Microsoft.AspNetCore.Mvc.Infrastructure.ControllerActionInvoker.<InvokeInnerFilterAsync>g__Awaited|13_0(ControllerActionInvoker invoker, Task lastTask, State next, Scope scope, Object state, Boolean isCompleted)
   at Microsoft.AspNetCore.Mvc.Infrastructure.ResourceInvoker.<InvokeFilterPipelineAsync>g__Awaited|20_0(ResourceInvoker invoker, Task lastTask, State next, Scope scope, Object state, Boolean isCompleted)
   at Microsoft.AspNetCore.Mvc.Infrastructure.ResourceInvoker.<InvokeAsync>g__Awaited|17_0(ResourceInvoker invoker, Task task, IDisposable scope)
   at Microsoft.AspNetCore.Mvc.Infrastructure.ResourceInvoker.<InvokeAsync>g__Awaited|17_0(ResourceInvoker invoker, Task task, IDisposable scope)
   at Microsoft.AspNetCore.Authorization.AuthorizationMiddleware.Invoke(HttpContext context)
   at Microsoft.AspNetCore.Authentication.AuthenticationMiddleware.Invoke(HttpContext context)
   at Swashbuckle.AspNetCore.SwaggerUI.SwaggerUIMiddleware.Invoke(HttpContext httpContext)
   at Swashbuckle.AspNetCore.Swagger.SwaggerMiddleware.Invoke(HttpContext httpContext, ISwaggerProvider swaggerProvider)
   at AssignmentManagement.Api.Middleware.ExceptionMiddleware.InvokeAsync(HttpContext context) in C:\Users\Tarek\Desktop\assignment\src\AssignmentManagement.Api\Middleware\ExceptionMiddleware.cs:line 23
2026-08-08 08:48:15.741 +06:00 [ERR] [AssignmentManagement.Api.Middleware.ExceptionMiddleware] Unhandled exception occurred while processing request GET /api/submissions/311/preview
AssignmentManagement.Application.Common.ForbiddenException: Invalid file path specified.
   at AssignmentManagement.Infrastructure.Services.StorageService.GetFileAsync(String relativePath, Boolean isDownload, CancellationToken cancellationToken) in C:\Users\Tarek\Desktop\assignment\src\AssignmentManagement.Infrastructure\Services\StorageService.cs:line 117
   at AssignmentManagement.Application.Services.SubmissionService.GetSubmissionFileStreamAsync(Int32 submissionId, Boolean isPreview, CancellationToken cancellationToken) in C:\Users\Tarek\Desktop\assignment\src\AssignmentManagement.Application\Services\SubmissionService.cs:line 228
   at AssignmentManagement.Api.Controllers.SubmissionsController.Preview(Int32 id, CancellationToken cancellationToken) in C:\Users\Tarek\Desktop\assignment\src\AssignmentManagement.Api\Controllers\SubmissionsController.cs:line 88
   at Microsoft.AspNetCore.Mvc.Infrastructure.ActionMethodExecutor.TaskOfIActionResultExecutor.Execute(ActionContext actionContext, IActionResultTypeMapper mapper, ObjectMethodExecutor executor, Object controller, Object[] arguments)
   at Microsoft.AspNetCore.Mvc.Infrastructure.ControllerActionInvoker.<InvokeActionMethodAsync>g__Awaited|12_0(ControllerActionInvoker invoker, ValueTask`1 actionResultValueTask)
   at Microsoft.AspNetCore.Mvc.Infrastructure.ControllerActionInvoker.<InvokeNextActionFilterAsync>g__Awaited|10_0(ControllerActionInvoker invoker, Task lastTask, State next, Scope scope, Object state, Boolean isCompleted)
   at Microsoft.AspNetCore.Mvc.Infrastructure.ControllerActionInvoker.Rethrow(ActionExecutedContextSealed context)
   at Microsoft.AspNetCore.Mvc.Infrastructure.ControllerActionInvoker.Next(State& next, Scope& scope, Object& state, Boolean& isCompleted)
   at Microsoft.AspNetCore.Mvc.Infrastructure.ControllerActionInvoker.<InvokeInnerFilterAsync>g__Awaited|13_0(ControllerActionInvoker invoker, Task lastTask, State next, Scope scope, Object state, Boolean isCompleted)
   at Microsoft.AspNetCore.Mvc.Infrastructure.ResourceInvoker.<InvokeFilterPipelineAsync>g__Awaited|20_0(ResourceInvoker invoker, Task lastTask, State next, Scope scope, Object state, Boolean isCompleted)
   at Microsoft.AspNetCore.Mvc.Infrastructure.ResourceInvoker.<InvokeAsync>g__Awaited|17_0(ResourceInvoker invoker, Task task, IDisposable scope)
   at Microsoft.AspNetCore.Mvc.Infrastructure.ResourceInvoker.<InvokeAsync>g__Awaited|17_0(ResourceInvoker invoker, Task task, IDisposable scope)
   at Microsoft.AspNetCore.Authorization.AuthorizationMiddleware.Invoke(HttpContext context)
   at Microsoft.AspNetCore.Authentication.AuthenticationMiddleware.Invoke(HttpContext context)
   at Swashbuckle.AspNetCore.SwaggerUI.SwaggerUIMiddleware.Invoke(HttpContext httpContext)
   at Swashbuckle.AspNetCore.Swagger.SwaggerMiddleware.Invoke(HttpContext httpContext, ISwaggerProvider swaggerProvider)
   at AssignmentManagement.Api.Middleware.ExceptionMiddleware.InvokeAsync(HttpContext context) in C:\Users\Tarek\Desktop\assignment\src\AssignmentManagement.Api\Middleware\ExceptionMiddleware.cs:line 23
2026-08-08 08:48:18.019 +06:00 [INF] [AssignmentManagement.Application.Services.AuthService] User 27 (student11@school.edu.bd) logged out
2026-08-08 08:48:20.790 +06:00 [INF] [AssignmentManagement.Application.Services.AuthService] User 11 (teacher10@school.edu.bd) logged in successfully with role "Teacher"
2026-08-08 08:48:22.630 +06:00 [ERR] [AssignmentManagement.Api.Middleware.ExceptionMiddleware] Unhandled exception occurred while processing request GET /api/submissions/11
AssignmentManagement.Application.Common.ForbiddenException: You do not have permission to view or access this submission.
   at AssignmentManagement.Application.Services.SubmissionService.EnsureAccessPermission(Submission submission) in C:\Users\Tarek\Desktop\assignment\src\AssignmentManagement.Application\Services\SubmissionService.cs:line 269
   at AssignmentManagement.Application.Services.SubmissionService.GetSubmissionByIdAsync(Int32 submissionId, CancellationToken cancellationToken) in C:\Users\Tarek\Desktop\assignment\src\AssignmentManagement.Application\Services\SubmissionService.cs:line 162
   at AssignmentManagement.Api.Controllers.SubmissionsController.GetById(Int32 id, CancellationToken cancellationToken) in C:\Users\Tarek\Desktop\assignment\src\AssignmentManagement.Api\Controllers\SubmissionsController.cs:line 64
   at lambda_method1035(Closure, Object)
   at Microsoft.AspNetCore.Mvc.Infrastructure.ActionMethodExecutor.AwaitableObjectResultExecutor.Execute(ActionContext actionContext, IActionResultTypeMapper mapper, ObjectMethodExecutor executor, Object controller, Object[] arguments)
   at Microsoft.AspNetCore.Mvc.Infrastructure.ControllerActionInvoker.<InvokeActionMethodAsync>g__Awaited|12_0(ControllerActionInvoker invoker, ValueTask`1 actionResultValueTask)
   at Microsoft.AspNetCore.Mvc.Infrastructure.ControllerActionInvoker.<InvokeNextActionFilterAsync>g__Awaited|10_0(ControllerActionInvoker invoker, Task lastTask, State next, Scope scope, Object state, Boolean isCompleted)
   at Microsoft.AspNetCore.Mvc.Infrastructure.ControllerActionInvoker.Rethrow(ActionExecutedContextSealed context)
   at Microsoft.AspNetCore.Mvc.Infrastructure.ControllerActionInvoker.Next(State& next, Scope& scope, Object& state, Boolean& isCompleted)
   at Microsoft.AspNetCore.Mvc.Infrastructure.ControllerActionInvoker.<InvokeInnerFilterAsync>g__Awaited|13_0(ControllerActionInvoker invoker, Task lastTask, State next, Scope scope, Object state, Boolean isCompleted)
   at Microsoft.AspNetCore.Mvc.Infrastructure.ResourceInvoker.<InvokeFilterPipelineAsync>g__Awaited|20_0(ResourceInvoker invoker, Task lastTask, State next, Scope scope, Object state, Boolean isCompleted)
   at Microsoft.AspNetCore.Mvc.Infrastructure.ResourceInvoker.<InvokeAsync>g__Awaited|17_0(ResourceInvoker invoker, Task task, IDisposable scope)
   at Microsoft.AspNetCore.Mvc.Infrastructure.ResourceInvoker.<InvokeAsync>g__Awaited|17_0(ResourceInvoker invoker, Task task, IDisposable scope)
   at Microsoft.AspNetCore.Authorization.AuthorizationMiddleware.Invoke(HttpContext context)
   at Microsoft.AspNetCore.Authentication.AuthenticationMiddleware.Invoke(HttpContext context)
   at Swashbuckle.AspNetCore.SwaggerUI.SwaggerUIMiddleware.Invoke(HttpContext httpContext)
   at Swashbuckle.AspNetCore.Swagger.SwaggerMiddleware.Invoke(HttpContext httpContext, ISwaggerProvider swaggerProvider)
   at AssignmentManagement.Api.Middleware.ExceptionMiddleware.InvokeAsync(HttpContext context) in C:\Users\Tarek\Desktop\assignment\src\AssignmentManagement.Api\Middleware\ExceptionMiddleware.cs:line 23
2026-08-08 08:48:22.643 +06:00 [ERR] [AssignmentManagement.Api.Middleware.ExceptionMiddleware] Unhandled exception occurred while processing request GET /api/submissions/11
AssignmentManagement.Application.Common.ForbiddenException: You do not have permission to view or access this submission.
   at AssignmentManagement.Application.Services.SubmissionService.EnsureAccessPermission(Submission submission) in C:\Users\Tarek\Desktop\assignment\src\AssignmentManagement.Application\Services\SubmissionService.cs:line 269
   at AssignmentManagement.Application.Services.SubmissionService.GetSubmissionByIdAsync(Int32 submissionId, CancellationToken cancellationToken) in C:\Users\Tarek\Desktop\assignment\src\AssignmentManagement.Application\Services\SubmissionService.cs:line 162
   at AssignmentManagement.Api.Controllers.SubmissionsController.GetById(Int32 id, CancellationToken cancellationToken) in C:\Users\Tarek\Desktop\assignment\src\AssignmentManagement.Api\Controllers\SubmissionsController.cs:line 64
   at lambda_method1035(Closure, Object)
   at Microsoft.AspNetCore.Mvc.Infrastructure.ActionMethodExecutor.AwaitableObjectResultExecutor.Execute(ActionContext actionContext, IActionResultTypeMapper mapper, ObjectMethodExecutor executor, Object controller, Object[] arguments)
   at Microsoft.AspNetCore.Mvc.Infrastructure.ControllerActionInvoker.<InvokeActionMethodAsync>g__Awaited|12_0(ControllerActionInvoker invoker, ValueTask`1 actionResultValueTask)
   at Microsoft.AspNetCore.Mvc.Infrastructure.ControllerActionInvoker.<InvokeNextActionFilterAsync>g__Awaited|10_0(ControllerActionInvoker invoker, Task lastTask, State next, Scope scope, Object state, Boolean isCompleted)
   at Microsoft.AspNetCore.Mvc.Infrastructure.ControllerActionInvoker.Rethrow(ActionExecutedContextSealed context)
   at Microsoft.AspNetCore.Mvc.Infrastructure.ControllerActionInvoker.Next(State& next, Scope& scope, Object& state, Boolean& isCompleted)
   at Microsoft.AspNetCore.Mvc.Infrastructure.ControllerActionInvoker.<InvokeInnerFilterAsync>g__Awaited|13_0(ControllerActionInvoker invoker, Task lastTask, State next, Scope scope, Object state, Boolean isCompleted)
   at Microsoft.AspNetCore.Mvc.Infrastructure.ResourceInvoker.<InvokeFilterPipelineAsync>g__Awaited|20_0(ResourceInvoker invoker, Task lastTask, State next, Scope scope, Object state, Boolean isCompleted)
   at Microsoft.AspNetCore.Mvc.Infrastructure.ResourceInvoker.<InvokeAsync>g__Awaited|17_0(ResourceInvoker invoker, Task task, IDisposable scope)
   at Microsoft.AspNetCore.Mvc.Infrastructure.ResourceInvoker.<InvokeAsync>g__Awaited|17_0(ResourceInvoker invoker, Task task, IDisposable scope)
   at Microsoft.AspNetCore.Authorization.AuthorizationMiddleware.Invoke(HttpContext context)
   at Microsoft.AspNetCore.Authentication.AuthenticationMiddleware.Invoke(HttpContext context)
   at Swashbuckle.AspNetCore.SwaggerUI.SwaggerUIMiddleware.Invoke(HttpContext httpContext)
   at Swashbuckle.AspNetCore.Swagger.SwaggerMiddleware.Invoke(HttpContext httpContext, ISwaggerProvider swaggerProvider)
   at AssignmentManagement.Api.Middleware.ExceptionMiddleware.InvokeAsync(HttpContext context) in C:\Users\Tarek\Desktop\assignment\src\AssignmentManagement.Api\Middleware\ExceptionMiddleware.cs:line 23
2026-08-08 08:50:51.069 +06:00 [ERR] [AssignmentManagement.Api.Middleware.ExceptionMiddleware] Unhandled exception occurred while processing request GET /api/submissions/13
AssignmentManagement.Application.Common.ForbiddenException: You do not have permission to view or access this submission.
   at AssignmentManagement.Application.Services.SubmissionService.EnsureAccessPermission(Submission submission) in C:\Users\Tarek\Desktop\assignment\src\AssignmentManagement.Application\Services\SubmissionService.cs:line 269
   at AssignmentManagement.Application.Services.SubmissionService.GetSubmissionByIdAsync(Int32 submissionId, CancellationToken cancellationToken) in C:\Users\Tarek\Desktop\assignment\src\AssignmentManagement.Application\Services\SubmissionService.cs:line 162
   at AssignmentManagement.Api.Controllers.SubmissionsController.GetById(Int32 id, CancellationToken cancellationToken) in C:\Users\Tarek\Desktop\assignment\src\AssignmentManagement.Api\Controllers\SubmissionsController.cs:line 64
   at lambda_method1035(Closure, Object)
   at Microsoft.AspNetCore.Mvc.Infrastructure.ActionMethodExecutor.AwaitableObjectResultExecutor.Execute(ActionContext actionContext, IActionResultTypeMapper mapper, ObjectMethodExecutor executor, Object controller, Object[] arguments)
   at Microsoft.AspNetCore.Mvc.Infrastructure.ControllerActionInvoker.<InvokeActionMethodAsync>g__Awaited|12_0(ControllerActionInvoker invoker, ValueTask`1 actionResultValueTask)
   at Microsoft.AspNetCore.Mvc.Infrastructure.ControllerActionInvoker.<InvokeNextActionFilterAsync>g__Awaited|10_0(ControllerActionInvoker invoker, Task lastTask, State next, Scope scope, Object state, Boolean isCompleted)
   at Microsoft.AspNetCore.Mvc.Infrastructure.ControllerActionInvoker.Rethrow(ActionExecutedContextSealed context)
   at Microsoft.AspNetCore.Mvc.Infrastructure.ControllerActionInvoker.Next(State& next, Scope& scope, Object& state, Boolean& isCompleted)
   at Microsoft.AspNetCore.Mvc.Infrastructure.ControllerActionInvoker.<InvokeInnerFilterAsync>g__Awaited|13_0(ControllerActionInvoker invoker, Task lastTask, State next, Scope scope, Object state, Boolean isCompleted)
   at Microsoft.AspNetCore.Mvc.Infrastructure.ResourceInvoker.<InvokeFilterPipelineAsync>g__Awaited|20_0(ResourceInvoker invoker, Task lastTask, State next, Scope scope, Object state, Boolean isCompleted)
   at Microsoft.AspNetCore.Mvc.Infrastructure.ResourceInvoker.<InvokeAsync>g__Awaited|17_0(ResourceInvoker invoker, Task task, IDisposable scope)
   at Microsoft.AspNetCore.Mvc.Infrastructure.ResourceInvoker.<InvokeAsync>g__Awaited|17_0(ResourceInvoker invoker, Task task, IDisposable scope)
   at Microsoft.AspNetCore.Authorization.AuthorizationMiddleware.Invoke(HttpContext context)
   at Microsoft.AspNetCore.Authentication.AuthenticationMiddleware.Invoke(HttpContext context)
   at Swashbuckle.AspNetCore.SwaggerUI.SwaggerUIMiddleware.Invoke(HttpContext httpContext)
   at Swashbuckle.AspNetCore.Swagger.SwaggerMiddleware.Invoke(HttpContext httpContext, ISwaggerProvider swaggerProvider)
   at AssignmentManagement.Api.Middleware.ExceptionMiddleware.InvokeAsync(HttpContext context) in C:\Users\Tarek\Desktop\assignment\src\AssignmentManagement.Api\Middleware\ExceptionMiddleware.cs:line 23
2026-08-08 08:50:51.079 +06:00 [ERR] [AssignmentManagement.Api.Middleware.ExceptionMiddleware] Unhandled exception occurred while processing request GET /api/submissions/13
AssignmentManagement.Application.Common.ForbiddenException: You do not have permission to view or access this submission.
   at AssignmentManagement.Application.Services.SubmissionService.EnsureAccessPermission(Submission submission) in C:\Users\Tarek\Desktop\assignment\src\AssignmentManagement.Application\Services\SubmissionService.cs:line 269
   at AssignmentManagement.Application.Services.SubmissionService.GetSubmissionByIdAsync(Int32 submissionId, CancellationToken cancellationToken) in C:\Users\Tarek\Desktop\assignment\src\AssignmentManagement.Application\Services\SubmissionService.cs:line 162
   at AssignmentManagement.Api.Controllers.SubmissionsController.GetById(Int32 id, CancellationToken cancellationToken) in C:\Users\Tarek\Desktop\assignment\src\AssignmentManagement.Api\Controllers\SubmissionsController.cs:line 64
   at lambda_method1035(Closure, Object)
   at Microsoft.AspNetCore.Mvc.Infrastructure.ActionMethodExecutor.AwaitableObjectResultExecutor.Execute(ActionContext actionContext, IActionResultTypeMapper mapper, ObjectMethodExecutor executor, Object controller, Object[] arguments)
   at Microsoft.AspNetCore.Mvc.Infrastructure.ControllerActionInvoker.<InvokeActionMethodAsync>g__Awaited|12_0(ControllerActionInvoker invoker, ValueTask`1 actionResultValueTask)
   at Microsoft.AspNetCore.Mvc.Infrastructure.ControllerActionInvoker.<InvokeNextActionFilterAsync>g__Awaited|10_0(ControllerActionInvoker invoker, Task lastTask, State next, Scope scope, Object state, Boolean isCompleted)
   at Microsoft.AspNetCore.Mvc.Infrastructure.ControllerActionInvoker.Rethrow(ActionExecutedContextSealed context)
   at Microsoft.AspNetCore.Mvc.Infrastructure.ControllerActionInvoker.Next(State& next, Scope& scope, Object& state, Boolean& isCompleted)
   at Microsoft.AspNetCore.Mvc.Infrastructure.ControllerActionInvoker.<InvokeInnerFilterAsync>g__Awaited|13_0(ControllerActionInvoker invoker, Task lastTask, State next, Scope scope, Object state, Boolean isCompleted)
   at Microsoft.AspNetCore.Mvc.Infrastructure.ResourceInvoker.<InvokeFilterPipelineAsync>g__Awaited|20_0(ResourceInvoker invoker, Task lastTask, State next, Scope scope, Object state, Boolean isCompleted)
   at Microsoft.AspNetCore.Mvc.Infrastructure.ResourceInvoker.<InvokeAsync>g__Awaited|17_0(ResourceInvoker invoker, Task task, IDisposable scope)
   at Microsoft.AspNetCore.Mvc.Infrastructure.ResourceInvoker.<InvokeAsync>g__Awaited|17_0(ResourceInvoker invoker, Task task, IDisposable scope)
   at Microsoft.AspNetCore.Authorization.AuthorizationMiddleware.Invoke(HttpContext context)
   at Microsoft.AspNetCore.Authentication.AuthenticationMiddleware.Invoke(HttpContext context)
   at Swashbuckle.AspNetCore.SwaggerUI.SwaggerUIMiddleware.Invoke(HttpContext httpContext)
   at Swashbuckle.AspNetCore.Swagger.SwaggerMiddleware.Invoke(HttpContext httpContext, ISwaggerProvider swaggerProvider)
   at AssignmentManagement.Api.Middleware.ExceptionMiddleware.InvokeAsync(HttpContext context) in C:\Users\Tarek\Desktop\assignment\src\AssignmentManagement.Api\Middleware\ExceptionMiddleware.cs:line 23
2026-08-08 08:51:07.005 +06:00 [ERR] [AssignmentManagement.Api.Middleware.ExceptionMiddleware] Unhandled exception occurred while processing request GET /api/submissions/13
AssignmentManagement.Application.Common.ForbiddenException: You do not have permission to view or access this submission.
   at AssignmentManagement.Application.Services.SubmissionService.EnsureAccessPermission(Submission submission) in C:\Users\Tarek\Desktop\assignment\src\AssignmentManagement.Application\Services\SubmissionService.cs:line 269
   at AssignmentManagement.Application.Services.SubmissionService.GetSubmissionByIdAsync(Int32 submissionId, CancellationToken cancellationToken) in C:\Users\Tarek\Desktop\assignment\src\AssignmentManagement.Application\Services\SubmissionService.cs:line 162
   at AssignmentManagement.Api.Controllers.SubmissionsController.GetById(Int32 id, CancellationToken cancellationToken) in C:\Users\Tarek\Desktop\assignment\src\AssignmentManagement.Api\Controllers\SubmissionsController.cs:line 64
   at lambda_method1035(Closure, Object)
   at Microsoft.AspNetCore.Mvc.Infrastructure.ActionMethodExecutor.AwaitableObjectResultExecutor.Execute(ActionContext actionContext, IActionResultTypeMapper mapper, ObjectMethodExecutor executor, Object controller, Object[] arguments)
   at Microsoft.AspNetCore.Mvc.Infrastructure.ControllerActionInvoker.<InvokeActionMethodAsync>g__Awaited|12_0(ControllerActionInvoker invoker, ValueTask`1 actionResultValueTask)
   at Microsoft.AspNetCore.Mvc.Infrastructure.ControllerActionInvoker.<InvokeNextActionFilterAsync>g__Awaited|10_0(ControllerActionInvoker invoker, Task lastTask, State next, Scope scope, Object state, Boolean isCompleted)
   at Microsoft.AspNetCore.Mvc.Infrastructure.ControllerActionInvoker.Rethrow(ActionExecutedContextSealed context)
   at Microsoft.AspNetCore.Mvc.Infrastructure.ControllerActionInvoker.Next(State& next, Scope& scope, Object& state, Boolean& isCompleted)
   at Microsoft.AspNetCore.Mvc.Infrastructure.ControllerActionInvoker.<InvokeInnerFilterAsync>g__Awaited|13_0(ControllerActionInvoker invoker, Task lastTask, State next, Scope scope, Object state, Boolean isCompleted)
   at Microsoft.AspNetCore.Mvc.Infrastructure.ResourceInvoker.<InvokeFilterPipelineAsync>g__Awaited|20_0(ResourceInvoker invoker, Task lastTask, State next, Scope scope, Object state, Boolean isCompleted)
   at Microsoft.AspNetCore.Mvc.Infrastructure.ResourceInvoker.<InvokeAsync>g__Awaited|17_0(ResourceInvoker invoker, Task task, IDisposable scope)
   at Microsoft.AspNetCore.Mvc.Infrastructure.ResourceInvoker.<InvokeAsync>g__Awaited|17_0(ResourceInvoker invoker, Task task, IDisposable scope)
   at Microsoft.AspNetCore.Authorization.AuthorizationMiddleware.Invoke(HttpContext context)
   at Microsoft.AspNetCore.Authentication.AuthenticationMiddleware.Invoke(HttpContext context)
   at Swashbuckle.AspNetCore.SwaggerUI.SwaggerUIMiddleware.Invoke(HttpContext httpContext)
   at Swashbuckle.AspNetCore.Swagger.SwaggerMiddleware.Invoke(HttpContext httpContext, ISwaggerProvider swaggerProvider)
   at AssignmentManagement.Api.Middleware.ExceptionMiddleware.InvokeAsync(HttpContext context) in C:\Users\Tarek\Desktop\assignment\src\AssignmentManagement.Api\Middleware\ExceptionMiddleware.cs:line 23
2026-08-08 08:51:07.014 +06:00 [ERR] [AssignmentManagement.Api.Middleware.ExceptionMiddleware] Unhandled exception occurred while processing request GET /api/submissions/13
AssignmentManagement.Application.Common.ForbiddenException: You do not have permission to view or access this submission.
   at AssignmentManagement.Application.Services.SubmissionService.EnsureAccessPermission(Submission submission) in C:\Users\Tarek\Desktop\assignment\src\AssignmentManagement.Application\Services\SubmissionService.cs:line 269
   at AssignmentManagement.Application.Services.SubmissionService.GetSubmissionByIdAsync(Int32 submissionId, CancellationToken cancellationToken) in C:\Users\Tarek\Desktop\assignment\src\AssignmentManagement.Application\Services\SubmissionService.cs:line 162
   at AssignmentManagement.Api.Controllers.SubmissionsController.GetById(Int32 id, CancellationToken cancellationToken) in C:\Users\Tarek\Desktop\assignment\src\AssignmentManagement.Api\Controllers\SubmissionsController.cs:line 64
   at lambda_method1035(Closure, Object)
   at Microsoft.AspNetCore.Mvc.Infrastructure.ActionMethodExecutor.AwaitableObjectResultExecutor.Execute(ActionContext actionContext, IActionResultTypeMapper mapper, ObjectMethodExecutor executor, Object controller, Object[] arguments)
   at Microsoft.AspNetCore.Mvc.Infrastructure.ControllerActionInvoker.<InvokeActionMethodAsync>g__Awaited|12_0(ControllerActionInvoker invoker, ValueTask`1 actionResultValueTask)
   at Microsoft.AspNetCore.Mvc.Infrastructure.ControllerActionInvoker.<InvokeNextActionFilterAsync>g__Awaited|10_0(ControllerActionInvoker invoker, Task lastTask, State next, Scope scope, Object state, Boolean isCompleted)
   at Microsoft.AspNetCore.Mvc.Infrastructure.ControllerActionInvoker.Rethrow(ActionExecutedContextSealed context)
   at Microsoft.AspNetCore.Mvc.Infrastructure.ControllerActionInvoker.Next(State& next, Scope& scope, Object& state, Boolean& isCompleted)
   at Microsoft.AspNetCore.Mvc.Infrastructure.ControllerActionInvoker.<InvokeInnerFilterAsync>g__Awaited|13_0(ControllerActionInvoker invoker, Task lastTask, State next, Scope scope, Object state, Boolean isCompleted)
   at Microsoft.AspNetCore.Mvc.Infrastructure.ResourceInvoker.<InvokeFilterPipelineAsync>g__Awaited|20_0(ResourceInvoker invoker, Task lastTask, State next, Scope scope, Object state, Boolean isCompleted)
   at Microsoft.AspNetCore.Mvc.Infrastructure.ResourceInvoker.<InvokeAsync>g__Awaited|17_0(ResourceInvoker invoker, Task task, IDisposable scope)
   at Microsoft.AspNetCore.Mvc.Infrastructure.ResourceInvoker.<InvokeAsync>g__Awaited|17_0(ResourceInvoker invoker, Task task, IDisposable scope)
   at Microsoft.AspNetCore.Authorization.AuthorizationMiddleware.Invoke(HttpContext context)
   at Microsoft.AspNetCore.Authentication.AuthenticationMiddleware.Invoke(HttpContext context)
   at Swashbuckle.AspNetCore.SwaggerUI.SwaggerUIMiddleware.Invoke(HttpContext httpContext)
   at Swashbuckle.AspNetCore.Swagger.SwaggerMiddleware.Invoke(HttpContext httpContext, ISwaggerProvider swaggerProvider)
   at AssignmentManagement.Api.Middleware.ExceptionMiddleware.InvokeAsync(HttpContext context) in C:\Users\Tarek\Desktop\assignment\src\AssignmentManagement.Api\Middleware\ExceptionMiddleware.cs:line 23
2026-08-08 08:52:13.969 +06:00 [INF] [Microsoft.Hosting.Lifetime] Now listening on: http://localhost:5000
2026-08-08 08:52:13.989 +06:00 [INF] [Microsoft.Hosting.Lifetime] Application started. Press Ctrl+C to shut down.
2026-08-08 08:52:13.990 +06:00 [INF] [Microsoft.Hosting.Lifetime] Hosting environment: Production
2026-08-08 08:52:13.990 +06:00 [INF] [Microsoft.Hosting.Lifetime] Content root path: C:\Users\Tarek\Desktop\assignment\src\AssignmentManagement.Api
2026-08-08 08:54:19.860 +06:00 [WRN] [Microsoft.AspNetCore.HttpsPolicy.HttpsRedirectionMiddleware] Failed to determine the https port for redirect.
2026-08-08 08:54:20.284 +06:00 [ERR] [AssignmentManagement.Api.Middleware.ExceptionMiddleware] Unhandled exception occurred while processing request GET /api/submissions/2047/preview
AssignmentManagement.Application.Common.ForbiddenException: Invalid file path specified.
   at AssignmentManagement.Infrastructure.Services.StorageService.GetFileAsync(String relativePath, Boolean isDownload, CancellationToken cancellationToken) in C:\Users\Tarek\Desktop\assignment\src\AssignmentManagement.Infrastructure\Services\StorageService.cs:line 117
   at AssignmentManagement.Application.Services.SubmissionService.GetSubmissionFileStreamAsync(Int32 submissionId, Boolean isPreview, CancellationToken cancellationToken) in C:\Users\Tarek\Desktop\assignment\src\AssignmentManagement.Application\Services\SubmissionService.cs:line 229
   at AssignmentManagement.Api.Controllers.SubmissionsController.Preview(Int32 id, CancellationToken cancellationToken) in C:\Users\Tarek\Desktop\assignment\src\AssignmentManagement.Api\Controllers\SubmissionsController.cs:line 88
   at Microsoft.AspNetCore.Mvc.Infrastructure.ActionMethodExecutor.TaskOfIActionResultExecutor.Execute(ActionContext actionContext, IActionResultTypeMapper mapper, ObjectMethodExecutor executor, Object controller, Object[] arguments)
   at Microsoft.AspNetCore.Mvc.Infrastructure.ControllerActionInvoker.<InvokeActionMethodAsync>g__Awaited|12_0(ControllerActionInvoker invoker, ValueTask`1 actionResultValueTask)
   at Microsoft.AspNetCore.Mvc.Infrastructure.ControllerActionInvoker.<InvokeNextActionFilterAsync>g__Awaited|10_0(ControllerActionInvoker invoker, Task lastTask, State next, Scope scope, Object state, Boolean isCompleted)
   at Microsoft.AspNetCore.Mvc.Infrastructure.ControllerActionInvoker.Rethrow(ActionExecutedContextSealed context)
   at Microsoft.AspNetCore.Mvc.Infrastructure.ControllerActionInvoker.Next(State& next, Scope& scope, Object& state, Boolean& isCompleted)
   at Microsoft.AspNetCore.Mvc.Infrastructure.ControllerActionInvoker.<InvokeInnerFilterAsync>g__Awaited|13_0(ControllerActionInvoker invoker, Task lastTask, State next, Scope scope, Object state, Boolean isCompleted)
   at Microsoft.AspNetCore.Mvc.Infrastructure.ResourceInvoker.<InvokeFilterPipelineAsync>g__Awaited|20_0(ResourceInvoker invoker, Task lastTask, State next, Scope scope, Object state, Boolean isCompleted)
   at Microsoft.AspNetCore.Mvc.Infrastructure.ResourceInvoker.<InvokeAsync>g__Awaited|17_0(ResourceInvoker invoker, Task task, IDisposable scope)
   at Microsoft.AspNetCore.Mvc.Infrastructure.ResourceInvoker.<InvokeAsync>g__Awaited|17_0(ResourceInvoker invoker, Task task, IDisposable scope)
   at Microsoft.AspNetCore.Authorization.AuthorizationMiddleware.Invoke(HttpContext context)
   at Microsoft.AspNetCore.Authentication.AuthenticationMiddleware.Invoke(HttpContext context)
   at Swashbuckle.AspNetCore.SwaggerUI.SwaggerUIMiddleware.Invoke(HttpContext httpContext)
   at Swashbuckle.AspNetCore.Swagger.SwaggerMiddleware.Invoke(HttpContext httpContext, ISwaggerProvider swaggerProvider)
   at AssignmentManagement.Api.Middleware.ExceptionMiddleware.InvokeAsync(HttpContext context) in C:\Users\Tarek\Desktop\assignment\src\AssignmentManagement.Api\Middleware\ExceptionMiddleware.cs:line 23
2026-08-08 08:54:20.317 +06:00 [ERR] [AssignmentManagement.Api.Middleware.ExceptionMiddleware] Unhandled exception occurred while processing request GET /api/submissions/2047/preview
AssignmentManagement.Application.Common.ForbiddenException: Invalid file path specified.
   at AssignmentManagement.Infrastructure.Services.StorageService.GetFileAsync(String relativePath, Boolean isDownload, CancellationToken cancellationToken) in C:\Users\Tarek\Desktop\assignment\src\AssignmentManagement.Infrastructure\Services\StorageService.cs:line 117
   at AssignmentManagement.Application.Services.SubmissionService.GetSubmissionFileStreamAsync(Int32 submissionId, Boolean isPreview, CancellationToken cancellationToken) in C:\Users\Tarek\Desktop\assignment\src\AssignmentManagement.Application\Services\SubmissionService.cs:line 229
   at AssignmentManagement.Api.Controllers.SubmissionsController.Preview(Int32 id, CancellationToken cancellationToken) in C:\Users\Tarek\Desktop\assignment\src\AssignmentManagement.Api\Controllers\SubmissionsController.cs:line 88
   at Microsoft.AspNetCore.Mvc.Infrastructure.ActionMethodExecutor.TaskOfIActionResultExecutor.Execute(ActionContext actionContext, IActionResultTypeMapper mapper, ObjectMethodExecutor executor, Object controller, Object[] arguments)
   at Microsoft.AspNetCore.Mvc.Infrastructure.ControllerActionInvoker.<InvokeActionMethodAsync>g__Awaited|12_0(ControllerActionInvoker invoker, ValueTask`1 actionResultValueTask)
   at Microsoft.AspNetCore.Mvc.Infrastructure.ControllerActionInvoker.<InvokeNextActionFilterAsync>g__Awaited|10_0(ControllerActionInvoker invoker, Task lastTask, State next, Scope scope, Object state, Boolean isCompleted)
   at Microsoft.AspNetCore.Mvc.Infrastructure.ControllerActionInvoker.Rethrow(ActionExecutedContextSealed context)
   at Microsoft.AspNetCore.Mvc.Infrastructure.ControllerActionInvoker.Next(State& next, Scope& scope, Object& state, Boolean& isCompleted)
   at Microsoft.AspNetCore.Mvc.Infrastructure.ControllerActionInvoker.<InvokeInnerFilterAsync>g__Awaited|13_0(ControllerActionInvoker invoker, Task lastTask, State next, Scope scope, Object state, Boolean isCompleted)
   at Microsoft.AspNetCore.Mvc.Infrastructure.ResourceInvoker.<InvokeFilterPipelineAsync>g__Awaited|20_0(ResourceInvoker invoker, Task lastTask, State next, Scope scope, Object state, Boolean isCompleted)
   at Microsoft.AspNetCore.Mvc.Infrastructure.ResourceInvoker.<InvokeAsync>g__Awaited|17_0(ResourceInvoker invoker, Task task, IDisposable scope)
   at Microsoft.AspNetCore.Mvc.Infrastructure.ResourceInvoker.<InvokeAsync>g__Awaited|17_0(ResourceInvoker invoker, Task task, IDisposable scope)
   at Microsoft.AspNetCore.Authorization.AuthorizationMiddleware.Invoke(HttpContext context)
   at Microsoft.AspNetCore.Authentication.AuthenticationMiddleware.Invoke(HttpContext context)
   at Swashbuckle.AspNetCore.SwaggerUI.SwaggerUIMiddleware.Invoke(HttpContext httpContext)
   at Swashbuckle.AspNetCore.Swagger.SwaggerMiddleware.Invoke(HttpContext httpContext, ISwaggerProvider swaggerProvider)
   at AssignmentManagement.Api.Middleware.ExceptionMiddleware.InvokeAsync(HttpContext context) in C:\Users\Tarek\Desktop\assignment\src\AssignmentManagement.Api\Middleware\ExceptionMiddleware.cs:line 23
2026-08-08 08:54:22.511 +06:00 [ERR] [AssignmentManagement.Api.Middleware.ExceptionMiddleware] Unhandled exception occurred while processing request GET /api/submissions/2047/preview
AssignmentManagement.Application.Common.ForbiddenException: Invalid file path specified.
   at AssignmentManagement.Infrastructure.Services.StorageService.GetFileAsync(String relativePath, Boolean isDownload, CancellationToken cancellationToken) in C:\Users\Tarek\Desktop\assignment\src\AssignmentManagement.Infrastructure\Services\StorageService.cs:line 117
   at AssignmentManagement.Application.Services.SubmissionService.GetSubmissionFileStreamAsync(Int32 submissionId, Boolean isPreview, CancellationToken cancellationToken) in C:\Users\Tarek\Desktop\assignment\src\AssignmentManagement.Application\Services\SubmissionService.cs:line 229
   at AssignmentManagement.Api.Controllers.SubmissionsController.Preview(Int32 id, CancellationToken cancellationToken) in C:\Users\Tarek\Desktop\assignment\src\AssignmentManagement.Api\Controllers\SubmissionsController.cs:line 88
   at Microsoft.AspNetCore.Mvc.Infrastructure.ActionMethodExecutor.TaskOfIActionResultExecutor.Execute(ActionContext actionContext, IActionResultTypeMapper mapper, ObjectMethodExecutor executor, Object controller, Object[] arguments)
   at Microsoft.AspNetCore.Mvc.Infrastructure.ControllerActionInvoker.<InvokeActionMethodAsync>g__Awaited|12_0(ControllerActionInvoker invoker, ValueTask`1 actionResultValueTask)
   at Microsoft.AspNetCore.Mvc.Infrastructure.ControllerActionInvoker.<InvokeNextActionFilterAsync>g__Awaited|10_0(ControllerActionInvoker invoker, Task lastTask, State next, Scope scope, Object state, Boolean isCompleted)
   at Microsoft.AspNetCore.Mvc.Infrastructure.ControllerActionInvoker.Rethrow(ActionExecutedContextSealed context)
   at Microsoft.AspNetCore.Mvc.Infrastructure.ControllerActionInvoker.Next(State& next, Scope& scope, Object& state, Boolean& isCompleted)
   at Microsoft.AspNetCore.Mvc.Infrastructure.ControllerActionInvoker.<InvokeInnerFilterAsync>g__Awaited|13_0(ControllerActionInvoker invoker, Task lastTask, State next, Scope scope, Object state, Boolean isCompleted)
   at Microsoft.AspNetCore.Mvc.Infrastructure.ResourceInvoker.<InvokeFilterPipelineAsync>g__Awaited|20_0(ResourceInvoker invoker, Task lastTask, State next, Scope scope, Object state, Boolean isCompleted)
   at Microsoft.AspNetCore.Mvc.Infrastructure.ResourceInvoker.<InvokeAsync>g__Awaited|17_0(ResourceInvoker invoker, Task task, IDisposable scope)
   at Microsoft.AspNetCore.Mvc.Infrastructure.ResourceInvoker.<InvokeAsync>g__Awaited|17_0(ResourceInvoker invoker, Task task, IDisposable scope)
   at Microsoft.AspNetCore.Authorization.AuthorizationMiddleware.Invoke(HttpContext context)
   at Microsoft.AspNetCore.Authentication.AuthenticationMiddleware.Invoke(HttpContext context)
   at Swashbuckle.AspNetCore.SwaggerUI.SwaggerUIMiddleware.Invoke(HttpContext httpContext)
   at Swashbuckle.AspNetCore.Swagger.SwaggerMiddleware.Invoke(HttpContext httpContext, ISwaggerProvider swaggerProvider)
   at AssignmentManagement.Api.Middleware.ExceptionMiddleware.InvokeAsync(HttpContext context) in C:\Users\Tarek\Desktop\assignment\src\AssignmentManagement.Api\Middleware\ExceptionMiddleware.cs:line 23
2026-08-08 08:54:22.518 +06:00 [ERR] [AssignmentManagement.Api.Middleware.ExceptionMiddleware] Unhandled exception occurred while processing request GET /api/submissions/2047/preview
AssignmentManagement.Application.Common.ForbiddenException: Invalid file path specified.
   at AssignmentManagement.Infrastructure.Services.StorageService.GetFileAsync(String relativePath, Boolean isDownload, CancellationToken cancellationToken) in C:\Users\Tarek\Desktop\assignment\src\AssignmentManagement.Infrastructure\Services\StorageService.cs:line 117
   at AssignmentManagement.Application.Services.SubmissionService.GetSubmissionFileStreamAsync(Int32 submissionId, Boolean isPreview, CancellationToken cancellationToken) in C:\Users\Tarek\Desktop\assignment\src\AssignmentManagement.Application\Services\SubmissionService.cs:line 229
   at AssignmentManagement.Api.Controllers.SubmissionsController.Preview(Int32 id, CancellationToken cancellationToken) in C:\Users\Tarek\Desktop\assignment\src\AssignmentManagement.Api\Controllers\SubmissionsController.cs:line 88
   at Microsoft.AspNetCore.Mvc.Infrastructure.ActionMethodExecutor.TaskOfIActionResultExecutor.Execute(ActionContext actionContext, IActionResultTypeMapper mapper, ObjectMethodExecutor executor, Object controller, Object[] arguments)
   at Microsoft.AspNetCore.Mvc.Infrastructure.ControllerActionInvoker.<InvokeActionMethodAsync>g__Awaited|12_0(ControllerActionInvoker invoker, ValueTask`1 actionResultValueTask)
   at Microsoft.AspNetCore.Mvc.Infrastructure.ControllerActionInvoker.<InvokeNextActionFilterAsync>g__Awaited|10_0(ControllerActionInvoker invoker, Task lastTask, State next, Scope scope, Object state, Boolean isCompleted)
   at Microsoft.AspNetCore.Mvc.Infrastructure.ControllerActionInvoker.Rethrow(ActionExecutedContextSealed context)
   at Microsoft.AspNetCore.Mvc.Infrastructure.ControllerActionInvoker.Next(State& next, Scope& scope, Object& state, Boolean& isCompleted)
   at Microsoft.AspNetCore.Mvc.Infrastructure.ControllerActionInvoker.<InvokeInnerFilterAsync>g__Awaited|13_0(ControllerActionInvoker invoker, Task lastTask, State next, Scope scope, Object state, Boolean isCompleted)
   at Microsoft.AspNetCore.Mvc.Infrastructure.ResourceInvoker.<InvokeFilterPipelineAsync>g__Awaited|20_0(ResourceInvoker invoker, Task lastTask, State next, Scope scope, Object state, Boolean isCompleted)
   at Microsoft.AspNetCore.Mvc.Infrastructure.ResourceInvoker.<InvokeAsync>g__Awaited|17_0(ResourceInvoker invoker, Task task, IDisposable scope)
   at Microsoft.AspNetCore.Mvc.Infrastructure.ResourceInvoker.<InvokeAsync>g__Awaited|17_0(ResourceInvoker invoker, Task task, IDisposable scope)
   at Microsoft.AspNetCore.Authorization.AuthorizationMiddleware.Invoke(HttpContext context)
   at Microsoft.AspNetCore.Authentication.AuthenticationMiddleware.Invoke(HttpContext context)
   at Swashbuckle.AspNetCore.SwaggerUI.SwaggerUIMiddleware.Invoke(HttpContext httpContext)
   at Swashbuckle.AspNetCore.Swagger.SwaggerMiddleware.Invoke(HttpContext httpContext, ISwaggerProvider swaggerProvider)
   at AssignmentManagement.Api.Middleware.ExceptionMiddleware.InvokeAsync(HttpContext context) in C:\Users\Tarek\Desktop\assignment\src\AssignmentManagement.Api\Middleware\ExceptionMiddleware.cs:line 23
2026-08-08 08:54:27.925 +06:00 [ERR] [AssignmentManagement.Api.Middleware.ExceptionMiddleware] Unhandled exception occurred while processing request GET /api/submissions/2047/preview
AssignmentManagement.Application.Common.ForbiddenException: Invalid file path specified.
   at AssignmentManagement.Infrastructure.Services.StorageService.GetFileAsync(String relativePath, Boolean isDownload, CancellationToken cancellationToken) in C:\Users\Tarek\Desktop\assignment\src\AssignmentManagement.Infrastructure\Services\StorageService.cs:line 117
   at AssignmentManagement.Application.Services.SubmissionService.GetSubmissionFileStreamAsync(Int32 submissionId, Boolean isPreview, CancellationToken cancellationToken) in C:\Users\Tarek\Desktop\assignment\src\AssignmentManagement.Application\Services\SubmissionService.cs:line 229
   at AssignmentManagement.Api.Controllers.SubmissionsController.Preview(Int32 id, CancellationToken cancellationToken) in C:\Users\Tarek\Desktop\assignment\src\AssignmentManagement.Api\Controllers\SubmissionsController.cs:line 88
   at Microsoft.AspNetCore.Mvc.Infrastructure.ActionMethodExecutor.TaskOfIActionResultExecutor.Execute(ActionContext actionContext, IActionResultTypeMapper mapper, ObjectMethodExecutor executor, Object controller, Object[] arguments)
   at Microsoft.AspNetCore.Mvc.Infrastructure.ControllerActionInvoker.<InvokeActionMethodAsync>g__Awaited|12_0(ControllerActionInvoker invoker, ValueTask`1 actionResultValueTask)
   at Microsoft.AspNetCore.Mvc.Infrastructure.ControllerActionInvoker.<InvokeNextActionFilterAsync>g__Awaited|10_0(ControllerActionInvoker invoker, Task lastTask, State next, Scope scope, Object state, Boolean isCompleted)
   at Microsoft.AspNetCore.Mvc.Infrastructure.ControllerActionInvoker.Rethrow(ActionExecutedContextSealed context)
   at Microsoft.AspNetCore.Mvc.Infrastructure.ControllerActionInvoker.Next(State& next, Scope& scope, Object& state, Boolean& isCompleted)
   at Microsoft.AspNetCore.Mvc.Infrastructure.ControllerActionInvoker.<InvokeInnerFilterAsync>g__Awaited|13_0(ControllerActionInvoker invoker, Task lastTask, State next, Scope scope, Object state, Boolean isCompleted)
   at Microsoft.AspNetCore.Mvc.Infrastructure.ResourceInvoker.<InvokeFilterPipelineAsync>g__Awaited|20_0(ResourceInvoker invoker, Task lastTask, State next, Scope scope, Object state, Boolean isCompleted)
   at Microsoft.AspNetCore.Mvc.Infrastructure.ResourceInvoker.<InvokeAsync>g__Awaited|17_0(ResourceInvoker invoker, Task task, IDisposable scope)
   at Microsoft.AspNetCore.Mvc.Infrastructure.ResourceInvoker.<InvokeAsync>g__Awaited|17_0(ResourceInvoker invoker, Task task, IDisposable scope)
   at Microsoft.AspNetCore.Authorization.AuthorizationMiddleware.Invoke(HttpContext context)
   at Microsoft.AspNetCore.Authentication.AuthenticationMiddleware.Invoke(HttpContext context)
   at Swashbuckle.AspNetCore.SwaggerUI.SwaggerUIMiddleware.Invoke(HttpContext httpContext)
   at Swashbuckle.AspNetCore.Swagger.SwaggerMiddleware.Invoke(HttpContext httpContext, ISwaggerProvider swaggerProvider)
   at AssignmentManagement.Api.Middleware.ExceptionMiddleware.InvokeAsync(HttpContext context) in C:\Users\Tarek\Desktop\assignment\src\AssignmentManagement.Api\Middleware\ExceptionMiddleware.cs:line 23
2026-08-08 08:54:27.935 +06:00 [ERR] [AssignmentManagement.Api.Middleware.ExceptionMiddleware] Unhandled exception occurred while processing request GET /api/submissions/2047/preview
AssignmentManagement.Application.Common.ForbiddenException: Invalid file path specified.
   at AssignmentManagement.Infrastructure.Services.StorageService.GetFileAsync(String relativePath, Boolean isDownload, CancellationToken cancellationToken) in C:\Users\Tarek\Desktop\assignment\src\AssignmentManagement.Infrastructure\Services\StorageService.cs:line 117
   at AssignmentManagement.Application.Services.SubmissionService.GetSubmissionFileStreamAsync(Int32 submissionId, Boolean isPreview, CancellationToken cancellationToken) in C:\Users\Tarek\Desktop\assignment\src\AssignmentManagement.Application\Services\SubmissionService.cs:line 229
   at AssignmentManagement.Api.Controllers.SubmissionsController.Preview(Int32 id, CancellationToken cancellationToken) in C:\Users\Tarek\Desktop\assignment\src\AssignmentManagement.Api\Controllers\SubmissionsController.cs:line 88
   at Microsoft.AspNetCore.Mvc.Infrastructure.ActionMethodExecutor.TaskOfIActionResultExecutor.Execute(ActionContext actionContext, IActionResultTypeMapper mapper, ObjectMethodExecutor executor, Object controller, Object[] arguments)
   at Microsoft.AspNetCore.Mvc.Infrastructure.ControllerActionInvoker.<InvokeActionMethodAsync>g__Awaited|12_0(ControllerActionInvoker invoker, ValueTask`1 actionResultValueTask)
   at Microsoft.AspNetCore.Mvc.Infrastructure.ControllerActionInvoker.<InvokeNextActionFilterAsync>g__Awaited|10_0(ControllerActionInvoker invoker, Task lastTask, State next, Scope scope, Object state, Boolean isCompleted)
   at Microsoft.AspNetCore.Mvc.Infrastructure.ControllerActionInvoker.Rethrow(ActionExecutedContextSealed context)
   at Microsoft.AspNetCore.Mvc.Infrastructure.ControllerActionInvoker.Next(State& next, Scope& scope, Object& state, Boolean& isCompleted)
   at Microsoft.AspNetCore.Mvc.Infrastructure.ControllerActionInvoker.<InvokeInnerFilterAsync>g__Awaited|13_0(ControllerActionInvoker invoker, Task lastTask, State next, Scope scope, Object state, Boolean isCompleted)
   at Microsoft.AspNetCore.Mvc.Infrastructure.ResourceInvoker.<InvokeFilterPipelineAsync>g__Awaited|20_0(ResourceInvoker invoker, Task lastTask, State next, Scope scope, Object state, Boolean isCompleted)
   at Microsoft.AspNetCore.Mvc.Infrastructure.ResourceInvoker.<InvokeAsync>g__Awaited|17_0(ResourceInvoker invoker, Task task, IDisposable scope)
   at Microsoft.AspNetCore.Mvc.Infrastructure.ResourceInvoker.<InvokeAsync>g__Awaited|17_0(ResourceInvoker invoker, Task task, IDisposable scope)
   at Microsoft.AspNetCore.Authorization.AuthorizationMiddleware.Invoke(HttpContext context)
   at Microsoft.AspNetCore.Authentication.AuthenticationMiddleware.Invoke(HttpContext context)
   at Swashbuckle.AspNetCore.SwaggerUI.SwaggerUIMiddleware.Invoke(HttpContext httpContext)
   at Swashbuckle.AspNetCore.Swagger.SwaggerMiddleware.Invoke(HttpContext httpContext, ISwaggerProvider swaggerProvider)
   at AssignmentManagement.Api.Middleware.ExceptionMiddleware.InvokeAsync(HttpContext context) in C:\Users\Tarek\Desktop\assignment\src\AssignmentManagement.Api\Middleware\ExceptionMiddleware.cs:line 23
2026-08-08 08:56:44.014 +06:00 [INF] [AssignmentManagement.Application.Services.SubmissionService] Submission 958 graded with 50/100 marks by User 11
2026-08-08 08:59:55.875 +06:00 [INF] [AssignmentManagement.Application.Services.AuthService] User 11 (teacher10@school.edu.bd) logged out
2026-08-08 09:00:01.016 +06:00 [WRN] [AssignmentManagement.Application.Services.AuthService] Failed login attempt for email student@school.edu.bd
2026-08-08 09:00:01.017 +06:00 [ERR] [AssignmentManagement.Api.Middleware.ExceptionMiddleware] Unhandled exception occurred while processing request POST /api/auth/login
System.UnauthorizedAccessException: Invalid email or password.
   at AssignmentManagement.Application.Services.AuthService.LoginAsync(LoginRequestDto request, CancellationToken cancellationToken) in C:\Users\Tarek\Desktop\assignment\src\AssignmentManagement.Application\Services\AuthService.cs:line 37
   at AssignmentManagement.Api.Controllers.AuthController.Login(LoginRequestDto request, CancellationToken cancellationToken) in C:\Users\Tarek\Desktop\assignment\src\AssignmentManagement.Api\Controllers\AuthController.cs:line 21
   at lambda_method1394(Closure, Object)
   at Microsoft.AspNetCore.Mvc.Infrastructure.ActionMethodExecutor.AwaitableObjectResultExecutor.Execute(ActionContext actionContext, IActionResultTypeMapper mapper, ObjectMethodExecutor executor, Object controller, Object[] arguments)
   at Microsoft.AspNetCore.Mvc.Infrastructure.ControllerActionInvoker.<InvokeActionMethodAsync>g__Awaited|12_0(ControllerActionInvoker invoker, ValueTask`1 actionResultValueTask)
   at Microsoft.AspNetCore.Mvc.Infrastructure.ControllerActionInvoker.<InvokeNextActionFilterAsync>g__Awaited|10_0(ControllerActionInvoker invoker, Task lastTask, State next, Scope scope, Object state, Boolean isCompleted)
   at Microsoft.AspNetCore.Mvc.Infrastructure.ControllerActionInvoker.Rethrow(ActionExecutedContextSealed context)
   at Microsoft.AspNetCore.Mvc.Infrastructure.ControllerActionInvoker.Next(State& next, Scope& scope, Object& state, Boolean& isCompleted)
   at Microsoft.AspNetCore.Mvc.Infrastructure.ControllerActionInvoker.<InvokeInnerFilterAsync>g__Awaited|13_0(ControllerActionInvoker invoker, Task lastTask, State next, Scope scope, Object state, Boolean isCompleted)
   at Microsoft.AspNetCore.Mvc.Infrastructure.ResourceInvoker.<InvokeFilterPipelineAsync>g__Awaited|20_0(ResourceInvoker invoker, Task lastTask, State next, Scope scope, Object state, Boolean isCompleted)
   at Microsoft.AspNetCore.Mvc.Infrastructure.ResourceInvoker.<InvokeAsync>g__Awaited|17_0(ResourceInvoker invoker, Task task, IDisposable scope)
   at Microsoft.AspNetCore.Mvc.Infrastructure.ResourceInvoker.<InvokeAsync>g__Awaited|17_0(ResourceInvoker invoker, Task task, IDisposable scope)
   at Microsoft.AspNetCore.Authorization.AuthorizationMiddleware.Invoke(HttpContext context)
   at Microsoft.AspNetCore.Authentication.AuthenticationMiddleware.Invoke(HttpContext context)
   at Swashbuckle.AspNetCore.SwaggerUI.SwaggerUIMiddleware.Invoke(HttpContext httpContext)
   at Swashbuckle.AspNetCore.Swagger.SwaggerMiddleware.Invoke(HttpContext httpContext, ISwaggerProvider swaggerProvider)
   at AssignmentManagement.Api.Middleware.ExceptionMiddleware.InvokeAsync(HttpContext context) in C:\Users\Tarek\Desktop\assignment\src\AssignmentManagement.Api\Middleware\ExceptionMiddleware.cs:line 23
2026-08-08 09:00:02.388 +06:00 [WRN] [AssignmentManagement.Application.Services.AuthService] Failed login attempt for email student1@school.edu.bd
2026-08-08 09:00:02.388 +06:00 [ERR] [AssignmentManagement.Api.Middleware.ExceptionMiddleware] Unhandled exception occurred while processing request POST /api/auth/login
System.UnauthorizedAccessException: Invalid email or password.
   at AssignmentManagement.Application.Services.AuthService.LoginAsync(LoginRequestDto request, CancellationToken cancellationToken) in C:\Users\Tarek\Desktop\assignment\src\AssignmentManagement.Application\Services\AuthService.cs:line 37
   at AssignmentManagement.Api.Controllers.AuthController.Login(LoginRequestDto request, CancellationToken cancellationToken) in C:\Users\Tarek\Desktop\assignment\src\AssignmentManagement.Api\Controllers\AuthController.cs:line 21
   at lambda_method1394(Closure, Object)
   at Microsoft.AspNetCore.Mvc.Infrastructure.ActionMethodExecutor.AwaitableObjectResultExecutor.Execute(ActionContext actionContext, IActionResultTypeMapper mapper, ObjectMethodExecutor executor, Object controller, Object[] arguments)
   at Microsoft.AspNetCore.Mvc.Infrastructure.ControllerActionInvoker.<InvokeActionMethodAsync>g__Awaited|12_0(ControllerActionInvoker invoker, ValueTask`1 actionResultValueTask)
   at Microsoft.AspNetCore.Mvc.Infrastructure.ControllerActionInvoker.<InvokeNextActionFilterAsync>g__Awaited|10_0(ControllerActionInvoker invoker, Task lastTask, State next, Scope scope, Object state, Boolean isCompleted)
   at Microsoft.AspNetCore.Mvc.Infrastructure.ControllerActionInvoker.Rethrow(ActionExecutedContextSealed context)
   at Microsoft.AspNetCore.Mvc.Infrastructure.ControllerActionInvoker.Next(State& next, Scope& scope, Object& state, Boolean& isCompleted)
   at Microsoft.AspNetCore.Mvc.Infrastructure.ControllerActionInvoker.<InvokeInnerFilterAsync>g__Awaited|13_0(ControllerActionInvoker invoker, Task lastTask, State next, Scope scope, Object state, Boolean isCompleted)
   at Microsoft.AspNetCore.Mvc.Infrastructure.ResourceInvoker.<InvokeFilterPipelineAsync>g__Awaited|20_0(ResourceInvoker invoker, Task lastTask, State next, Scope scope, Object state, Boolean isCompleted)
   at Microsoft.AspNetCore.Mvc.Infrastructure.ResourceInvoker.<InvokeAsync>g__Awaited|17_0(ResourceInvoker invoker, Task task, IDisposable scope)
   at Microsoft.AspNetCore.Mvc.Infrastructure.ResourceInvoker.<InvokeAsync>g__Awaited|17_0(ResourceInvoker invoker, Task task, IDisposable scope)
   at Microsoft.AspNetCore.Authorization.AuthorizationMiddleware.Invoke(HttpContext context)
   at Microsoft.AspNetCore.Authentication.AuthenticationMiddleware.Invoke(HttpContext context)
   at Swashbuckle.AspNetCore.SwaggerUI.SwaggerUIMiddleware.Invoke(HttpContext httpContext)
   at Swashbuckle.AspNetCore.Swagger.SwaggerMiddleware.Invoke(HttpContext httpContext, ISwaggerProvider swaggerProvider)
   at AssignmentManagement.Api.Middleware.ExceptionMiddleware.InvokeAsync(HttpContext context) in C:\Users\Tarek\Desktop\assignment\src\AssignmentManagement.Api\Middleware\ExceptionMiddleware.cs:line 23
2026-08-08 09:00:08.114 +06:00 [WRN] [AssignmentManagement.Application.Services.AuthService] Failed login attempt for email student1@school.edu.bd
2026-08-08 09:00:08.115 +06:00 [ERR] [AssignmentManagement.Api.Middleware.ExceptionMiddleware] Unhandled exception occurred while processing request POST /api/auth/login
System.UnauthorizedAccessException: Invalid email or password.
   at AssignmentManagement.Application.Services.AuthService.LoginAsync(LoginRequestDto request, CancellationToken cancellationToken) in C:\Users\Tarek\Desktop\assignment\src\AssignmentManagement.Application\Services\AuthService.cs:line 37
   at AssignmentManagement.Api.Controllers.AuthController.Login(LoginRequestDto request, CancellationToken cancellationToken) in C:\Users\Tarek\Desktop\assignment\src\AssignmentManagement.Api\Controllers\AuthController.cs:line 21
   at lambda_method1394(Closure, Object)
   at Microsoft.AspNetCore.Mvc.Infrastructure.ActionMethodExecutor.AwaitableObjectResultExecutor.Execute(ActionContext actionContext, IActionResultTypeMapper mapper, ObjectMethodExecutor executor, Object controller, Object[] arguments)
   at Microsoft.AspNetCore.Mvc.Infrastructure.ControllerActionInvoker.<InvokeActionMethodAsync>g__Awaited|12_0(ControllerActionInvoker invoker, ValueTask`1 actionResultValueTask)
   at Microsoft.AspNetCore.Mvc.Infrastructure.ControllerActionInvoker.<InvokeNextActionFilterAsync>g__Awaited|10_0(ControllerActionInvoker invoker, Task lastTask, State next, Scope scope, Object state, Boolean isCompleted)
   at Microsoft.AspNetCore.Mvc.Infrastructure.ControllerActionInvoker.Rethrow(ActionExecutedContextSealed context)
   at Microsoft.AspNetCore.Mvc.Infrastructure.ControllerActionInvoker.Next(State& next, Scope& scope, Object& state, Boolean& isCompleted)
   at Microsoft.AspNetCore.Mvc.Infrastructure.ControllerActionInvoker.<InvokeInnerFilterAsync>g__Awaited|13_0(ControllerActionInvoker invoker, Task lastTask, State next, Scope scope, Object state, Boolean isCompleted)
   at Microsoft.AspNetCore.Mvc.Infrastructure.ResourceInvoker.<InvokeFilterPipelineAsync>g__Awaited|20_0(ResourceInvoker invoker, Task lastTask, State next, Scope scope, Object state, Boolean isCompleted)
   at Microsoft.AspNetCore.Mvc.Infrastructure.ResourceInvoker.<InvokeAsync>g__Awaited|17_0(ResourceInvoker invoker, Task task, IDisposable scope)
   at Microsoft.AspNetCore.Mvc.Infrastructure.ResourceInvoker.<InvokeAsync>g__Awaited|17_0(ResourceInvoker invoker, Task task, IDisposable scope)
   at Microsoft.AspNetCore.Authorization.AuthorizationMiddleware.Invoke(HttpContext context)
   at Microsoft.AspNetCore.Authentication.AuthenticationMiddleware.Invoke(HttpContext context)
   at Swashbuckle.AspNetCore.SwaggerUI.SwaggerUIMiddleware.Invoke(HttpContext httpContext)
   at Swashbuckle.AspNetCore.Swagger.SwaggerMiddleware.Invoke(HttpContext httpContext, ISwaggerProvider swaggerProvider)
   at AssignmentManagement.Api.Middleware.ExceptionMiddleware.InvokeAsync(HttpContext context) in C:\Users\Tarek\Desktop\assignment\src\AssignmentManagement.Api\Middleware\ExceptionMiddleware.cs:line 23
2026-08-08 09:00:12.642 +06:00 [INF] [AssignmentManagement.Application.Services.AuthService] User 11 (teacher10@school.edu.bd) logged in successfully with role "Teacher"
2026-08-08 09:00:26.964 +06:00 [INF] [AssignmentManagement.Application.Services.AuthService] User 11 (teacher10@school.edu.bd) logged out
2026-08-08 09:00:29.876 +06:00 [INF] [AssignmentManagement.Application.Services.AuthService] User 1 (admin@example.com) logged in successfully with role "Admin"
2026-08-08 09:01:28.093 +06:00 [INF] [AssignmentManagement.Application.Services.AuthService] User 1 (admin@example.com) logged out
2026-08-08 09:01:32.530 +06:00 [INF] [AssignmentManagement.Application.Services.AuthService] User 27 (student11@school.edu.bd) logged in successfully with role "Student"
2026-08-08 09:02:07.371 +06:00 [ERR] [AssignmentManagement.Api.Middleware.ExceptionMiddleware] Unhandled exception occurred while processing request GET /api/submissions/311/preview
AssignmentManagement.Application.Common.ForbiddenException: Invalid file path specified.
   at AssignmentManagement.Infrastructure.Services.StorageService.GetFileAsync(String relativePath, Boolean isDownload, CancellationToken cancellationToken) in C:\Users\Tarek\Desktop\assignment\src\AssignmentManagement.Infrastructure\Services\StorageService.cs:line 117
   at AssignmentManagement.Application.Services.SubmissionService.GetSubmissionFileStreamAsync(Int32 submissionId, Boolean isPreview, CancellationToken cancellationToken) in C:\Users\Tarek\Desktop\assignment\src\AssignmentManagement.Application\Services\SubmissionService.cs:line 229
   at AssignmentManagement.Api.Controllers.SubmissionsController.Preview(Int32 id, CancellationToken cancellationToken) in C:\Users\Tarek\Desktop\assignment\src\AssignmentManagement.Api\Controllers\SubmissionsController.cs:line 88
   at Microsoft.AspNetCore.Mvc.Infrastructure.ActionMethodExecutor.TaskOfIActionResultExecutor.Execute(ActionContext actionContext, IActionResultTypeMapper mapper, ObjectMethodExecutor executor, Object controller, Object[] arguments)
   at Microsoft.AspNetCore.Mvc.Infrastructure.ControllerActionInvoker.<InvokeActionMethodAsync>g__Awaited|12_0(ControllerActionInvoker invoker, ValueTask`1 actionResultValueTask)
   at Microsoft.AspNetCore.Mvc.Infrastructure.ControllerActionInvoker.<InvokeNextActionFilterAsync>g__Awaited|10_0(ControllerActionInvoker invoker, Task lastTask, State next, Scope scope, Object state, Boolean isCompleted)
   at Microsoft.AspNetCore.Mvc.Infrastructure.ControllerActionInvoker.Rethrow(ActionExecutedContextSealed context)
   at Microsoft.AspNetCore.Mvc.Infrastructure.ControllerActionInvoker.Next(State& next, Scope& scope, Object& state, Boolean& isCompleted)
   at Microsoft.AspNetCore.Mvc.Infrastructure.ControllerActionInvoker.<InvokeInnerFilterAsync>g__Awaited|13_0(ControllerActionInvoker invoker, Task lastTask, State next, Scope scope, Object state, Boolean isCompleted)
   at Microsoft.AspNetCore.Mvc.Infrastructure.ResourceInvoker.<InvokeFilterPipelineAsync>g__Awaited|20_0(ResourceInvoker invoker, Task lastTask, State next, Scope scope, Object state, Boolean isCompleted)
   at Microsoft.AspNetCore.Mvc.Infrastructure.ResourceInvoker.<InvokeAsync>g__Awaited|17_0(ResourceInvoker invoker, Task task, IDisposable scope)
   at Microsoft.AspNetCore.Mvc.Infrastructure.ResourceInvoker.<InvokeAsync>g__Awaited|17_0(ResourceInvoker invoker, Task task, IDisposable scope)
   at Microsoft.AspNetCore.Authorization.AuthorizationMiddleware.Invoke(HttpContext context)
   at Microsoft.AspNetCore.Authentication.AuthenticationMiddleware.Invoke(HttpContext context)
   at Swashbuckle.AspNetCore.SwaggerUI.SwaggerUIMiddleware.Invoke(HttpContext httpContext)
   at Swashbuckle.AspNetCore.Swagger.SwaggerMiddleware.Invoke(HttpContext httpContext, ISwaggerProvider swaggerProvider)
   at AssignmentManagement.Api.Middleware.ExceptionMiddleware.InvokeAsync(HttpContext context) in C:\Users\Tarek\Desktop\assignment\src\AssignmentManagement.Api\Middleware\ExceptionMiddleware.cs:line 23
2026-08-08 09:02:07.379 +06:00 [ERR] [AssignmentManagement.Api.Middleware.ExceptionMiddleware] Unhandled exception occurred while processing request GET /api/submissions/311/preview
AssignmentManagement.Application.Common.ForbiddenException: Invalid file path specified.
   at AssignmentManagement.Infrastructure.Services.StorageService.GetFileAsync(String relativePath, Boolean isDownload, CancellationToken cancellationToken) in C:\Users\Tarek\Desktop\assignment\src\AssignmentManagement.Infrastructure\Services\StorageService.cs:line 117
   at AssignmentManagement.Application.Services.SubmissionService.GetSubmissionFileStreamAsync(Int32 submissionId, Boolean isPreview, CancellationToken cancellationToken) in C:\Users\Tarek\Desktop\assignment\src\AssignmentManagement.Application\Services\SubmissionService.cs:line 229
   at AssignmentManagement.Api.Controllers.SubmissionsController.Preview(Int32 id, CancellationToken cancellationToken) in C:\Users\Tarek\Desktop\assignment\src\AssignmentManagement.Api\Controllers\SubmissionsController.cs:line 88
   at Microsoft.AspNetCore.Mvc.Infrastructure.ActionMethodExecutor.TaskOfIActionResultExecutor.Execute(ActionContext actionContext, IActionResultTypeMapper mapper, ObjectMethodExecutor executor, Object controller, Object[] arguments)
   at Microsoft.AspNetCore.Mvc.Infrastructure.ControllerActionInvoker.<InvokeActionMethodAsync>g__Awaited|12_0(ControllerActionInvoker invoker, ValueTask`1 actionResultValueTask)
   at Microsoft.AspNetCore.Mvc.Infrastructure.ControllerActionInvoker.<InvokeNextActionFilterAsync>g__Awaited|10_0(ControllerActionInvoker invoker, Task lastTask, State next, Scope scope, Object state, Boolean isCompleted)
   at Microsoft.AspNetCore.Mvc.Infrastructure.ControllerActionInvoker.Rethrow(ActionExecutedContextSealed context)
   at Microsoft.AspNetCore.Mvc.Infrastructure.ControllerActionInvoker.Next(State& next, Scope& scope, Object& state, Boolean& isCompleted)
   at Microsoft.AspNetCore.Mvc.Infrastructure.ControllerActionInvoker.<InvokeInnerFilterAsync>g__Awaited|13_0(ControllerActionInvoker invoker, Task lastTask, State next, Scope scope, Object state, Boolean isCompleted)
   at Microsoft.AspNetCore.Mvc.Infrastructure.ResourceInvoker.<InvokeFilterPipelineAsync>g__Awaited|20_0(ResourceInvoker invoker, Task lastTask, State next, Scope scope, Object state, Boolean isCompleted)
   at Microsoft.AspNetCore.Mvc.Infrastructure.ResourceInvoker.<InvokeAsync>g__Awaited|17_0(ResourceInvoker invoker, Task task, IDisposable scope)
   at Microsoft.AspNetCore.Mvc.Infrastructure.ResourceInvoker.<InvokeAsync>g__Awaited|17_0(ResourceInvoker invoker, Task task, IDisposable scope)
   at Microsoft.AspNetCore.Authorization.AuthorizationMiddleware.Invoke(HttpContext context)
   at Microsoft.AspNetCore.Authentication.AuthenticationMiddleware.Invoke(HttpContext context)
   at Swashbuckle.AspNetCore.SwaggerUI.SwaggerUIMiddleware.Invoke(HttpContext httpContext)
   at Swashbuckle.AspNetCore.Swagger.SwaggerMiddleware.Invoke(HttpContext httpContext, ISwaggerProvider swaggerProvider)
   at AssignmentManagement.Api.Middleware.ExceptionMiddleware.InvokeAsync(HttpContext context) in C:\Users\Tarek\Desktop\assignment\src\AssignmentManagement.Api\Middleware\ExceptionMiddleware.cs:line 23
2026-08-08 09:05:10.282 +06:00 [ERR] [AssignmentManagement.Api.Middleware.ExceptionMiddleware] Unhandled exception occurred while processing request GET /api/submissions/399/preview
AssignmentManagement.Application.Common.ForbiddenException: Invalid file path specified.
   at AssignmentManagement.Infrastructure.Services.StorageService.GetFileAsync(String relativePath, Boolean isDownload, CancellationToken cancellationToken) in C:\Users\Tarek\Desktop\assignment\src\AssignmentManagement.Infrastructure\Services\StorageService.cs:line 117
   at AssignmentManagement.Application.Services.SubmissionService.GetSubmissionFileStreamAsync(Int32 submissionId, Boolean isPreview, CancellationToken cancellationToken) in C:\Users\Tarek\Desktop\assignment\src\AssignmentManagement.Application\Services\SubmissionService.cs:line 229
   at AssignmentManagement.Api.Controllers.SubmissionsController.Preview(Int32 id, CancellationToken cancellationToken) in C:\Users\Tarek\Desktop\assignment\src\AssignmentManagement.Api\Controllers\SubmissionsController.cs:line 88
   at Microsoft.AspNetCore.Mvc.Infrastructure.ActionMethodExecutor.TaskOfIActionResultExecutor.Execute(ActionContext actionContext, IActionResultTypeMapper mapper, ObjectMethodExecutor executor, Object controller, Object[] arguments)
   at Microsoft.AspNetCore.Mvc.Infrastructure.ControllerActionInvoker.<InvokeActionMethodAsync>g__Awaited|12_0(ControllerActionInvoker invoker, ValueTask`1 actionResultValueTask)
   at Microsoft.AspNetCore.Mvc.Infrastructure.ControllerActionInvoker.<InvokeNextActionFilterAsync>g__Awaited|10_0(ControllerActionInvoker invoker, Task lastTask, State next, Scope scope, Object state, Boolean isCompleted)
   at Microsoft.AspNetCore.Mvc.Infrastructure.ControllerActionInvoker.Rethrow(ActionExecutedContextSealed context)
   at Microsoft.AspNetCore.Mvc.Infrastructure.ControllerActionInvoker.Next(State& next, Scope& scope, Object& state, Boolean& isCompleted)
   at Microsoft.AspNetCore.Mvc.Infrastructure.ControllerActionInvoker.<InvokeInnerFilterAsync>g__Awaited|13_0(ControllerActionInvoker invoker, Task lastTask, State next, Scope scope, Object state, Boolean isCompleted)
   at Microsoft.AspNetCore.Mvc.Infrastructure.ResourceInvoker.<InvokeFilterPipelineAsync>g__Awaited|20_0(ResourceInvoker invoker, Task lastTask, State next, Scope scope, Object state, Boolean isCompleted)
   at Microsoft.AspNetCore.Mvc.Infrastructure.ResourceInvoker.<InvokeAsync>g__Awaited|17_0(ResourceInvoker invoker, Task task, IDisposable scope)
   at Microsoft.AspNetCore.Mvc.Infrastructure.ResourceInvoker.<InvokeAsync>g__Awaited|17_0(ResourceInvoker invoker, Task task, IDisposable scope)
   at Microsoft.AspNetCore.Authorization.AuthorizationMiddleware.Invoke(HttpContext context)
   at Microsoft.AspNetCore.Authentication.AuthenticationMiddleware.Invoke(HttpContext context)
   at Swashbuckle.AspNetCore.SwaggerUI.SwaggerUIMiddleware.Invoke(HttpContext httpContext)
   at Swashbuckle.AspNetCore.Swagger.SwaggerMiddleware.Invoke(HttpContext httpContext, ISwaggerProvider swaggerProvider)
   at AssignmentManagement.Api.Middleware.ExceptionMiddleware.InvokeAsync(HttpContext context) in C:\Users\Tarek\Desktop\assignment\src\AssignmentManagement.Api\Middleware\ExceptionMiddleware.cs:line 23
2026-08-08 09:05:10.293 +06:00 [ERR] [AssignmentManagement.Api.Middleware.ExceptionMiddleware] Unhandled exception occurred while processing request GET /api/submissions/399/preview
AssignmentManagement.Application.Common.ForbiddenException: Invalid file path specified.
   at AssignmentManagement.Infrastructure.Services.StorageService.GetFileAsync(String relativePath, Boolean isDownload, CancellationToken cancellationToken) in C:\Users\Tarek\Desktop\assignment\src\AssignmentManagement.Infrastructure\Services\StorageService.cs:line 117
   at AssignmentManagement.Application.Services.SubmissionService.GetSubmissionFileStreamAsync(Int32 submissionId, Boolean isPreview, CancellationToken cancellationToken) in C:\Users\Tarek\Desktop\assignment\src\AssignmentManagement.Application\Services\SubmissionService.cs:line 229
   at AssignmentManagement.Api.Controllers.SubmissionsController.Preview(Int32 id, CancellationToken cancellationToken) in C:\Users\Tarek\Desktop\assignment\src\AssignmentManagement.Api\Controllers\SubmissionsController.cs:line 88
   at Microsoft.AspNetCore.Mvc.Infrastructure.ActionMethodExecutor.TaskOfIActionResultExecutor.Execute(ActionContext actionContext, IActionResultTypeMapper mapper, ObjectMethodExecutor executor, Object controller, Object[] arguments)
   at Microsoft.AspNetCore.Mvc.Infrastructure.ControllerActionInvoker.<InvokeActionMethodAsync>g__Awaited|12_0(ControllerActionInvoker invoker, ValueTask`1 actionResultValueTask)
   at Microsoft.AspNetCore.Mvc.Infrastructure.ControllerActionInvoker.<InvokeNextActionFilterAsync>g__Awaited|10_0(ControllerActionInvoker invoker, Task lastTask, State next, Scope scope, Object state, Boolean isCompleted)
   at Microsoft.AspNetCore.Mvc.Infrastructure.ControllerActionInvoker.Rethrow(ActionExecutedContextSealed context)
   at Microsoft.AspNetCore.Mvc.Infrastructure.ControllerActionInvoker.Next(State& next, Scope& scope, Object& state, Boolean& isCompleted)
   at Microsoft.AspNetCore.Mvc.Infrastructure.ControllerActionInvoker.<InvokeInnerFilterAsync>g__Awaited|13_0(ControllerActionInvoker invoker, Task lastTask, State next, Scope scope, Object state, Boolean isCompleted)
   at Microsoft.AspNetCore.Mvc.Infrastructure.ResourceInvoker.<InvokeFilterPipelineAsync>g__Awaited|20_0(ResourceInvoker invoker, Task lastTask, State next, Scope scope, Object state, Boolean isCompleted)
   at Microsoft.AspNetCore.Mvc.Infrastructure.ResourceInvoker.<InvokeAsync>g__Awaited|17_0(ResourceInvoker invoker, Task task, IDisposable scope)
   at Microsoft.AspNetCore.Mvc.Infrastructure.ResourceInvoker.<InvokeAsync>g__Awaited|17_0(ResourceInvoker invoker, Task task, IDisposable scope)
   at Microsoft.AspNetCore.Authorization.AuthorizationMiddleware.Invoke(HttpContext context)
   at Microsoft.AspNetCore.Authentication.AuthenticationMiddleware.Invoke(HttpContext context)
   at Swashbuckle.AspNetCore.SwaggerUI.SwaggerUIMiddleware.Invoke(HttpContext httpContext)
   at Swashbuckle.AspNetCore.Swagger.SwaggerMiddleware.Invoke(HttpContext httpContext, ISwaggerProvider swaggerProvider)
   at AssignmentManagement.Api.Middleware.ExceptionMiddleware.InvokeAsync(HttpContext context) in C:\Users\Tarek\Desktop\assignment\src\AssignmentManagement.Api\Middleware\ExceptionMiddleware.cs:line 23
2026-08-08 09:09:54.068 +06:00 [INF] [AssignmentManagement.Application.Services.AuthService] User 27 (student11@school.edu.bd) logged out
2026-08-08 09:09:57.188 +06:00 [INF] [AssignmentManagement.Application.Services.AuthService] User 1 (admin@example.com) logged in successfully with role "Admin"
2026-08-08 09:10:31.819 +06:00 [INF] [AssignmentManagement.Application.Services.AuthService] User 1 (admin@example.com) logged out
2026-08-08 09:10:34.530 +06:00 [INF] [AssignmentManagement.Application.Services.AuthService] User 27 (student11@school.edu.bd) logged in successfully with role "Student"
2026-08-08 09:11:05.323 +06:00 [ERR] [AssignmentManagement.Api.Middleware.ExceptionMiddleware] Unhandled exception occurred while processing request GET /api/submissions/221/preview
AssignmentManagement.Application.Common.ForbiddenException: Invalid file path specified.
   at AssignmentManagement.Infrastructure.Services.StorageService.GetFileAsync(String relativePath, Boolean isDownload, CancellationToken cancellationToken) in C:\Users\Tarek\Desktop\assignment\src\AssignmentManagement.Infrastructure\Services\StorageService.cs:line 117
   at AssignmentManagement.Application.Services.SubmissionService.GetSubmissionFileStreamAsync(Int32 submissionId, Boolean isPreview, CancellationToken cancellationToken) in C:\Users\Tarek\Desktop\assignment\src\AssignmentManagement.Application\Services\SubmissionService.cs:line 229
   at AssignmentManagement.Api.Controllers.SubmissionsController.Preview(Int32 id, CancellationToken cancellationToken) in C:\Users\Tarek\Desktop\assignment\src\AssignmentManagement.Api\Controllers\SubmissionsController.cs:line 88
   at Microsoft.AspNetCore.Mvc.Infrastructure.ActionMethodExecutor.TaskOfIActionResultExecutor.Execute(ActionContext actionContext, IActionResultTypeMapper mapper, ObjectMethodExecutor executor, Object controller, Object[] arguments)
   at Microsoft.AspNetCore.Mvc.Infrastructure.ControllerActionInvoker.<InvokeActionMethodAsync>g__Awaited|12_0(ControllerActionInvoker invoker, ValueTask`1 actionResultValueTask)
   at Microsoft.AspNetCore.Mvc.Infrastructure.ControllerActionInvoker.<InvokeNextActionFilterAsync>g__Awaited|10_0(ControllerActionInvoker invoker, Task lastTask, State next, Scope scope, Object state, Boolean isCompleted)
   at Microsoft.AspNetCore.Mvc.Infrastructure.ControllerActionInvoker.Rethrow(ActionExecutedContextSealed context)
   at Microsoft.AspNetCore.Mvc.Infrastructure.ControllerActionInvoker.Next(State& next, Scope& scope, Object& state, Boolean& isCompleted)
   at Microsoft.AspNetCore.Mvc.Infrastructure.ControllerActionInvoker.<InvokeInnerFilterAsync>g__Awaited|13_0(ControllerActionInvoker invoker, Task lastTask, State next, Scope scope, Object state, Boolean isCompleted)
   at Microsoft.AspNetCore.Mvc.Infrastructure.ResourceInvoker.<InvokeFilterPipelineAsync>g__Awaited|20_0(ResourceInvoker invoker, Task lastTask, State next, Scope scope, Object state, Boolean isCompleted)
   at Microsoft.AspNetCore.Mvc.Infrastructure.ResourceInvoker.<InvokeAsync>g__Awaited|17_0(ResourceInvoker invoker, Task task, IDisposable scope)
   at Microsoft.AspNetCore.Mvc.Infrastructure.ResourceInvoker.<InvokeAsync>g__Awaited|17_0(ResourceInvoker invoker, Task task, IDisposable scope)
   at Microsoft.AspNetCore.Authorization.AuthorizationMiddleware.Invoke(HttpContext context)
   at Microsoft.AspNetCore.Authentication.AuthenticationMiddleware.Invoke(HttpContext context)
   at Swashbuckle.AspNetCore.SwaggerUI.SwaggerUIMiddleware.Invoke(HttpContext httpContext)
   at Swashbuckle.AspNetCore.Swagger.SwaggerMiddleware.Invoke(HttpContext httpContext, ISwaggerProvider swaggerProvider)
   at AssignmentManagement.Api.Middleware.ExceptionMiddleware.InvokeAsync(HttpContext context) in C:\Users\Tarek\Desktop\assignment\src\AssignmentManagement.Api\Middleware\ExceptionMiddleware.cs:line 23
2026-08-08 09:11:05.329 +06:00 [ERR] [AssignmentManagement.Api.Middleware.ExceptionMiddleware] Unhandled exception occurred while processing request GET /api/submissions/221/preview
AssignmentManagement.Application.Common.ForbiddenException: Invalid file path specified.
   at AssignmentManagement.Infrastructure.Services.StorageService.GetFileAsync(String relativePath, Boolean isDownload, CancellationToken cancellationToken) in C:\Users\Tarek\Desktop\assignment\src\AssignmentManagement.Infrastructure\Services\StorageService.cs:line 117
   at AssignmentManagement.Application.Services.SubmissionService.GetSubmissionFileStreamAsync(Int32 submissionId, Boolean isPreview, CancellationToken cancellationToken) in C:\Users\Tarek\Desktop\assignment\src\AssignmentManagement.Application\Services\SubmissionService.cs:line 229
   at AssignmentManagement.Api.Controllers.SubmissionsController.Preview(Int32 id, CancellationToken cancellationToken) in C:\Users\Tarek\Desktop\assignment\src\AssignmentManagement.Api\Controllers\SubmissionsController.cs:line 88
   at Microsoft.AspNetCore.Mvc.Infrastructure.ActionMethodExecutor.TaskOfIActionResultExecutor.Execute(ActionContext actionContext, IActionResultTypeMapper mapper, ObjectMethodExecutor executor, Object controller, Object[] arguments)
   at Microsoft.AspNetCore.Mvc.Infrastructure.ControllerActionInvoker.<InvokeActionMethodAsync>g__Awaited|12_0(ControllerActionInvoker invoker, ValueTask`1 actionResultValueTask)
   at Microsoft.AspNetCore.Mvc.Infrastructure.ControllerActionInvoker.<InvokeNextActionFilterAsync>g__Awaited|10_0(ControllerActionInvoker invoker, Task lastTask, State next, Scope scope, Object state, Boolean isCompleted)
   at Microsoft.AspNetCore.Mvc.Infrastructure.ControllerActionInvoker.Rethrow(ActionExecutedContextSealed context)
   at Microsoft.AspNetCore.Mvc.Infrastructure.ControllerActionInvoker.Next(State& next, Scope& scope, Object& state, Boolean& isCompleted)
   at Microsoft.AspNetCore.Mvc.Infrastructure.ControllerActionInvoker.<InvokeInnerFilterAsync>g__Awaited|13_0(ControllerActionInvoker invoker, Task lastTask, State next, Scope scope, Object state, Boolean isCompleted)
   at Microsoft.AspNetCore.Mvc.Infrastructure.ResourceInvoker.<InvokeFilterPipelineAsync>g__Awaited|20_0(ResourceInvoker invoker, Task lastTask, State next, Scope scope, Object state, Boolean isCompleted)
   at Microsoft.AspNetCore.Mvc.Infrastructure.ResourceInvoker.<InvokeAsync>g__Awaited|17_0(ResourceInvoker invoker, Task task, IDisposable scope)
   at Microsoft.AspNetCore.Mvc.Infrastructure.ResourceInvoker.<InvokeAsync>g__Awaited|17_0(ResourceInvoker invoker, Task task, IDisposable scope)
   at Microsoft.AspNetCore.Authorization.AuthorizationMiddleware.Invoke(HttpContext context)
   at Microsoft.AspNetCore.Authentication.AuthenticationMiddleware.Invoke(HttpContext context)
   at Swashbuckle.AspNetCore.SwaggerUI.SwaggerUIMiddleware.Invoke(HttpContext httpContext)
   at Swashbuckle.AspNetCore.Swagger.SwaggerMiddleware.Invoke(HttpContext httpContext, ISwaggerProvider swaggerProvider)
   at AssignmentManagement.Api.Middleware.ExceptionMiddleware.InvokeAsync(HttpContext context) in C:\Users\Tarek\Desktop\assignment\src\AssignmentManagement.Api\Middleware\ExceptionMiddleware.cs:line 23
2026-08-08 09:12:47.789 +06:00 [INF] [Microsoft.Hosting.Lifetime] Now listening on: http://localhost:5000
2026-08-08 09:12:47.808 +06:00 [INF] [Microsoft.Hosting.Lifetime] Application started. Press Ctrl+C to shut down.
2026-08-08 09:12:47.808 +06:00 [INF] [Microsoft.Hosting.Lifetime] Hosting environment: Production
2026-08-08 09:12:47.808 +06:00 [INF] [Microsoft.Hosting.Lifetime] Content root path: C:\Users\Tarek\Desktop\assignment\src\AssignmentManagement.Api
2026-08-08 09:13:00.311 +06:00 [WRN] [Microsoft.AspNetCore.HttpsPolicy.HttpsRedirectionMiddleware] Failed to determine the https port for redirect.
2026-08-08 09:13:09.370 +06:00 [INF] [AssignmentManagement.Application.Services.AuthService] User 27 (student11@school.edu.bd) logged out
2026-08-08 09:13:12.271 +06:00 [INF] [AssignmentManagement.Application.Services.AuthService] User 11 (teacher10@school.edu.bd) logged in successfully with role "Teacher"
2026-08-08 09:13:16.904 +06:00 [ERR] [AssignmentManagement.Api.Middleware.ExceptionMiddleware] Unhandled exception occurred while processing request GET /api/submissions/915/preview
AssignmentManagement.Application.Common.NotFoundException: The specified submission file does not exist on disk.
   at AssignmentManagement.Infrastructure.Services.StorageService.GetFileAsync(String relativePath, Boolean isDownload, CancellationToken cancellationToken) in C:\Users\Tarek\Desktop\assignment\src\AssignmentManagement.Infrastructure\Services\StorageService.cs:line 122
   at AssignmentManagement.Application.Services.SubmissionService.GetSubmissionFileStreamAsync(Int32 submissionId, Boolean isPreview, CancellationToken cancellationToken) in C:\Users\Tarek\Desktop\assignment\src\AssignmentManagement.Application\Services\SubmissionService.cs:line 229
   at AssignmentManagement.Api.Controllers.SubmissionsController.Preview(Int32 id, CancellationToken cancellationToken) in C:\Users\Tarek\Desktop\assignment\src\AssignmentManagement.Api\Controllers\SubmissionsController.cs:line 88
   at Microsoft.AspNetCore.Mvc.Infrastructure.ActionMethodExecutor.TaskOfIActionResultExecutor.Execute(ActionContext actionContext, IActionResultTypeMapper mapper, ObjectMethodExecutor executor, Object controller, Object[] arguments)
   at Microsoft.AspNetCore.Mvc.Infrastructure.ControllerActionInvoker.<InvokeActionMethodAsync>g__Awaited|12_0(ControllerActionInvoker invoker, ValueTask`1 actionResultValueTask)
   at Microsoft.AspNetCore.Mvc.Infrastructure.ControllerActionInvoker.<InvokeNextActionFilterAsync>g__Awaited|10_0(ControllerActionInvoker invoker, Task lastTask, State next, Scope scope, Object state, Boolean isCompleted)
   at Microsoft.AspNetCore.Mvc.Infrastructure.ControllerActionInvoker.Rethrow(ActionExecutedContextSealed context)
   at Microsoft.AspNetCore.Mvc.Infrastructure.ControllerActionInvoker.Next(State& next, Scope& scope, Object& state, Boolean& isCompleted)
   at Microsoft.AspNetCore.Mvc.Infrastructure.ControllerActionInvoker.<InvokeInnerFilterAsync>g__Awaited|13_0(ControllerActionInvoker invoker, Task lastTask, State next, Scope scope, Object state, Boolean isCompleted)
   at Microsoft.AspNetCore.Mvc.Infrastructure.ResourceInvoker.<InvokeFilterPipelineAsync>g__Awaited|20_0(ResourceInvoker invoker, Task lastTask, State next, Scope scope, Object state, Boolean isCompleted)
   at Microsoft.AspNetCore.Mvc.Infrastructure.ResourceInvoker.<InvokeAsync>g__Awaited|17_0(ResourceInvoker invoker, Task task, IDisposable scope)
   at Microsoft.AspNetCore.Mvc.Infrastructure.ResourceInvoker.<InvokeAsync>g__Awaited|17_0(ResourceInvoker invoker, Task task, IDisposable scope)
   at Microsoft.AspNetCore.Authorization.AuthorizationMiddleware.Invoke(HttpContext context)
   at Microsoft.AspNetCore.Authentication.AuthenticationMiddleware.Invoke(HttpContext context)
   at Swashbuckle.AspNetCore.SwaggerUI.SwaggerUIMiddleware.Invoke(HttpContext httpContext)
   at Swashbuckle.AspNetCore.Swagger.SwaggerMiddleware.Invoke(HttpContext httpContext, ISwaggerProvider swaggerProvider)
   at AssignmentManagement.Api.Middleware.ExceptionMiddleware.InvokeAsync(HttpContext context) in C:\Users\Tarek\Desktop\assignment\src\AssignmentManagement.Api\Middleware\ExceptionMiddleware.cs:line 23
2026-08-08 09:13:16.937 +06:00 [ERR] [AssignmentManagement.Api.Middleware.ExceptionMiddleware] Unhandled exception occurred while processing request GET /api/submissions/915/preview
AssignmentManagement.Application.Common.NotFoundException: The specified submission file does not exist on disk.
   at AssignmentManagement.Infrastructure.Services.StorageService.GetFileAsync(String relativePath, Boolean isDownload, CancellationToken cancellationToken) in C:\Users\Tarek\Desktop\assignment\src\AssignmentManagement.Infrastructure\Services\StorageService.cs:line 122
   at AssignmentManagement.Application.Services.SubmissionService.GetSubmissionFileStreamAsync(Int32 submissionId, Boolean isPreview, CancellationToken cancellationToken) in C:\Users\Tarek\Desktop\assignment\src\AssignmentManagement.Application\Services\SubmissionService.cs:line 229
   at AssignmentManagement.Api.Controllers.SubmissionsController.Preview(Int32 id, CancellationToken cancellationToken) in C:\Users\Tarek\Desktop\assignment\src\AssignmentManagement.Api\Controllers\SubmissionsController.cs:line 88
   at Microsoft.AspNetCore.Mvc.Infrastructure.ActionMethodExecutor.TaskOfIActionResultExecutor.Execute(ActionContext actionContext, IActionResultTypeMapper mapper, ObjectMethodExecutor executor, Object controller, Object[] arguments)
   at Microsoft.AspNetCore.Mvc.Infrastructure.ControllerActionInvoker.<InvokeActionMethodAsync>g__Awaited|12_0(ControllerActionInvoker invoker, ValueTask`1 actionResultValueTask)
   at Microsoft.AspNetCore.Mvc.Infrastructure.ControllerActionInvoker.<InvokeNextActionFilterAsync>g__Awaited|10_0(ControllerActionInvoker invoker, Task lastTask, State next, Scope scope, Object state, Boolean isCompleted)
   at Microsoft.AspNetCore.Mvc.Infrastructure.ControllerActionInvoker.Rethrow(ActionExecutedContextSealed context)
   at Microsoft.AspNetCore.Mvc.Infrastructure.ControllerActionInvoker.Next(State& next, Scope& scope, Object& state, Boolean& isCompleted)
   at Microsoft.AspNetCore.Mvc.Infrastructure.ControllerActionInvoker.<InvokeInnerFilterAsync>g__Awaited|13_0(ControllerActionInvoker invoker, Task lastTask, State next, Scope scope, Object state, Boolean isCompleted)
   at Microsoft.AspNetCore.Mvc.Infrastructure.ResourceInvoker.<InvokeFilterPipelineAsync>g__Awaited|20_0(ResourceInvoker invoker, Task lastTask, State next, Scope scope, Object state, Boolean isCompleted)
   at Microsoft.AspNetCore.Mvc.Infrastructure.ResourceInvoker.<InvokeAsync>g__Awaited|17_0(ResourceInvoker invoker, Task task, IDisposable scope)
   at Microsoft.AspNetCore.Mvc.Infrastructure.ResourceInvoker.<InvokeAsync>g__Awaited|17_0(ResourceInvoker invoker, Task task, IDisposable scope)
   at Microsoft.AspNetCore.Authorization.AuthorizationMiddleware.Invoke(HttpContext context)
   at Microsoft.AspNetCore.Authentication.AuthenticationMiddleware.Invoke(HttpContext context)
   at Swashbuckle.AspNetCore.SwaggerUI.SwaggerUIMiddleware.Invoke(HttpContext httpContext)
   at Swashbuckle.AspNetCore.Swagger.SwaggerMiddleware.Invoke(HttpContext httpContext, ISwaggerProvider swaggerProvider)
   at AssignmentManagement.Api.Middleware.ExceptionMiddleware.InvokeAsync(HttpContext context) in C:\Users\Tarek\Desktop\assignment\src\AssignmentManagement.Api\Middleware\ExceptionMiddleware.cs:line 23
2026-08-08 09:13:21.086 +06:00 [INF] [AssignmentManagement.Application.Services.AuthService] User 11 (teacher10@school.edu.bd) logged out
2026-08-08 09:13:22.213 +06:00 [INF] [AssignmentManagement.Application.Services.AuthService] User 11 (teacher10@school.edu.bd) logged in successfully with role "Teacher"
2026-08-08 09:13:27.343 +06:00 [ERR] [AssignmentManagement.Api.Middleware.ExceptionMiddleware] Unhandled exception occurred while processing request GET /api/submissions/915/preview
AssignmentManagement.Application.Common.NotFoundException: The specified submission file does not exist on disk.
   at AssignmentManagement.Infrastructure.Services.StorageService.GetFileAsync(String relativePath, Boolean isDownload, CancellationToken cancellationToken) in C:\Users\Tarek\Desktop\assignment\src\AssignmentManagement.Infrastructure\Services\StorageService.cs:line 122
   at AssignmentManagement.Application.Services.SubmissionService.GetSubmissionFileStreamAsync(Int32 submissionId, Boolean isPreview, CancellationToken cancellationToken) in C:\Users\Tarek\Desktop\assignment\src\AssignmentManagement.Application\Services\SubmissionService.cs:line 229
   at AssignmentManagement.Api.Controllers.SubmissionsController.Preview(Int32 id, CancellationToken cancellationToken) in C:\Users\Tarek\Desktop\assignment\src\AssignmentManagement.Api\Controllers\SubmissionsController.cs:line 88
   at Microsoft.AspNetCore.Mvc.Infrastructure.ActionMethodExecutor.TaskOfIActionResultExecutor.Execute(ActionContext actionContext, IActionResultTypeMapper mapper, ObjectMethodExecutor executor, Object controller, Object[] arguments)
   at Microsoft.AspNetCore.Mvc.Infrastructure.ControllerActionInvoker.<InvokeActionMethodAsync>g__Awaited|12_0(ControllerActionInvoker invoker, ValueTask`1 actionResultValueTask)
   at Microsoft.AspNetCore.Mvc.Infrastructure.ControllerActionInvoker.<InvokeNextActionFilterAsync>g__Awaited|10_0(ControllerActionInvoker invoker, Task lastTask, State next, Scope scope, Object state, Boolean isCompleted)
   at Microsoft.AspNetCore.Mvc.Infrastructure.ControllerActionInvoker.Rethrow(ActionExecutedContextSealed context)
   at Microsoft.AspNetCore.Mvc.Infrastructure.ControllerActionInvoker.Next(State& next, Scope& scope, Object& state, Boolean& isCompleted)
   at Microsoft.AspNetCore.Mvc.Infrastructure.ControllerActionInvoker.<InvokeInnerFilterAsync>g__Awaited|13_0(ControllerActionInvoker invoker, Task lastTask, State next, Scope scope, Object state, Boolean isCompleted)
   at Microsoft.AspNetCore.Mvc.Infrastructure.ResourceInvoker.<InvokeFilterPipelineAsync>g__Awaited|20_0(ResourceInvoker invoker, Task lastTask, State next, Scope scope, Object state, Boolean isCompleted)
   at Microsoft.AspNetCore.Mvc.Infrastructure.ResourceInvoker.<InvokeAsync>g__Awaited|17_0(ResourceInvoker invoker, Task task, IDisposable scope)
   at Microsoft.AspNetCore.Mvc.Infrastructure.ResourceInvoker.<InvokeAsync>g__Awaited|17_0(ResourceInvoker invoker, Task task, IDisposable scope)
   at Microsoft.AspNetCore.Authorization.AuthorizationMiddleware.Invoke(HttpContext context)
   at Microsoft.AspNetCore.Authentication.AuthenticationMiddleware.Invoke(HttpContext context)
   at Swashbuckle.AspNetCore.SwaggerUI.SwaggerUIMiddleware.Invoke(HttpContext httpContext)
   at Swashbuckle.AspNetCore.Swagger.SwaggerMiddleware.Invoke(HttpContext httpContext, ISwaggerProvider swaggerProvider)
   at AssignmentManagement.Api.Middleware.ExceptionMiddleware.InvokeAsync(HttpContext context) in C:\Users\Tarek\Desktop\assignment\src\AssignmentManagement.Api\Middleware\ExceptionMiddleware.cs:line 23
2026-08-08 09:13:27.348 +06:00 [ERR] [AssignmentManagement.Api.Middleware.ExceptionMiddleware] Unhandled exception occurred while processing request GET /api/submissions/915/preview
AssignmentManagement.Application.Common.NotFoundException: The specified submission file does not exist on disk.
   at AssignmentManagement.Infrastructure.Services.StorageService.GetFileAsync(String relativePath, Boolean isDownload, CancellationToken cancellationToken) in C:\Users\Tarek\Desktop\assignment\src\AssignmentManagement.Infrastructure\Services\StorageService.cs:line 122
   at AssignmentManagement.Application.Services.SubmissionService.GetSubmissionFileStreamAsync(Int32 submissionId, Boolean isPreview, CancellationToken cancellationToken) in C:\Users\Tarek\Desktop\assignment\src\AssignmentManagement.Application\Services\SubmissionService.cs:line 229
   at AssignmentManagement.Api.Controllers.SubmissionsController.Preview(Int32 id, CancellationToken cancellationToken) in C:\Users\Tarek\Desktop\assignment\src\AssignmentManagement.Api\Controllers\SubmissionsController.cs:line 88
   at Microsoft.AspNetCore.Mvc.Infrastructure.ActionMethodExecutor.TaskOfIActionResultExecutor.Execute(ActionContext actionContext, IActionResultTypeMapper mapper, ObjectMethodExecutor executor, Object controller, Object[] arguments)
   at Microsoft.AspNetCore.Mvc.Infrastructure.ControllerActionInvoker.<InvokeActionMethodAsync>g__Awaited|12_0(ControllerActionInvoker invoker, ValueTask`1 actionResultValueTask)
   at Microsoft.AspNetCore.Mvc.Infrastructure.ControllerActionInvoker.<InvokeNextActionFilterAsync>g__Awaited|10_0(ControllerActionInvoker invoker, Task lastTask, State next, Scope scope, Object state, Boolean isCompleted)
   at Microsoft.AspNetCore.Mvc.Infrastructure.ControllerActionInvoker.Rethrow(ActionExecutedContextSealed context)
   at Microsoft.AspNetCore.Mvc.Infrastructure.ControllerActionInvoker.Next(State& next, Scope& scope, Object& state, Boolean& isCompleted)
   at Microsoft.AspNetCore.Mvc.Infrastructure.ControllerActionInvoker.<InvokeInnerFilterAsync>g__Awaited|13_0(ControllerActionInvoker invoker, Task lastTask, State next, Scope scope, Object state, Boolean isCompleted)
   at Microsoft.AspNetCore.Mvc.Infrastructure.ResourceInvoker.<InvokeFilterPipelineAsync>g__Awaited|20_0(ResourceInvoker invoker, Task lastTask, State next, Scope scope, Object state, Boolean isCompleted)
   at Microsoft.AspNetCore.Mvc.Infrastructure.ResourceInvoker.<InvokeAsync>g__Awaited|17_0(ResourceInvoker invoker, Task task, IDisposable scope)
   at Microsoft.AspNetCore.Mvc.Infrastructure.ResourceInvoker.<InvokeAsync>g__Awaited|17_0(ResourceInvoker invoker, Task task, IDisposable scope)
   at Microsoft.AspNetCore.Authorization.AuthorizationMiddleware.Invoke(HttpContext context)
   at Microsoft.AspNetCore.Authentication.AuthenticationMiddleware.Invoke(HttpContext context)
   at Swashbuckle.AspNetCore.SwaggerUI.SwaggerUIMiddleware.Invoke(HttpContext httpContext)
   at Swashbuckle.AspNetCore.Swagger.SwaggerMiddleware.Invoke(HttpContext httpContext, ISwaggerProvider swaggerProvider)
   at AssignmentManagement.Api.Middleware.ExceptionMiddleware.InvokeAsync(HttpContext context) in C:\Users\Tarek\Desktop\assignment\src\AssignmentManagement.Api\Middleware\ExceptionMiddleware.cs:line 23
2026-08-08 09:13:43.558 +06:00 [ERR] [AssignmentManagement.Api.Middleware.ExceptionMiddleware] Unhandled exception occurred while processing request GET /api/submissions/913/preview
AssignmentManagement.Application.Common.NotFoundException: The specified submission file does not exist on disk.
   at AssignmentManagement.Infrastructure.Services.StorageService.GetFileAsync(String relativePath, Boolean isDownload, CancellationToken cancellationToken) in C:\Users\Tarek\Desktop\assignment\src\AssignmentManagement.Infrastructure\Services\StorageService.cs:line 122
   at AssignmentManagement.Application.Services.SubmissionService.GetSubmissionFileStreamAsync(Int32 submissionId, Boolean isPreview, CancellationToken cancellationToken) in C:\Users\Tarek\Desktop\assignment\src\AssignmentManagement.Application\Services\SubmissionService.cs:line 229
   at AssignmentManagement.Api.Controllers.SubmissionsController.Preview(Int32 id, CancellationToken cancellationToken) in C:\Users\Tarek\Desktop\assignment\src\AssignmentManagement.Api\Controllers\SubmissionsController.cs:line 88
   at Microsoft.AspNetCore.Mvc.Infrastructure.ActionMethodExecutor.TaskOfIActionResultExecutor.Execute(ActionContext actionContext, IActionResultTypeMapper mapper, ObjectMethodExecutor executor, Object controller, Object[] arguments)
   at Microsoft.AspNetCore.Mvc.Infrastructure.ControllerActionInvoker.<InvokeActionMethodAsync>g__Awaited|12_0(ControllerActionInvoker invoker, ValueTask`1 actionResultValueTask)
   at Microsoft.AspNetCore.Mvc.Infrastructure.ControllerActionInvoker.<InvokeNextActionFilterAsync>g__Awaited|10_0(ControllerActionInvoker invoker, Task lastTask, State next, Scope scope, Object state, Boolean isCompleted)
   at Microsoft.AspNetCore.Mvc.Infrastructure.ControllerActionInvoker.Rethrow(ActionExecutedContextSealed context)
   at Microsoft.AspNetCore.Mvc.Infrastructure.ControllerActionInvoker.Next(State& next, Scope& scope, Object& state, Boolean& isCompleted)
   at Microsoft.AspNetCore.Mvc.Infrastructure.ControllerActionInvoker.<InvokeInnerFilterAsync>g__Awaited|13_0(ControllerActionInvoker invoker, Task lastTask, State next, Scope scope, Object state, Boolean isCompleted)
   at Microsoft.AspNetCore.Mvc.Infrastructure.ResourceInvoker.<InvokeFilterPipelineAsync>g__Awaited|20_0(ResourceInvoker invoker, Task lastTask, State next, Scope scope, Object state, Boolean isCompleted)
   at Microsoft.AspNetCore.Mvc.Infrastructure.ResourceInvoker.<InvokeAsync>g__Awaited|17_0(ResourceInvoker invoker, Task task, IDisposable scope)
   at Microsoft.AspNetCore.Mvc.Infrastructure.ResourceInvoker.<InvokeAsync>g__Awaited|17_0(ResourceInvoker invoker, Task task, IDisposable scope)
   at Microsoft.AspNetCore.Authorization.AuthorizationMiddleware.Invoke(HttpContext context)
   at Microsoft.AspNetCore.Authentication.AuthenticationMiddleware.Invoke(HttpContext context)
   at Swashbuckle.AspNetCore.SwaggerUI.SwaggerUIMiddleware.Invoke(HttpContext httpContext)
   at Swashbuckle.AspNetCore.Swagger.SwaggerMiddleware.Invoke(HttpContext httpContext, ISwaggerProvider swaggerProvider)
   at AssignmentManagement.Api.Middleware.ExceptionMiddleware.InvokeAsync(HttpContext context) in C:\Users\Tarek\Desktop\assignment\src\AssignmentManagement.Api\Middleware\ExceptionMiddleware.cs:line 23
2026-08-08 09:13:43.563 +06:00 [ERR] [AssignmentManagement.Api.Middleware.ExceptionMiddleware] Unhandled exception occurred while processing request GET /api/submissions/913/preview
AssignmentManagement.Application.Common.NotFoundException: The specified submission file does not exist on disk.
   at AssignmentManagement.Infrastructure.Services.StorageService.GetFileAsync(String relativePath, Boolean isDownload, CancellationToken cancellationToken) in C:\Users\Tarek\Desktop\assignment\src\AssignmentManagement.Infrastructure\Services\StorageService.cs:line 122
   at AssignmentManagement.Application.Services.SubmissionService.GetSubmissionFileStreamAsync(Int32 submissionId, Boolean isPreview, CancellationToken cancellationToken) in C:\Users\Tarek\Desktop\assignment\src\AssignmentManagement.Application\Services\SubmissionService.cs:line 229
   at AssignmentManagement.Api.Controllers.SubmissionsController.Preview(Int32 id, CancellationToken cancellationToken) in C:\Users\Tarek\Desktop\assignment\src\AssignmentManagement.Api\Controllers\SubmissionsController.cs:line 88
   at Microsoft.AspNetCore.Mvc.Infrastructure.ActionMethodExecutor.TaskOfIActionResultExecutor.Execute(ActionContext actionContext, IActionResultTypeMapper mapper, ObjectMethodExecutor executor, Object controller, Object[] arguments)
   at Microsoft.AspNetCore.Mvc.Infrastructure.ControllerActionInvoker.<InvokeActionMethodAsync>g__Awaited|12_0(ControllerActionInvoker invoker, ValueTask`1 actionResultValueTask)
   at Microsoft.AspNetCore.Mvc.Infrastructure.ControllerActionInvoker.<InvokeNextActionFilterAsync>g__Awaited|10_0(ControllerActionInvoker invoker, Task lastTask, State next, Scope scope, Object state, Boolean isCompleted)
   at Microsoft.AspNetCore.Mvc.Infrastructure.ControllerActionInvoker.Rethrow(ActionExecutedContextSealed context)
   at Microsoft.AspNetCore.Mvc.Infrastructure.ControllerActionInvoker.Next(State& next, Scope& scope, Object& state, Boolean& isCompleted)
   at Microsoft.AspNetCore.Mvc.Infrastructure.ControllerActionInvoker.<InvokeInnerFilterAsync>g__Awaited|13_0(ControllerActionInvoker invoker, Task lastTask, State next, Scope scope, Object state, Boolean isCompleted)
   at Microsoft.AspNetCore.Mvc.Infrastructure.ResourceInvoker.<InvokeFilterPipelineAsync>g__Awaited|20_0(ResourceInvoker invoker, Task lastTask, State next, Scope scope, Object state, Boolean isCompleted)
   at Microsoft.AspNetCore.Mvc.Infrastructure.ResourceInvoker.<InvokeAsync>g__Awaited|17_0(ResourceInvoker invoker, Task task, IDisposable scope)
   at Microsoft.AspNetCore.Mvc.Infrastructure.ResourceInvoker.<InvokeAsync>g__Awaited|17_0(ResourceInvoker invoker, Task task, IDisposable scope)
   at Microsoft.AspNetCore.Authorization.AuthorizationMiddleware.Invoke(HttpContext context)
   at Microsoft.AspNetCore.Authentication.AuthenticationMiddleware.Invoke(HttpContext context)
   at Swashbuckle.AspNetCore.SwaggerUI.SwaggerUIMiddleware.Invoke(HttpContext httpContext)
   at Swashbuckle.AspNetCore.Swagger.SwaggerMiddleware.Invoke(HttpContext httpContext, ISwaggerProvider swaggerProvider)
   at AssignmentManagement.Api.Middleware.ExceptionMiddleware.InvokeAsync(HttpContext context) in C:\Users\Tarek\Desktop\assignment\src\AssignmentManagement.Api\Middleware\ExceptionMiddleware.cs:line 23
2026-08-08 09:13:47.582 +06:00 [ERR] [AssignmentManagement.Api.Middleware.ExceptionMiddleware] Unhandled exception occurred while processing request GET /api/submissions/913/download
AssignmentManagement.Application.Common.NotFoundException: The specified submission file does not exist on disk.
   at AssignmentManagement.Infrastructure.Services.StorageService.GetFileAsync(String relativePath, Boolean isDownload, CancellationToken cancellationToken) in C:\Users\Tarek\Desktop\assignment\src\AssignmentManagement.Infrastructure\Services\StorageService.cs:line 122
   at AssignmentManagement.Application.Services.SubmissionService.GetSubmissionFileStreamAsync(Int32 submissionId, Boolean isPreview, CancellationToken cancellationToken) in C:\Users\Tarek\Desktop\assignment\src\AssignmentManagement.Application\Services\SubmissionService.cs:line 229
   at AssignmentManagement.Api.Controllers.SubmissionsController.Download(Int32 id, CancellationToken cancellationToken) in C:\Users\Tarek\Desktop\assignment\src\AssignmentManagement.Api\Controllers\SubmissionsController.cs:line 101
   at Microsoft.AspNetCore.Mvc.Infrastructure.ActionMethodExecutor.TaskOfIActionResultExecutor.Execute(ActionContext actionContext, IActionResultTypeMapper mapper, ObjectMethodExecutor executor, Object controller, Object[] arguments)
   at Microsoft.AspNetCore.Mvc.Infrastructure.ControllerActionInvoker.<InvokeActionMethodAsync>g__Awaited|12_0(ControllerActionInvoker invoker, ValueTask`1 actionResultValueTask)
   at Microsoft.AspNetCore.Mvc.Infrastructure.ControllerActionInvoker.<InvokeNextActionFilterAsync>g__Awaited|10_0(ControllerActionInvoker invoker, Task lastTask, State next, Scope scope, Object state, Boolean isCompleted)
   at Microsoft.AspNetCore.Mvc.Infrastructure.ControllerActionInvoker.Rethrow(ActionExecutedContextSealed context)
   at Microsoft.AspNetCore.Mvc.Infrastructure.ControllerActionInvoker.Next(State& next, Scope& scope, Object& state, Boolean& isCompleted)
   at Microsoft.AspNetCore.Mvc.Infrastructure.ControllerActionInvoker.<InvokeInnerFilterAsync>g__Awaited|13_0(ControllerActionInvoker invoker, Task lastTask, State next, Scope scope, Object state, Boolean isCompleted)
   at Microsoft.AspNetCore.Mvc.Infrastructure.ResourceInvoker.<InvokeFilterPipelineAsync>g__Awaited|20_0(ResourceInvoker invoker, Task lastTask, State next, Scope scope, Object state, Boolean isCompleted)
   at Microsoft.AspNetCore.Mvc.Infrastructure.ResourceInvoker.<InvokeAsync>g__Awaited|17_0(ResourceInvoker invoker, Task task, IDisposable scope)
   at Microsoft.AspNetCore.Mvc.Infrastructure.ResourceInvoker.<InvokeAsync>g__Awaited|17_0(ResourceInvoker invoker, Task task, IDisposable scope)
   at Microsoft.AspNetCore.Authorization.AuthorizationMiddleware.Invoke(HttpContext context)
   at Microsoft.AspNetCore.Authentication.AuthenticationMiddleware.Invoke(HttpContext context)
   at Swashbuckle.AspNetCore.SwaggerUI.SwaggerUIMiddleware.Invoke(HttpContext httpContext)
   at Swashbuckle.AspNetCore.Swagger.SwaggerMiddleware.Invoke(HttpContext httpContext, ISwaggerProvider swaggerProvider)
   at AssignmentManagement.Api.Middleware.ExceptionMiddleware.InvokeAsync(HttpContext context) in C:\Users\Tarek\Desktop\assignment\src\AssignmentManagement.Api\Middleware\ExceptionMiddleware.cs:line 23
2026-08-08 09:13:48.549 +06:00 [ERR] [AssignmentManagement.Api.Middleware.ExceptionMiddleware] Unhandled exception occurred while processing request GET /api/submissions/913/download
AssignmentManagement.Application.Common.NotFoundException: The specified submission file does not exist on disk.
   at AssignmentManagement.Infrastructure.Services.StorageService.GetFileAsync(String relativePath, Boolean isDownload, CancellationToken cancellationToken) in C:\Users\Tarek\Desktop\assignment\src\AssignmentManagement.Infrastructure\Services\StorageService.cs:line 122
   at AssignmentManagement.Application.Services.SubmissionService.GetSubmissionFileStreamAsync(Int32 submissionId, Boolean isPreview, CancellationToken cancellationToken) in C:\Users\Tarek\Desktop\assignment\src\AssignmentManagement.Application\Services\SubmissionService.cs:line 229
   at AssignmentManagement.Api.Controllers.SubmissionsController.Download(Int32 id, CancellationToken cancellationToken) in C:\Users\Tarek\Desktop\assignment\src\AssignmentManagement.Api\Controllers\SubmissionsController.cs:line 101
   at Microsoft.AspNetCore.Mvc.Infrastructure.ActionMethodExecutor.TaskOfIActionResultExecutor.Execute(ActionContext actionContext, IActionResultTypeMapper mapper, ObjectMethodExecutor executor, Object controller, Object[] arguments)
   at Microsoft.AspNetCore.Mvc.Infrastructure.ControllerActionInvoker.<InvokeActionMethodAsync>g__Awaited|12_0(ControllerActionInvoker invoker, ValueTask`1 actionResultValueTask)
   at Microsoft.AspNetCore.Mvc.Infrastructure.ControllerActionInvoker.<InvokeNextActionFilterAsync>g__Awaited|10_0(ControllerActionInvoker invoker, Task lastTask, State next, Scope scope, Object state, Boolean isCompleted)
   at Microsoft.AspNetCore.Mvc.Infrastructure.ControllerActionInvoker.Rethrow(ActionExecutedContextSealed context)
   at Microsoft.AspNetCore.Mvc.Infrastructure.ControllerActionInvoker.Next(State& next, Scope& scope, Object& state, Boolean& isCompleted)
   at Microsoft.AspNetCore.Mvc.Infrastructure.ControllerActionInvoker.<InvokeInnerFilterAsync>g__Awaited|13_0(ControllerActionInvoker invoker, Task lastTask, State next, Scope scope, Object state, Boolean isCompleted)
   at Microsoft.AspNetCore.Mvc.Infrastructure.ResourceInvoker.<InvokeFilterPipelineAsync>g__Awaited|20_0(ResourceInvoker invoker, Task lastTask, State next, Scope scope, Object state, Boolean isCompleted)
   at Microsoft.AspNetCore.Mvc.Infrastructure.ResourceInvoker.<InvokeAsync>g__Awaited|17_0(ResourceInvoker invoker, Task task, IDisposable scope)
   at Microsoft.AspNetCore.Mvc.Infrastructure.ResourceInvoker.<InvokeAsync>g__Awaited|17_0(ResourceInvoker invoker, Task task, IDisposable scope)
   at Microsoft.AspNetCore.Authorization.AuthorizationMiddleware.Invoke(HttpContext context)
   at Microsoft.AspNetCore.Authentication.AuthenticationMiddleware.Invoke(HttpContext context)
   at Swashbuckle.AspNetCore.SwaggerUI.SwaggerUIMiddleware.Invoke(HttpContext httpContext)
   at Swashbuckle.AspNetCore.Swagger.SwaggerMiddleware.Invoke(HttpContext httpContext, ISwaggerProvider swaggerProvider)
   at AssignmentManagement.Api.Middleware.ExceptionMiddleware.InvokeAsync(HttpContext context) in C:\Users\Tarek\Desktop\assignment\src\AssignmentManagement.Api\Middleware\ExceptionMiddleware.cs:line 23
2026-08-08 09:13:48.743 +06:00 [ERR] [AssignmentManagement.Api.Middleware.ExceptionMiddleware] Unhandled exception occurred while processing request GET /api/submissions/913/download
AssignmentManagement.Application.Common.NotFoundException: The specified submission file does not exist on disk.
   at AssignmentManagement.Infrastructure.Services.StorageService.GetFileAsync(String relativePath, Boolean isDownload, CancellationToken cancellationToken) in C:\Users\Tarek\Desktop\assignment\src\AssignmentManagement.Infrastructure\Services\StorageService.cs:line 122
   at AssignmentManagement.Application.Services.SubmissionService.GetSubmissionFileStreamAsync(Int32 submissionId, Boolean isPreview, CancellationToken cancellationToken) in C:\Users\Tarek\Desktop\assignment\src\AssignmentManagement.Application\Services\SubmissionService.cs:line 229
   at AssignmentManagement.Api.Controllers.SubmissionsController.Download(Int32 id, CancellationToken cancellationToken) in C:\Users\Tarek\Desktop\assignment\src\AssignmentManagement.Api\Controllers\SubmissionsController.cs:line 101
   at Microsoft.AspNetCore.Mvc.Infrastructure.ActionMethodExecutor.TaskOfIActionResultExecutor.Execute(ActionContext actionContext, IActionResultTypeMapper mapper, ObjectMethodExecutor executor, Object controller, Object[] arguments)
   at Microsoft.AspNetCore.Mvc.Infrastructure.ControllerActionInvoker.<InvokeActionMethodAsync>g__Awaited|12_0(ControllerActionInvoker invoker, ValueTask`1 actionResultValueTask)
   at Microsoft.AspNetCore.Mvc.Infrastructure.ControllerActionInvoker.<InvokeNextActionFilterAsync>g__Awaited|10_0(ControllerActionInvoker invoker, Task lastTask, State next, Scope scope, Object state, Boolean isCompleted)
   at Microsoft.AspNetCore.Mvc.Infrastructure.ControllerActionInvoker.Rethrow(ActionExecutedContextSealed context)
   at Microsoft.AspNetCore.Mvc.Infrastructure.ControllerActionInvoker.Next(State& next, Scope& scope, Object& state, Boolean& isCompleted)
   at Microsoft.AspNetCore.Mvc.Infrastructure.ControllerActionInvoker.<InvokeInnerFilterAsync>g__Awaited|13_0(ControllerActionInvoker invoker, Task lastTask, State next, Scope scope, Object state, Boolean isCompleted)
   at Microsoft.AspNetCore.Mvc.Infrastructure.ResourceInvoker.<InvokeFilterPipelineAsync>g__Awaited|20_0(ResourceInvoker invoker, Task lastTask, State next, Scope scope, Object state, Boolean isCompleted)
   at Microsoft.AspNetCore.Mvc.Infrastructure.ResourceInvoker.<InvokeAsync>g__Awaited|17_0(ResourceInvoker invoker, Task task, IDisposable scope)
   at Microsoft.AspNetCore.Mvc.Infrastructure.ResourceInvoker.<InvokeAsync>g__Awaited|17_0(ResourceInvoker invoker, Task task, IDisposable scope)
   at Microsoft.AspNetCore.Authorization.AuthorizationMiddleware.Invoke(HttpContext context)
   at Microsoft.AspNetCore.Authentication.AuthenticationMiddleware.Invoke(HttpContext context)
   at Swashbuckle.AspNetCore.SwaggerUI.SwaggerUIMiddleware.Invoke(HttpContext httpContext)
   at Swashbuckle.AspNetCore.Swagger.SwaggerMiddleware.Invoke(HttpContext httpContext, ISwaggerProvider swaggerProvider)
   at AssignmentManagement.Api.Middleware.ExceptionMiddleware.InvokeAsync(HttpContext context) in C:\Users\Tarek\Desktop\assignment\src\AssignmentManagement.Api\Middleware\ExceptionMiddleware.cs:line 23
2026-08-08 09:13:48.981 +06:00 [ERR] [AssignmentManagement.Api.Middleware.ExceptionMiddleware] Unhandled exception occurred while processing request GET /api/submissions/913/download
AssignmentManagement.Application.Common.NotFoundException: The specified submission file does not exist on disk.
   at AssignmentManagement.Infrastructure.Services.StorageService.GetFileAsync(String relativePath, Boolean isDownload, CancellationToken cancellationToken) in C:\Users\Tarek\Desktop\assignment\src\AssignmentManagement.Infrastructure\Services\StorageService.cs:line 122
   at AssignmentManagement.Application.Services.SubmissionService.GetSubmissionFileStreamAsync(Int32 submissionId, Boolean isPreview, CancellationToken cancellationToken) in C:\Users\Tarek\Desktop\assignment\src\AssignmentManagement.Application\Services\SubmissionService.cs:line 229
   at AssignmentManagement.Api.Controllers.SubmissionsController.Download(Int32 id, CancellationToken cancellationToken) in C:\Users\Tarek\Desktop\assignment\src\AssignmentManagement.Api\Controllers\SubmissionsController.cs:line 101
   at Microsoft.AspNetCore.Mvc.Infrastructure.ActionMethodExecutor.TaskOfIActionResultExecutor.Execute(ActionContext actionContext, IActionResultTypeMapper mapper, ObjectMethodExecutor executor, Object controller, Object[] arguments)
   at Microsoft.AspNetCore.Mvc.Infrastructure.ControllerActionInvoker.<InvokeActionMethodAsync>g__Awaited|12_0(ControllerActionInvoker invoker, ValueTask`1 actionResultValueTask)
   at Microsoft.AspNetCore.Mvc.Infrastructure.ControllerActionInvoker.<InvokeNextActionFilterAsync>g__Awaited|10_0(ControllerActionInvoker invoker, Task lastTask, State next, Scope scope, Object state, Boolean isCompleted)
   at Microsoft.AspNetCore.Mvc.Infrastructure.ControllerActionInvoker.Rethrow(ActionExecutedContextSealed context)
   at Microsoft.AspNetCore.Mvc.Infrastructure.ControllerActionInvoker.Next(State& next, Scope& scope, Object& state, Boolean& isCompleted)
   at Microsoft.AspNetCore.Mvc.Infrastructure.ControllerActionInvoker.<InvokeInnerFilterAsync>g__Awaited|13_0(ControllerActionInvoker invoker, Task lastTask, State next, Scope scope, Object state, Boolean isCompleted)
   at Microsoft.AspNetCore.Mvc.Infrastructure.ResourceInvoker.<InvokeFilterPipelineAsync>g__Awaited|20_0(ResourceInvoker invoker, Task lastTask, State next, Scope scope, Object state, Boolean isCompleted)
   at Microsoft.AspNetCore.Mvc.Infrastructure.ResourceInvoker.<InvokeAsync>g__Awaited|17_0(ResourceInvoker invoker, Task task, IDisposable scope)
   at Microsoft.AspNetCore.Mvc.Infrastructure.ResourceInvoker.<InvokeAsync>g__Awaited|17_0(ResourceInvoker invoker, Task task, IDisposable scope)
   at Microsoft.AspNetCore.Authorization.AuthorizationMiddleware.Invoke(HttpContext context)
   at Microsoft.AspNetCore.Authentication.AuthenticationMiddleware.Invoke(HttpContext context)
   at Swashbuckle.AspNetCore.SwaggerUI.SwaggerUIMiddleware.Invoke(HttpContext httpContext)
   at Swashbuckle.AspNetCore.Swagger.SwaggerMiddleware.Invoke(HttpContext httpContext, ISwaggerProvider swaggerProvider)
   at AssignmentManagement.Api.Middleware.ExceptionMiddleware.InvokeAsync(HttpContext context) in C:\Users\Tarek\Desktop\assignment\src\AssignmentManagement.Api\Middleware\ExceptionMiddleware.cs:line 23
2026-08-08 09:14:01.756 +06:00 [INF] [AssignmentManagement.Application.Services.AuthService] User 11 (teacher10@school.edu.bd) logged out
2026-08-08 09:14:07.501 +06:00 [INF] [AssignmentManagement.Application.Services.AuthService] User 11 (teacher10@school.edu.bd) logged in successfully with role "Teacher"
2026-08-08 09:14:55.806 +06:00 [INF] [AssignmentManagement.Application.Services.AssignmentService] Assignment 197 'abcd' created for Class 29 by Teacher User 11
2026-08-08 09:15:09.684 +06:00 [INF] [AssignmentManagement.Application.Services.AuthService] User 11 (teacher10@school.edu.bd) logged out
2026-08-08 09:15:17.195 +06:00 [INF] [AssignmentManagement.Application.Services.AuthService] User 60 (student44@school.edu.bd) logged in successfully with role "Student"
2026-08-08 09:15:31.828 +06:00 [INF] [AssignmentManagement.Application.Services.AuthService] User 60 (student44@school.edu.bd) logged out
2026-08-08 09:15:33.979 +06:00 [INF] [AssignmentManagement.Application.Services.AuthService] User 11 (teacher10@school.edu.bd) logged in successfully with role "Teacher"
2026-08-08 09:15:41.204 +06:00 [INF] [AssignmentManagement.Application.Services.AuthService] User 11 (teacher10@school.edu.bd) logged out
2026-08-08 09:15:44.922 +06:00 [INF] [AssignmentManagement.Application.Services.AuthService] User 1 (admin@example.com) logged in successfully with role "Admin"
2026-08-08 09:15:50.547 +06:00 [INF] [AssignmentManagement.Application.Services.AuthService] User 1 (admin@example.com) logged out
2026-08-08 09:15:56.534 +06:00 [INF] [AssignmentManagement.Application.Services.AuthService] User 60 (student44@school.edu.bd) logged in successfully with role "Student"
2026-08-08 09:16:08.598 +06:00 [INF] [AssignmentManagement.Application.Services.AuthService] User 60 (student44@school.edu.bd) logged out
2026-08-08 09:16:13.541 +06:00 [INF] [AssignmentManagement.Application.Services.AuthService] User 116 (student100@school.edu.bd) logged in successfully with role "Student"
2026-08-08 09:16:20.340 +06:00 [INF] [AssignmentManagement.Application.Services.AuthService] User 104 (student88@school.edu.bd) logged in successfully with role "Student"
2026-08-08 09:16:30.548 +06:00 [INF] [AssignmentManagement.Application.Services.AuthService] User 71 (student55@school.edu.bd) logged in successfully with role "Student"
2026-08-08 09:18:49.231 +06:00 [INF] [Microsoft.Hosting.Lifetime] Now listening on: http://localhost:5000
2026-08-08 09:18:49.252 +06:00 [INF] [Microsoft.Hosting.Lifetime] Application started. Press Ctrl+C to shut down.
2026-08-08 09:18:49.252 +06:00 [INF] [Microsoft.Hosting.Lifetime] Hosting environment: Production
2026-08-08 09:18:49.252 +06:00 [INF] [Microsoft.Hosting.Lifetime] Content root path: C:\Users\Tarek\Desktop\assignment\src\AssignmentManagement.Api
2026-08-08 09:18:59.292 +06:00 [WRN] [Microsoft.AspNetCore.HttpsPolicy.HttpsRedirectionMiddleware] Failed to determine the https port for redirect.
2026-08-08 09:18:59.725 +06:00 [INF] [AssignmentManagement.Application.Services.AuthService] User 1 (admin@example.com) logged in successfully with role "Admin"
2026-08-08 09:19:30.979 +06:00 [INF] [AssignmentManagement.Application.Services.AuthService] User 1 (admin@example.com) logged out
2026-08-08 09:19:37.962 +06:00 [INF] [AssignmentManagement.Application.Services.AuthService] User 81 (student65@school.edu.bd) logged in successfully with role "Student"
2026-08-08 09:19:53.565 +06:00 [INF] [AssignmentManagement.Application.Services.AuthService] User 81 (student65@school.edu.bd) logged out
2026-08-08 09:20:02.445 +06:00 [INF] [AssignmentManagement.Application.Services.AuthService] User 81 (student65@school.edu.bd) logged in successfully with role "Student"
2026-08-08 09:20:11.187 +06:00 [INF] [AssignmentManagement.Application.Services.AuthService] User 116 (student100@school.edu.bd) logged in successfully with role "Student"
2026-08-08 09:20:16.445 +06:00 [INF] [AssignmentManagement.Application.Services.AuthService] User 116 (student100@school.edu.bd) logged out
2026-08-08 09:20:20.338 +06:00 [INF] [AssignmentManagement.Application.Services.AuthService] User 1 (admin@example.com) logged in successfully with role "Admin"
2026-08-08 09:21:51.355 +06:00 [INF] [Microsoft.Hosting.Lifetime] Now listening on: http://localhost:5000
2026-08-08 09:21:51.378 +06:00 [INF] [Microsoft.Hosting.Lifetime] Application started. Press Ctrl+C to shut down.
2026-08-08 09:21:51.378 +06:00 [INF] [Microsoft.Hosting.Lifetime] Hosting environment: Production
2026-08-08 09:21:51.378 +06:00 [INF] [Microsoft.Hosting.Lifetime] Content root path: C:\Users\Tarek\Desktop\assignment\src\AssignmentManagement.Api
2026-08-08 09:22:55.921 +06:00 [WRN] [Microsoft.AspNetCore.HttpsPolicy.HttpsRedirectionMiddleware] Failed to determine the https port for redirect.
2026-08-08 09:23:53.466 +06:00 [INF] [AssignmentManagement.Application.Services.AuthService] User 1 (admin@example.com) logged out
2026-08-08 09:23:57.166 +06:00 [INF] [AssignmentManagement.Application.Services.AuthService] User 116 (student100@school.edu.bd) logged in successfully with role "Student"
2026-08-08 09:24:20.568 +06:00 [INF] [AssignmentManagement.Application.Services.AuthService] User 116 (student100@school.edu.bd) logged out
2026-08-08 09:24:21.748 +06:00 [INF] [AssignmentManagement.Application.Services.AuthService] User 116 (student100@school.edu.bd) logged in successfully with role "Student"
2026-08-08 09:25:10.955 +06:00 [INF] [AssignmentManagement.Application.Services.AuthService] User 116 (student100@school.edu.bd) logged out
2026-08-08 09:25:11.997 +06:00 [INF] [AssignmentManagement.Application.Services.AuthService] User 116 (student100@school.edu.bd) logged in successfully with role "Student"
2026-08-08 09:25:20.281 +06:00 [INF] [Microsoft.Hosting.Lifetime] Now listening on: http://localhost:5000
2026-08-08 09:25:20.308 +06:00 [INF] [Microsoft.Hosting.Lifetime] Application started. Press Ctrl+C to shut down.
2026-08-08 09:25:20.309 +06:00 [INF] [Microsoft.Hosting.Lifetime] Hosting environment: Production
2026-08-08 09:25:20.309 +06:00 [INF] [Microsoft.Hosting.Lifetime] Content root path: C:\Users\Tarek\Desktop\assignment\src\AssignmentManagement.Api
2026-08-08 09:25:34.066 +06:00 [WRN] [Microsoft.AspNetCore.HttpsPolicy.HttpsRedirectionMiddleware] Failed to determine the https port for redirect.
2026-08-08 09:25:34.134 +06:00 [INF] [AssignmentManagement.Application.Services.AuthService] User 116 (student100@school.edu.bd) logged out
2026-08-08 09:25:36.896 +06:00 [WRN] [AssignmentManagement.Application.Services.AuthService] Failed login attempt for email student1@school.edu.bd
2026-08-08 09:25:36.901 +06:00 [ERR] [AssignmentManagement.Api.Middleware.ExceptionMiddleware] Unhandled exception occurred while processing request POST /api/auth/login
System.UnauthorizedAccessException: Invalid email or password.
   at AssignmentManagement.Application.Services.AuthService.LoginAsync(LoginRequestDto request, CancellationToken cancellationToken) in C:\Users\Tarek\Desktop\assignment\src\AssignmentManagement.Application\Services\AuthService.cs:line 37
   at AssignmentManagement.Api.Controllers.AuthController.Login(LoginRequestDto request, CancellationToken cancellationToken) in C:\Users\Tarek\Desktop\assignment\src\AssignmentManagement.Api\Controllers\AuthController.cs:line 21
   at lambda_method835(Closure, Object)
   at Microsoft.AspNetCore.Mvc.Infrastructure.ActionMethodExecutor.AwaitableObjectResultExecutor.Execute(ActionContext actionContext, IActionResultTypeMapper mapper, ObjectMethodExecutor executor, Object controller, Object[] arguments)
   at Microsoft.AspNetCore.Mvc.Infrastructure.ControllerActionInvoker.<InvokeActionMethodAsync>g__Awaited|12_0(ControllerActionInvoker invoker, ValueTask`1 actionResultValueTask)
   at Microsoft.AspNetCore.Mvc.Infrastructure.ControllerActionInvoker.<InvokeNextActionFilterAsync>g__Awaited|10_0(ControllerActionInvoker invoker, Task lastTask, State next, Scope scope, Object state, Boolean isCompleted)
   at Microsoft.AspNetCore.Mvc.Infrastructure.ControllerActionInvoker.Rethrow(ActionExecutedContextSealed context)
   at Microsoft.AspNetCore.Mvc.Infrastructure.ControllerActionInvoker.Next(State& next, Scope& scope, Object& state, Boolean& isCompleted)
   at Microsoft.AspNetCore.Mvc.Infrastructure.ControllerActionInvoker.<InvokeInnerFilterAsync>g__Awaited|13_0(ControllerActionInvoker invoker, Task lastTask, State next, Scope scope, Object state, Boolean isCompleted)
   at Microsoft.AspNetCore.Mvc.Infrastructure.ResourceInvoker.<InvokeFilterPipelineAsync>g__Awaited|20_0(ResourceInvoker invoker, Task lastTask, State next, Scope scope, Object state, Boolean isCompleted)
   at Microsoft.AspNetCore.Mvc.Infrastructure.ResourceInvoker.<InvokeAsync>g__Awaited|17_0(ResourceInvoker invoker, Task task, IDisposable scope)
   at Microsoft.AspNetCore.Mvc.Infrastructure.ResourceInvoker.<InvokeAsync>g__Awaited|17_0(ResourceInvoker invoker, Task task, IDisposable scope)
   at Microsoft.AspNetCore.Authorization.AuthorizationMiddleware.Invoke(HttpContext context)
   at Microsoft.AspNetCore.Authentication.AuthenticationMiddleware.Invoke(HttpContext context)
   at Swashbuckle.AspNetCore.SwaggerUI.SwaggerUIMiddleware.Invoke(HttpContext httpContext)
   at Swashbuckle.AspNetCore.Swagger.SwaggerMiddleware.Invoke(HttpContext httpContext, ISwaggerProvider swaggerProvider)
   at AssignmentManagement.Api.Middleware.ExceptionMiddleware.InvokeAsync(HttpContext context) in C:\Users\Tarek\Desktop\assignment\src\AssignmentManagement.Api\Middleware\ExceptionMiddleware.cs:line 23
2026-08-08 09:25:46.560 +06:00 [INF] [AssignmentManagement.Application.Services.AuthService] User 1 (admin@example.com) logged in successfully with role "Admin"
2026-08-08 09:26:41.604 +06:00 [INF] [AssignmentManagement.Application.Services.AuthService] User 1 (admin@example.com) logged out
2026-08-08 09:26:43.789 +06:00 [INF] [AssignmentManagement.Application.Services.AuthService] User 4 (teacher3@school.edu.bd) logged in successfully with role "Teacher"
2026-08-08 09:27:00.308 +06:00 [ERR] [AssignmentManagement.Api.Middleware.ExceptionMiddleware] Unhandled exception occurred while processing request GET /api/submissions/796/preview
AssignmentManagement.Application.Common.NotFoundException: The specified submission file does not exist on disk.
   at AssignmentManagement.Infrastructure.Services.StorageService.GetFileAsync(String relativePath, Boolean isDownload, CancellationToken cancellationToken) in C:\Users\Tarek\Desktop\assignment\src\AssignmentManagement.Infrastructure\Services\StorageService.cs:line 122
   at AssignmentManagement.Application.Services.SubmissionService.GetSubmissionFileStreamAsync(Int32 submissionId, Boolean isPreview, CancellationToken cancellationToken) in C:\Users\Tarek\Desktop\assignment\src\AssignmentManagement.Application\Services\SubmissionService.cs:line 229
   at AssignmentManagement.Api.Controllers.SubmissionsController.Preview(Int32 id, CancellationToken cancellationToken) in C:\Users\Tarek\Desktop\assignment\src\AssignmentManagement.Api\Controllers\SubmissionsController.cs:line 88
   at Microsoft.AspNetCore.Mvc.Infrastructure.ActionMethodExecutor.TaskOfIActionResultExecutor.Execute(ActionContext actionContext, IActionResultTypeMapper mapper, ObjectMethodExecutor executor, Object controller, Object[] arguments)
   at Microsoft.AspNetCore.Mvc.Infrastructure.ControllerActionInvoker.<InvokeActionMethodAsync>g__Awaited|12_0(ControllerActionInvoker invoker, ValueTask`1 actionResultValueTask)
   at Microsoft.AspNetCore.Mvc.Infrastructure.ControllerActionInvoker.<InvokeNextActionFilterAsync>g__Awaited|10_0(ControllerActionInvoker invoker, Task lastTask, State next, Scope scope, Object state, Boolean isCompleted)
   at Microsoft.AspNetCore.Mvc.Infrastructure.ControllerActionInvoker.Rethrow(ActionExecutedContextSealed context)
   at Microsoft.AspNetCore.Mvc.Infrastructure.ControllerActionInvoker.Next(State& next, Scope& scope, Object& state, Boolean& isCompleted)
   at Microsoft.AspNetCore.Mvc.Infrastructure.ControllerActionInvoker.<InvokeInnerFilterAsync>g__Awaited|13_0(ControllerActionInvoker invoker, Task lastTask, State next, Scope scope, Object state, Boolean isCompleted)
   at Microsoft.AspNetCore.Mvc.Infrastructure.ResourceInvoker.<InvokeFilterPipelineAsync>g__Awaited|20_0(ResourceInvoker invoker, Task lastTask, State next, Scope scope, Object state, Boolean isCompleted)
   at Microsoft.AspNetCore.Mvc.Infrastructure.ResourceInvoker.<InvokeAsync>g__Awaited|17_0(ResourceInvoker invoker, Task task, IDisposable scope)
   at Microsoft.AspNetCore.Mvc.Infrastructure.ResourceInvoker.<InvokeAsync>g__Awaited|17_0(ResourceInvoker invoker, Task task, IDisposable scope)
   at Microsoft.AspNetCore.Authorization.AuthorizationMiddleware.Invoke(HttpContext context)
   at Microsoft.AspNetCore.Authentication.AuthenticationMiddleware.Invoke(HttpContext context)
   at Swashbuckle.AspNetCore.SwaggerUI.SwaggerUIMiddleware.Invoke(HttpContext httpContext)
   at Swashbuckle.AspNetCore.Swagger.SwaggerMiddleware.Invoke(HttpContext httpContext, ISwaggerProvider swaggerProvider)
   at AssignmentManagement.Api.Middleware.ExceptionMiddleware.InvokeAsync(HttpContext context) in C:\Users\Tarek\Desktop\assignment\src\AssignmentManagement.Api\Middleware\ExceptionMiddleware.cs:line 23
2026-08-08 09:27:00.324 +06:00 [ERR] [AssignmentManagement.Api.Middleware.ExceptionMiddleware] Unhandled exception occurred while processing request GET /api/submissions/796/preview
AssignmentManagement.Application.Common.NotFoundException: The specified submission file does not exist on disk.
   at AssignmentManagement.Infrastructure.Services.StorageService.GetFileAsync(String relativePath, Boolean isDownload, CancellationToken cancellationToken) in C:\Users\Tarek\Desktop\assignment\src\AssignmentManagement.Infrastructure\Services\StorageService.cs:line 122
   at AssignmentManagement.Application.Services.SubmissionService.GetSubmissionFileStreamAsync(Int32 submissionId, Boolean isPreview, CancellationToken cancellationToken) in C:\Users\Tarek\Desktop\assignment\src\AssignmentManagement.Application\Services\SubmissionService.cs:line 229
   at AssignmentManagement.Api.Controllers.SubmissionsController.Preview(Int32 id, CancellationToken cancellationToken) in C:\Users\Tarek\Desktop\assignment\src\AssignmentManagement.Api\Controllers\SubmissionsController.cs:line 88
   at Microsoft.AspNetCore.Mvc.Infrastructure.ActionMethodExecutor.TaskOfIActionResultExecutor.Execute(ActionContext actionContext, IActionResultTypeMapper mapper, ObjectMethodExecutor executor, Object controller, Object[] arguments)
   at Microsoft.AspNetCore.Mvc.Infrastructure.ControllerActionInvoker.<InvokeActionMethodAsync>g__Awaited|12_0(ControllerActionInvoker invoker, ValueTask`1 actionResultValueTask)
   at Microsoft.AspNetCore.Mvc.Infrastructure.ControllerActionInvoker.<InvokeNextActionFilterAsync>g__Awaited|10_0(ControllerActionInvoker invoker, Task lastTask, State next, Scope scope, Object state, Boolean isCompleted)
   at Microsoft.AspNetCore.Mvc.Infrastructure.ControllerActionInvoker.Rethrow(ActionExecutedContextSealed context)
   at Microsoft.AspNetCore.Mvc.Infrastructure.ControllerActionInvoker.Next(State& next, Scope& scope, Object& state, Boolean& isCompleted)
   at Microsoft.AspNetCore.Mvc.Infrastructure.ControllerActionInvoker.<InvokeInnerFilterAsync>g__Awaited|13_0(ControllerActionInvoker invoker, Task lastTask, State next, Scope scope, Object state, Boolean isCompleted)
   at Microsoft.AspNetCore.Mvc.Infrastructure.ResourceInvoker.<InvokeFilterPipelineAsync>g__Awaited|20_0(ResourceInvoker invoker, Task lastTask, State next, Scope scope, Object state, Boolean isCompleted)
   at Microsoft.AspNetCore.Mvc.Infrastructure.ResourceInvoker.<InvokeAsync>g__Awaited|17_0(ResourceInvoker invoker, Task task, IDisposable scope)
   at Microsoft.AspNetCore.Mvc.Infrastructure.ResourceInvoker.<InvokeAsync>g__Awaited|17_0(ResourceInvoker invoker, Task task, IDisposable scope)
   at Microsoft.AspNetCore.Authorization.AuthorizationMiddleware.Invoke(HttpContext context)
   at Microsoft.AspNetCore.Authentication.AuthenticationMiddleware.Invoke(HttpContext context)
   at Swashbuckle.AspNetCore.SwaggerUI.SwaggerUIMiddleware.Invoke(HttpContext httpContext)
   at Swashbuckle.AspNetCore.Swagger.SwaggerMiddleware.Invoke(HttpContext httpContext, ISwaggerProvider swaggerProvider)
   at AssignmentManagement.Api.Middleware.ExceptionMiddleware.InvokeAsync(HttpContext context) in C:\Users\Tarek\Desktop\assignment\src\AssignmentManagement.Api\Middleware\ExceptionMiddleware.cs:line 23
2026-08-08 09:27:53.978 +06:00 [INF] [Microsoft.Hosting.Lifetime] Now listening on: http://localhost:5000
2026-08-08 09:27:53.999 +06:00 [INF] [Microsoft.Hosting.Lifetime] Application started. Press Ctrl+C to shut down.
2026-08-08 09:27:53.999 +06:00 [INF] [Microsoft.Hosting.Lifetime] Hosting environment: Production
2026-08-08 09:27:54.000 +06:00 [INF] [Microsoft.Hosting.Lifetime] Content root path: C:\Users\Tarek\Desktop\assignment\src\AssignmentManagement.Api
2026-08-08 09:27:58.127 +06:00 [WRN] [Microsoft.AspNetCore.HttpsPolicy.HttpsRedirectionMiddleware] Failed to determine the https port for redirect.
2026-08-08 09:27:58.515 +06:00 [INF] [AssignmentManagement.Application.Services.AuthService] User 4 (teacher3@school.edu.bd) logged in successfully with role "Teacher"
2026-08-08 09:28:02.004 +06:00 [ERR] [AssignmentManagement.Api.Middleware.ExceptionMiddleware] Unhandled exception occurred while processing request GET /api/submissions/794/preview
AssignmentManagement.Application.Common.NotFoundException: The specified submission file does not exist on disk.
   at AssignmentManagement.Infrastructure.Services.StorageService.GetFileAsync(String relativePath, Boolean isDownload, CancellationToken cancellationToken) in C:\Users\Tarek\Desktop\assignment\src\AssignmentManagement.Infrastructure\Services\StorageService.cs:line 129
   at AssignmentManagement.Application.Services.SubmissionService.GetSubmissionFileStreamAsync(Int32 submissionId, Boolean isPreview, CancellationToken cancellationToken) in C:\Users\Tarek\Desktop\assignment\src\AssignmentManagement.Application\Services\SubmissionService.cs:line 229
   at AssignmentManagement.Api.Controllers.SubmissionsController.Preview(Int32 id, CancellationToken cancellationToken) in C:\Users\Tarek\Desktop\assignment\src\AssignmentManagement.Api\Controllers\SubmissionsController.cs:line 88
   at Microsoft.AspNetCore.Mvc.Infrastructure.ActionMethodExecutor.TaskOfIActionResultExecutor.Execute(ActionContext actionContext, IActionResultTypeMapper mapper, ObjectMethodExecutor executor, Object controller, Object[] arguments)
   at Microsoft.AspNetCore.Mvc.Infrastructure.ControllerActionInvoker.<InvokeActionMethodAsync>g__Awaited|12_0(ControllerActionInvoker invoker, ValueTask`1 actionResultValueTask)
   at Microsoft.AspNetCore.Mvc.Infrastructure.ControllerActionInvoker.<InvokeNextActionFilterAsync>g__Awaited|10_0(ControllerActionInvoker invoker, Task lastTask, State next, Scope scope, Object state, Boolean isCompleted)
   at Microsoft.AspNetCore.Mvc.Infrastructure.ControllerActionInvoker.Rethrow(ActionExecutedContextSealed context)
   at Microsoft.AspNetCore.Mvc.Infrastructure.ControllerActionInvoker.Next(State& next, Scope& scope, Object& state, Boolean& isCompleted)
   at Microsoft.AspNetCore.Mvc.Infrastructure.ControllerActionInvoker.<InvokeInnerFilterAsync>g__Awaited|13_0(ControllerActionInvoker invoker, Task lastTask, State next, Scope scope, Object state, Boolean isCompleted)
   at Microsoft.AspNetCore.Mvc.Infrastructure.ResourceInvoker.<InvokeFilterPipelineAsync>g__Awaited|20_0(ResourceInvoker invoker, Task lastTask, State next, Scope scope, Object state, Boolean isCompleted)
   at Microsoft.AspNetCore.Mvc.Infrastructure.ResourceInvoker.<InvokeAsync>g__Awaited|17_0(ResourceInvoker invoker, Task task, IDisposable scope)
   at Microsoft.AspNetCore.Mvc.Infrastructure.ResourceInvoker.<InvokeAsync>g__Awaited|17_0(ResourceInvoker invoker, Task task, IDisposable scope)
   at Microsoft.AspNetCore.Authorization.AuthorizationMiddleware.Invoke(HttpContext context)
   at Microsoft.AspNetCore.Authentication.AuthenticationMiddleware.Invoke(HttpContext context)
   at Swashbuckle.AspNetCore.SwaggerUI.SwaggerUIMiddleware.Invoke(HttpContext httpContext)
   at Swashbuckle.AspNetCore.Swagger.SwaggerMiddleware.Invoke(HttpContext httpContext, ISwaggerProvider swaggerProvider)
   at AssignmentManagement.Api.Middleware.ExceptionMiddleware.InvokeAsync(HttpContext context) in C:\Users\Tarek\Desktop\assignment\src\AssignmentManagement.Api\Middleware\ExceptionMiddleware.cs:line 23
2026-08-08 09:28:02.030 +06:00 [ERR] [AssignmentManagement.Api.Middleware.ExceptionMiddleware] Unhandled exception occurred while processing request GET /api/submissions/794/preview
AssignmentManagement.Application.Common.NotFoundException: The specified submission file does not exist on disk.
   at AssignmentManagement.Infrastructure.Services.StorageService.GetFileAsync(String relativePath, Boolean isDownload, CancellationToken cancellationToken) in C:\Users\Tarek\Desktop\assignment\src\AssignmentManagement.Infrastructure\Services\StorageService.cs:line 129
   at AssignmentManagement.Application.Services.SubmissionService.GetSubmissionFileStreamAsync(Int32 submissionId, Boolean isPreview, CancellationToken cancellationToken) in C:\Users\Tarek\Desktop\assignment\src\AssignmentManagement.Application\Services\SubmissionService.cs:line 229
   at AssignmentManagement.Api.Controllers.SubmissionsController.Preview(Int32 id, CancellationToken cancellationToken) in C:\Users\Tarek\Desktop\assignment\src\AssignmentManagement.Api\Controllers\SubmissionsController.cs:line 88
   at Microsoft.AspNetCore.Mvc.Infrastructure.ActionMethodExecutor.TaskOfIActionResultExecutor.Execute(ActionContext actionContext, IActionResultTypeMapper mapper, ObjectMethodExecutor executor, Object controller, Object[] arguments)
   at Microsoft.AspNetCore.Mvc.Infrastructure.ControllerActionInvoker.<InvokeActionMethodAsync>g__Awaited|12_0(ControllerActionInvoker invoker, ValueTask`1 actionResultValueTask)
   at Microsoft.AspNetCore.Mvc.Infrastructure.ControllerActionInvoker.<InvokeNextActionFilterAsync>g__Awaited|10_0(ControllerActionInvoker invoker, Task lastTask, State next, Scope scope, Object state, Boolean isCompleted)
   at Microsoft.AspNetCore.Mvc.Infrastructure.ControllerActionInvoker.Rethrow(ActionExecutedContextSealed context)
   at Microsoft.AspNetCore.Mvc.Infrastructure.ControllerActionInvoker.Next(State& next, Scope& scope, Object& state, Boolean& isCompleted)
   at Microsoft.AspNetCore.Mvc.Infrastructure.ControllerActionInvoker.<InvokeInnerFilterAsync>g__Awaited|13_0(ControllerActionInvoker invoker, Task lastTask, State next, Scope scope, Object state, Boolean isCompleted)
   at Microsoft.AspNetCore.Mvc.Infrastructure.ResourceInvoker.<InvokeFilterPipelineAsync>g__Awaited|20_0(ResourceInvoker invoker, Task lastTask, State next, Scope scope, Object state, Boolean isCompleted)
   at Microsoft.AspNetCore.Mvc.Infrastructure.ResourceInvoker.<InvokeAsync>g__Awaited|17_0(ResourceInvoker invoker, Task task, IDisposable scope)
   at Microsoft.AspNetCore.Mvc.Infrastructure.ResourceInvoker.<InvokeAsync>g__Awaited|17_0(ResourceInvoker invoker, Task task, IDisposable scope)
   at Microsoft.AspNetCore.Authorization.AuthorizationMiddleware.Invoke(HttpContext context)
   at Microsoft.AspNetCore.Authentication.AuthenticationMiddleware.Invoke(HttpContext context)
   at Swashbuckle.AspNetCore.SwaggerUI.SwaggerUIMiddleware.Invoke(HttpContext httpContext)
   at Swashbuckle.AspNetCore.Swagger.SwaggerMiddleware.Invoke(HttpContext httpContext, ISwaggerProvider swaggerProvider)
   at AssignmentManagement.Api.Middleware.ExceptionMiddleware.InvokeAsync(HttpContext context) in C:\Users\Tarek\Desktop\assignment\src\AssignmentManagement.Api\Middleware\ExceptionMiddleware.cs:line 23
2026-08-08 09:28:03.719 +06:00 [ERR] [AssignmentManagement.Api.Middleware.ExceptionMiddleware] Unhandled exception occurred while processing request GET /api/submissions/794/preview
AssignmentManagement.Application.Common.NotFoundException: The specified submission file does not exist on disk.
   at AssignmentManagement.Infrastructure.Services.StorageService.GetFileAsync(String relativePath, Boolean isDownload, CancellationToken cancellationToken) in C:\Users\Tarek\Desktop\assignment\src\AssignmentManagement.Infrastructure\Services\StorageService.cs:line 129
   at AssignmentManagement.Application.Services.SubmissionService.GetSubmissionFileStreamAsync(Int32 submissionId, Boolean isPreview, CancellationToken cancellationToken) in C:\Users\Tarek\Desktop\assignment\src\AssignmentManagement.Application\Services\SubmissionService.cs:line 229
   at AssignmentManagement.Api.Controllers.SubmissionsController.Preview(Int32 id, CancellationToken cancellationToken) in C:\Users\Tarek\Desktop\assignment\src\AssignmentManagement.Api\Controllers\SubmissionsController.cs:line 88
   at Microsoft.AspNetCore.Mvc.Infrastructure.ActionMethodExecutor.TaskOfIActionResultExecutor.Execute(ActionContext actionContext, IActionResultTypeMapper mapper, ObjectMethodExecutor executor, Object controller, Object[] arguments)
   at Microsoft.AspNetCore.Mvc.Infrastructure.ControllerActionInvoker.<InvokeActionMethodAsync>g__Awaited|12_0(ControllerActionInvoker invoker, ValueTask`1 actionResultValueTask)
   at Microsoft.AspNetCore.Mvc.Infrastructure.ControllerActionInvoker.<InvokeNextActionFilterAsync>g__Awaited|10_0(ControllerActionInvoker invoker, Task lastTask, State next, Scope scope, Object state, Boolean isCompleted)
   at Microsoft.AspNetCore.Mvc.Infrastructure.ControllerActionInvoker.Rethrow(ActionExecutedContextSealed context)
   at Microsoft.AspNetCore.Mvc.Infrastructure.ControllerActionInvoker.Next(State& next, Scope& scope, Object& state, Boolean& isCompleted)
   at Microsoft.AspNetCore.Mvc.Infrastructure.ControllerActionInvoker.<InvokeInnerFilterAsync>g__Awaited|13_0(ControllerActionInvoker invoker, Task lastTask, State next, Scope scope, Object state, Boolean isCompleted)
   at Microsoft.AspNetCore.Mvc.Infrastructure.ResourceInvoker.<InvokeFilterPipelineAsync>g__Awaited|20_0(ResourceInvoker invoker, Task lastTask, State next, Scope scope, Object state, Boolean isCompleted)
   at Microsoft.AspNetCore.Mvc.Infrastructure.ResourceInvoker.<InvokeAsync>g__Awaited|17_0(ResourceInvoker invoker, Task task, IDisposable scope)
   at Microsoft.AspNetCore.Mvc.Infrastructure.ResourceInvoker.<InvokeAsync>g__Awaited|17_0(ResourceInvoker invoker, Task task, IDisposable scope)
   at Microsoft.AspNetCore.Authorization.AuthorizationMiddleware.Invoke(HttpContext context)
   at Microsoft.AspNetCore.Authentication.AuthenticationMiddleware.Invoke(HttpContext context)
   at Swashbuckle.AspNetCore.SwaggerUI.SwaggerUIMiddleware.Invoke(HttpContext httpContext)
   at Swashbuckle.AspNetCore.Swagger.SwaggerMiddleware.Invoke(HttpContext httpContext, ISwaggerProvider swaggerProvider)
   at AssignmentManagement.Api.Middleware.ExceptionMiddleware.InvokeAsync(HttpContext context) in C:\Users\Tarek\Desktop\assignment\src\AssignmentManagement.Api\Middleware\ExceptionMiddleware.cs:line 23
2026-08-08 09:28:03.727 +06:00 [ERR] [AssignmentManagement.Api.Middleware.ExceptionMiddleware] Unhandled exception occurred while processing request GET /api/submissions/794/preview
AssignmentManagement.Application.Common.NotFoundException: The specified submission file does not exist on disk.
   at AssignmentManagement.Infrastructure.Services.StorageService.GetFileAsync(String relativePath, Boolean isDownload, CancellationToken cancellationToken) in C:\Users\Tarek\Desktop\assignment\src\AssignmentManagement.Infrastructure\Services\StorageService.cs:line 129
   at AssignmentManagement.Application.Services.SubmissionService.GetSubmissionFileStreamAsync(Int32 submissionId, Boolean isPreview, CancellationToken cancellationToken) in C:\Users\Tarek\Desktop\assignment\src\AssignmentManagement.Application\Services\SubmissionService.cs:line 229
   at AssignmentManagement.Api.Controllers.SubmissionsController.Preview(Int32 id, CancellationToken cancellationToken) in C:\Users\Tarek\Desktop\assignment\src\AssignmentManagement.Api\Controllers\SubmissionsController.cs:line 88
   at Microsoft.AspNetCore.Mvc.Infrastructure.ActionMethodExecutor.TaskOfIActionResultExecutor.Execute(ActionContext actionContext, IActionResultTypeMapper mapper, ObjectMethodExecutor executor, Object controller, Object[] arguments)
   at Microsoft.AspNetCore.Mvc.Infrastructure.ControllerActionInvoker.<InvokeActionMethodAsync>g__Awaited|12_0(ControllerActionInvoker invoker, ValueTask`1 actionResultValueTask)
   at Microsoft.AspNetCore.Mvc.Infrastructure.ControllerActionInvoker.<InvokeNextActionFilterAsync>g__Awaited|10_0(ControllerActionInvoker invoker, Task lastTask, State next, Scope scope, Object state, Boolean isCompleted)
   at Microsoft.AspNetCore.Mvc.Infrastructure.ControllerActionInvoker.Rethrow(ActionExecutedContextSealed context)
   at Microsoft.AspNetCore.Mvc.Infrastructure.ControllerActionInvoker.Next(State& next, Scope& scope, Object& state, Boolean& isCompleted)
   at Microsoft.AspNetCore.Mvc.Infrastructure.ControllerActionInvoker.<InvokeInnerFilterAsync>g__Awaited|13_0(ControllerActionInvoker invoker, Task lastTask, State next, Scope scope, Object state, Boolean isCompleted)
   at Microsoft.AspNetCore.Mvc.Infrastructure.ResourceInvoker.<InvokeFilterPipelineAsync>g__Awaited|20_0(ResourceInvoker invoker, Task lastTask, State next, Scope scope, Object state, Boolean isCompleted)
   at Microsoft.AspNetCore.Mvc.Infrastructure.ResourceInvoker.<InvokeAsync>g__Awaited|17_0(ResourceInvoker invoker, Task task, IDisposable scope)
   at Microsoft.AspNetCore.Mvc.Infrastructure.ResourceInvoker.<InvokeAsync>g__Awaited|17_0(ResourceInvoker invoker, Task task, IDisposable scope)
   at Microsoft.AspNetCore.Authorization.AuthorizationMiddleware.Invoke(HttpContext context)
   at Microsoft.AspNetCore.Authentication.AuthenticationMiddleware.Invoke(HttpContext context)
   at Swashbuckle.AspNetCore.SwaggerUI.SwaggerUIMiddleware.Invoke(HttpContext httpContext)
   at Swashbuckle.AspNetCore.Swagger.SwaggerMiddleware.Invoke(HttpContext httpContext, ISwaggerProvider swaggerProvider)
   at AssignmentManagement.Api.Middleware.ExceptionMiddleware.InvokeAsync(HttpContext context) in C:\Users\Tarek\Desktop\assignment\src\AssignmentManagement.Api\Middleware\ExceptionMiddleware.cs:line 23
2026-08-08 09:28:26.134 +06:00 [ERR] [AssignmentManagement.Api.Middleware.ExceptionMiddleware] Unhandled exception occurred while processing request GET /api/submissions/85/preview
AssignmentManagement.Application.Common.NotFoundException: No submission file was found for this submission.
   at AssignmentManagement.Application.Services.SubmissionService.GetSubmissionFileStreamAsync(Int32 submissionId, Boolean isPreview, CancellationToken cancellationToken) in C:\Users\Tarek\Desktop\assignment\src\AssignmentManagement.Application\Services\SubmissionService.cs:line 226
   at AssignmentManagement.Api.Controllers.SubmissionsController.Preview(Int32 id, CancellationToken cancellationToken) in C:\Users\Tarek\Desktop\assignment\src\AssignmentManagement.Api\Controllers\SubmissionsController.cs:line 88
   at Microsoft.AspNetCore.Mvc.Infrastructure.ActionMethodExecutor.TaskOfIActionResultExecutor.Execute(ActionContext actionContext, IActionResultTypeMapper mapper, ObjectMethodExecutor executor, Object controller, Object[] arguments)
   at Microsoft.AspNetCore.Mvc.Infrastructure.ControllerActionInvoker.<InvokeActionMethodAsync>g__Awaited|12_0(ControllerActionInvoker invoker, ValueTask`1 actionResultValueTask)
   at Microsoft.AspNetCore.Mvc.Infrastructure.ControllerActionInvoker.<InvokeNextActionFilterAsync>g__Awaited|10_0(ControllerActionInvoker invoker, Task lastTask, State next, Scope scope, Object state, Boolean isCompleted)
   at Microsoft.AspNetCore.Mvc.Infrastructure.ControllerActionInvoker.Rethrow(ActionExecutedContextSealed context)
   at Microsoft.AspNetCore.Mvc.Infrastructure.ControllerActionInvoker.Next(State& next, Scope& scope, Object& state, Boolean& isCompleted)
   at Microsoft.AspNetCore.Mvc.Infrastructure.ControllerActionInvoker.<InvokeInnerFilterAsync>g__Awaited|13_0(ControllerActionInvoker invoker, Task lastTask, State next, Scope scope, Object state, Boolean isCompleted)
   at Microsoft.AspNetCore.Mvc.Infrastructure.ResourceInvoker.<InvokeFilterPipelineAsync>g__Awaited|20_0(ResourceInvoker invoker, Task lastTask, State next, Scope scope, Object state, Boolean isCompleted)
   at Microsoft.AspNetCore.Mvc.Infrastructure.ResourceInvoker.<InvokeAsync>g__Awaited|17_0(ResourceInvoker invoker, Task task, IDisposable scope)
   at Microsoft.AspNetCore.Mvc.Infrastructure.ResourceInvoker.<InvokeAsync>g__Awaited|17_0(ResourceInvoker invoker, Task task, IDisposable scope)
   at Microsoft.AspNetCore.Authorization.AuthorizationMiddleware.Invoke(HttpContext context)
   at Microsoft.AspNetCore.Authentication.AuthenticationMiddleware.Invoke(HttpContext context)
   at Swashbuckle.AspNetCore.SwaggerUI.SwaggerUIMiddleware.Invoke(HttpContext httpContext)
   at Swashbuckle.AspNetCore.Swagger.SwaggerMiddleware.Invoke(HttpContext httpContext, ISwaggerProvider swaggerProvider)
   at AssignmentManagement.Api.Middleware.ExceptionMiddleware.InvokeAsync(HttpContext context) in C:\Users\Tarek\Desktop\assignment\src\AssignmentManagement.Api\Middleware\ExceptionMiddleware.cs:line 23
2026-08-08 09:28:26.147 +06:00 [ERR] [AssignmentManagement.Api.Middleware.ExceptionMiddleware] Unhandled exception occurred while processing request GET /api/submissions/85/preview
AssignmentManagement.Application.Common.NotFoundException: No submission file was found for this submission.
   at AssignmentManagement.Application.Services.SubmissionService.GetSubmissionFileStreamAsync(Int32 submissionId, Boolean isPreview, CancellationToken cancellationToken) in C:\Users\Tarek\Desktop\assignment\src\AssignmentManagement.Application\Services\SubmissionService.cs:line 226
   at AssignmentManagement.Api.Controllers.SubmissionsController.Preview(Int32 id, CancellationToken cancellationToken) in C:\Users\Tarek\Desktop\assignment\src\AssignmentManagement.Api\Controllers\SubmissionsController.cs:line 88
   at Microsoft.AspNetCore.Mvc.Infrastructure.ActionMethodExecutor.TaskOfIActionResultExecutor.Execute(ActionContext actionContext, IActionResultTypeMapper mapper, ObjectMethodExecutor executor, Object controller, Object[] arguments)
   at Microsoft.AspNetCore.Mvc.Infrastructure.ControllerActionInvoker.<InvokeActionMethodAsync>g__Awaited|12_0(ControllerActionInvoker invoker, ValueTask`1 actionResultValueTask)
   at Microsoft.AspNetCore.Mvc.Infrastructure.ControllerActionInvoker.<InvokeNextActionFilterAsync>g__Awaited|10_0(ControllerActionInvoker invoker, Task lastTask, State next, Scope scope, Object state, Boolean isCompleted)
   at Microsoft.AspNetCore.Mvc.Infrastructure.ControllerActionInvoker.Rethrow(ActionExecutedContextSealed context)
   at Microsoft.AspNetCore.Mvc.Infrastructure.ControllerActionInvoker.Next(State& next, Scope& scope, Object& state, Boolean& isCompleted)
   at Microsoft.AspNetCore.Mvc.Infrastructure.ControllerActionInvoker.<InvokeInnerFilterAsync>g__Awaited|13_0(ControllerActionInvoker invoker, Task lastTask, State next, Scope scope, Object state, Boolean isCompleted)
   at Microsoft.AspNetCore.Mvc.Infrastructure.ResourceInvoker.<InvokeFilterPipelineAsync>g__Awaited|20_0(ResourceInvoker invoker, Task lastTask, State next, Scope scope, Object state, Boolean isCompleted)
   at Microsoft.AspNetCore.Mvc.Infrastructure.ResourceInvoker.<InvokeAsync>g__Awaited|17_0(ResourceInvoker invoker, Task task, IDisposable scope)
   at Microsoft.AspNetCore.Mvc.Infrastructure.ResourceInvoker.<InvokeAsync>g__Awaited|17_0(ResourceInvoker invoker, Task task, IDisposable scope)
   at Microsoft.AspNetCore.Authorization.AuthorizationMiddleware.Invoke(HttpContext context)
   at Microsoft.AspNetCore.Authentication.AuthenticationMiddleware.Invoke(HttpContext context)
   at Swashbuckle.AspNetCore.SwaggerUI.SwaggerUIMiddleware.Invoke(HttpContext httpContext)
   at Swashbuckle.AspNetCore.Swagger.SwaggerMiddleware.Invoke(HttpContext httpContext, ISwaggerProvider swaggerProvider)
   at AssignmentManagement.Api.Middleware.ExceptionMiddleware.InvokeAsync(HttpContext context) in C:\Users\Tarek\Desktop\assignment\src\AssignmentManagement.Api\Middleware\ExceptionMiddleware.cs:line 23
2026-08-08 09:28:30.507 +06:00 [INF] [AssignmentManagement.Application.Services.SubmissionService] Submission 85 graded with 60/100 marks by User 4
2026-08-08 09:28:30.525 +06:00 [ERR] [AssignmentManagement.Api.Middleware.ExceptionMiddleware] Unhandled exception occurred while processing request GET /api/submissions/85/preview
AssignmentManagement.Application.Common.NotFoundException: No submission file was found for this submission.
   at AssignmentManagement.Application.Services.SubmissionService.GetSubmissionFileStreamAsync(Int32 submissionId, Boolean isPreview, CancellationToken cancellationToken) in C:\Users\Tarek\Desktop\assignment\src\AssignmentManagement.Application\Services\SubmissionService.cs:line 226
   at AssignmentManagement.Api.Controllers.SubmissionsController.Preview(Int32 id, CancellationToken cancellationToken) in C:\Users\Tarek\Desktop\assignment\src\AssignmentManagement.Api\Controllers\SubmissionsController.cs:line 88
   at Microsoft.AspNetCore.Mvc.Infrastructure.ActionMethodExecutor.TaskOfIActionResultExecutor.Execute(ActionContext actionContext, IActionResultTypeMapper mapper, ObjectMethodExecutor executor, Object controller, Object[] arguments)
   at Microsoft.AspNetCore.Mvc.Infrastructure.ControllerActionInvoker.<InvokeActionMethodAsync>g__Awaited|12_0(ControllerActionInvoker invoker, ValueTask`1 actionResultValueTask)
   at Microsoft.AspNetCore.Mvc.Infrastructure.ControllerActionInvoker.<InvokeNextActionFilterAsync>g__Awaited|10_0(ControllerActionInvoker invoker, Task lastTask, State next, Scope scope, Object state, Boolean isCompleted)
   at Microsoft.AspNetCore.Mvc.Infrastructure.ControllerActionInvoker.Rethrow(ActionExecutedContextSealed context)
   at Microsoft.AspNetCore.Mvc.Infrastructure.ControllerActionInvoker.Next(State& next, Scope& scope, Object& state, Boolean& isCompleted)
   at Microsoft.AspNetCore.Mvc.Infrastructure.ControllerActionInvoker.<InvokeInnerFilterAsync>g__Awaited|13_0(ControllerActionInvoker invoker, Task lastTask, State next, Scope scope, Object state, Boolean isCompleted)
   at Microsoft.AspNetCore.Mvc.Infrastructure.ResourceInvoker.<InvokeFilterPipelineAsync>g__Awaited|20_0(ResourceInvoker invoker, Task lastTask, State next, Scope scope, Object state, Boolean isCompleted)
   at Microsoft.AspNetCore.Mvc.Infrastructure.ResourceInvoker.<InvokeAsync>g__Awaited|17_0(ResourceInvoker invoker, Task task, IDisposable scope)
   at Microsoft.AspNetCore.Mvc.Infrastructure.ResourceInvoker.<InvokeAsync>g__Awaited|17_0(ResourceInvoker invoker, Task task, IDisposable scope)
   at Microsoft.AspNetCore.Authorization.AuthorizationMiddleware.Invoke(HttpContext context)
   at Microsoft.AspNetCore.Authentication.AuthenticationMiddleware.Invoke(HttpContext context)
   at Swashbuckle.AspNetCore.SwaggerUI.SwaggerUIMiddleware.Invoke(HttpContext httpContext)
   at Swashbuckle.AspNetCore.Swagger.SwaggerMiddleware.Invoke(HttpContext httpContext, ISwaggerProvider swaggerProvider)
   at AssignmentManagement.Api.Middleware.ExceptionMiddleware.InvokeAsync(HttpContext context) in C:\Users\Tarek\Desktop\assignment\src\AssignmentManagement.Api\Middleware\ExceptionMiddleware.cs:line 23
2026-08-08 09:28:30.530 +06:00 [ERR] [AssignmentManagement.Api.Middleware.ExceptionMiddleware] Unhandled exception occurred while processing request GET /api/submissions/85/preview
AssignmentManagement.Application.Common.NotFoundException: No submission file was found for this submission.
   at AssignmentManagement.Application.Services.SubmissionService.GetSubmissionFileStreamAsync(Int32 submissionId, Boolean isPreview, CancellationToken cancellationToken) in C:\Users\Tarek\Desktop\assignment\src\AssignmentManagement.Application\Services\SubmissionService.cs:line 226
   at AssignmentManagement.Api.Controllers.SubmissionsController.Preview(Int32 id, CancellationToken cancellationToken) in C:\Users\Tarek\Desktop\assignment\src\AssignmentManagement.Api\Controllers\SubmissionsController.cs:line 88
   at Microsoft.AspNetCore.Mvc.Infrastructure.ActionMethodExecutor.TaskOfIActionResultExecutor.Execute(ActionContext actionContext, IActionResultTypeMapper mapper, ObjectMethodExecutor executor, Object controller, Object[] arguments)
   at Microsoft.AspNetCore.Mvc.Infrastructure.ControllerActionInvoker.<InvokeActionMethodAsync>g__Awaited|12_0(ControllerActionInvoker invoker, ValueTask`1 actionResultValueTask)
   at Microsoft.AspNetCore.Mvc.Infrastructure.ControllerActionInvoker.<InvokeNextActionFilterAsync>g__Awaited|10_0(ControllerActionInvoker invoker, Task lastTask, State next, Scope scope, Object state, Boolean isCompleted)
   at Microsoft.AspNetCore.Mvc.Infrastructure.ControllerActionInvoker.Rethrow(ActionExecutedContextSealed context)
   at Microsoft.AspNetCore.Mvc.Infrastructure.ControllerActionInvoker.Next(State& next, Scope& scope, Object& state, Boolean& isCompleted)
   at Microsoft.AspNetCore.Mvc.Infrastructure.ControllerActionInvoker.<InvokeInnerFilterAsync>g__Awaited|13_0(ControllerActionInvoker invoker, Task lastTask, State next, Scope scope, Object state, Boolean isCompleted)
   at Microsoft.AspNetCore.Mvc.Infrastructure.ResourceInvoker.<InvokeFilterPipelineAsync>g__Awaited|20_0(ResourceInvoker invoker, Task lastTask, State next, Scope scope, Object state, Boolean isCompleted)
   at Microsoft.AspNetCore.Mvc.Infrastructure.ResourceInvoker.<InvokeAsync>g__Awaited|17_0(ResourceInvoker invoker, Task task, IDisposable scope)
   at Microsoft.AspNetCore.Mvc.Infrastructure.ResourceInvoker.<InvokeAsync>g__Awaited|17_0(ResourceInvoker invoker, Task task, IDisposable scope)
   at Microsoft.AspNetCore.Authorization.AuthorizationMiddleware.Invoke(HttpContext context)
   at Microsoft.AspNetCore.Authentication.AuthenticationMiddleware.Invoke(HttpContext context)
   at Swashbuckle.AspNetCore.SwaggerUI.SwaggerUIMiddleware.Invoke(HttpContext httpContext)
   at Swashbuckle.AspNetCore.Swagger.SwaggerMiddleware.Invoke(HttpContext httpContext, ISwaggerProvider swaggerProvider)
   at AssignmentManagement.Api.Middleware.ExceptionMiddleware.InvokeAsync(HttpContext context) in C:\Users\Tarek\Desktop\assignment\src\AssignmentManagement.Api\Middleware\ExceptionMiddleware.cs:line 23
2026-08-08 09:28:48.012 +06:00 [INF] [AssignmentManagement.Application.Services.AuthService] User 4 (teacher3@school.edu.bd) logged out
2026-08-08 09:28:51.052 +06:00 [INF] [AssignmentManagement.Application.Services.AuthService] User 31 (student15@school.edu.bd) logged in successfully with role "Student"
2026-08-08 09:29:01.595 +06:00 [INF] [AssignmentManagement.Application.Services.SubmissionService] Submission 2839 uploaded for Assignment 23 by Student 15 (User 31)
2026-08-08 09:29:48.451 +06:00 [INF] [AssignmentManagement.Application.Services.AuthService] User 31 (student15@school.edu.bd) logged out
2026-08-08 09:30:23.499 +06:00 [INF] [AssignmentManagement.Application.Services.AuthService] User 31 (student15@school.edu.bd) logged in successfully with role "Student"
2026-08-08 09:30:26.589 +06:00 [INF] [AssignmentManagement.Application.Services.AuthService] User 31 (student15@school.edu.bd) logged out
2026-08-08 09:30:29.780 +06:00 [INF] [AssignmentManagement.Application.Services.AuthService] User 23 (student7@school.edu.bd) logged in successfully with role "Student"
2026-08-08 09:30:31.139 +06:00 [INF] [AssignmentManagement.Application.Services.AuthService] User 23 (student7@school.edu.bd) logged out
2026-08-08 09:30:33.867 +06:00 [INF] [AssignmentManagement.Application.Services.AuthService] User 82 (student66@school.edu.bd) logged in successfully with role "Student"
2026-08-08 09:30:55.165 +06:00 [INF] [AssignmentManagement.Application.Services.AuthService] User 82 (student66@school.edu.bd) logged out
2026-08-08 09:31:00.919 +06:00 [INF] [AssignmentManagement.Application.Services.AuthService] User 83 (student67@school.edu.bd) logged in successfully with role "Student"
2026-08-08 09:31:16.867 +06:00 [INF] [AssignmentManagement.Application.Services.SubmissionService] Submission 2840 uploaded for Assignment 115 by Student 67 (User 83)
2026-08-08 09:32:36.435 +06:00 [INF] [AssignmentManagement.Application.Services.AuthService] User 83 (student67@school.edu.bd) logged out
2026-08-08 09:32:39.729 +06:00 [INF] [AssignmentManagement.Application.Services.AuthService] User 116 (student100@school.edu.bd) logged in successfully with role "Student"
2026-08-08 09:35:51.136 +06:00 [INF] [AssignmentManagement.Application.Services.SubmissionService] Submission 2841 uploaded for Assignment 179 by Student 100 (User 116)
2026-08-08 09:36:27.452 +06:00 [INF] [AssignmentManagement.Application.Services.AuthService] User 116 (student100@school.edu.bd) logged out
2026-08-08 09:36:30.065 +06:00 [INF] [AssignmentManagement.Application.Services.AuthService] User 1 (admin@example.com) logged in successfully with role "Admin"
2026-08-08 09:37:02.115 +06:00 [INF] [AssignmentManagement.Application.Services.AuthService] User 1 (admin@example.com) logged out
2026-08-08 09:37:04.648 +06:00 [INF] [AssignmentManagement.Application.Services.AuthService] User 3 (teacher2@school.edu.bd) logged in successfully with role "Teacher"
2026-08-08 09:39:42.911 +06:00 [INF] [Microsoft.Hosting.Lifetime] Now listening on: http://localhost:5000
2026-08-08 09:39:42.940 +06:00 [INF] [Microsoft.Hosting.Lifetime] Application started. Press Ctrl+C to shut down.
2026-08-08 09:39:42.941 +06:00 [INF] [Microsoft.Hosting.Lifetime] Hosting environment: Production
2026-08-08 09:39:42.941 +06:00 [INF] [Microsoft.Hosting.Lifetime] Content root path: C:\Users\Tarek\Desktop\assignment\src\AssignmentManagement.Api
2026-08-08 09:39:55.112 +06:00 [WRN] [Microsoft.AspNetCore.HttpsPolicy.HttpsRedirectionMiddleware] Failed to determine the https port for redirect.
2026-08-08 09:39:55.540 +06:00 [INF] [AssignmentManagement.Application.Services.AuthService] User 1 (admin@example.com) logged in successfully with role "Admin"
2026-08-08 09:40:01.682 +06:00 [INF] [AssignmentManagement.Application.Services.AuthService] User 1 (admin@example.com) logged out
2026-08-08 09:40:04.440 +06:00 [INF] [AssignmentManagement.Application.Services.AuthService] User 31 (student15@school.edu.bd) logged in successfully with role "Student"
2026-08-08 09:40:24.202 +06:00 [ERR] [AssignmentManagement.Api.Middleware.ExceptionMiddleware] Unhandled exception occurred while processing request GET /api/submissions/330/preview
AssignmentManagement.Application.Common.NotFoundException: The specified submission file does not exist on disk.
   at AssignmentManagement.Infrastructure.Services.StorageService.GetFileAsync(String relativePath, Boolean isDownload, CancellationToken cancellationToken) in C:\Users\Tarek\Desktop\assignment\src\AssignmentManagement.Infrastructure\Services\StorageService.cs:line 129
   at AssignmentManagement.Application.Services.SubmissionService.GetSubmissionFileStreamAsync(Int32 submissionId, Boolean isPreview, CancellationToken cancellationToken) in C:\Users\Tarek\Desktop\assignment\src\AssignmentManagement.Application\Services\SubmissionService.cs:line 225
   at AssignmentManagement.Api.Controllers.SubmissionsController.Preview(Int32 id, CancellationToken cancellationToken) in C:\Users\Tarek\Desktop\assignment\src\AssignmentManagement.Api\Controllers\SubmissionsController.cs:line 88
   at Microsoft.AspNetCore.Mvc.Infrastructure.ActionMethodExecutor.TaskOfIActionResultExecutor.Execute(ActionContext actionContext, IActionResultTypeMapper mapper, ObjectMethodExecutor executor, Object controller, Object[] arguments)
   at Microsoft.AspNetCore.Mvc.Infrastructure.ControllerActionInvoker.<InvokeActionMethodAsync>g__Awaited|12_0(ControllerActionInvoker invoker, ValueTask`1 actionResultValueTask)
   at Microsoft.AspNetCore.Mvc.Infrastructure.ControllerActionInvoker.<InvokeNextActionFilterAsync>g__Awaited|10_0(ControllerActionInvoker invoker, Task lastTask, State next, Scope scope, Object state, Boolean isCompleted)
   at Microsoft.AspNetCore.Mvc.Infrastructure.ControllerActionInvoker.Rethrow(ActionExecutedContextSealed context)
   at Microsoft.AspNetCore.Mvc.Infrastructure.ControllerActionInvoker.Next(State& next, Scope& scope, Object& state, Boolean& isCompleted)
   at Microsoft.AspNetCore.Mvc.Infrastructure.ControllerActionInvoker.<InvokeInnerFilterAsync>g__Awaited|13_0(ControllerActionInvoker invoker, Task lastTask, State next, Scope scope, Object state, Boolean isCompleted)
   at Microsoft.AspNetCore.Mvc.Infrastructure.ResourceInvoker.<InvokeFilterPipelineAsync>g__Awaited|20_0(ResourceInvoker invoker, Task lastTask, State next, Scope scope, Object state, Boolean isCompleted)
   at Microsoft.AspNetCore.Mvc.Infrastructure.ResourceInvoker.<InvokeAsync>g__Awaited|17_0(ResourceInvoker invoker, Task task, IDisposable scope)
   at Microsoft.AspNetCore.Mvc.Infrastructure.ResourceInvoker.<InvokeAsync>g__Awaited|17_0(ResourceInvoker invoker, Task task, IDisposable scope)
   at Microsoft.AspNetCore.Authorization.AuthorizationMiddleware.Invoke(HttpContext context)
   at Microsoft.AspNetCore.Authentication.AuthenticationMiddleware.Invoke(HttpContext context)
   at Swashbuckle.AspNetCore.SwaggerUI.SwaggerUIMiddleware.Invoke(HttpContext httpContext)
   at Swashbuckle.AspNetCore.Swagger.SwaggerMiddleware.Invoke(HttpContext httpContext, ISwaggerProvider swaggerProvider)
   at AssignmentManagement.Api.Middleware.ExceptionMiddleware.InvokeAsync(HttpContext context) in C:\Users\Tarek\Desktop\assignment\src\AssignmentManagement.Api\Middleware\ExceptionMiddleware.cs:line 23
2026-08-08 09:40:26.048 +06:00 [ERR] [AssignmentManagement.Api.Middleware.ExceptionMiddleware] Unhandled exception occurred while processing request GET /api/submissions/330/preview
AssignmentManagement.Application.Common.NotFoundException: The specified submission file does not exist on disk.
   at AssignmentManagement.Infrastructure.Services.StorageService.GetFileAsync(String relativePath, Boolean isDownload, CancellationToken cancellationToken) in C:\Users\Tarek\Desktop\assignment\src\AssignmentManagement.Infrastructure\Services\StorageService.cs:line 129
   at AssignmentManagement.Application.Services.SubmissionService.GetSubmissionFileStreamAsync(Int32 submissionId, Boolean isPreview, CancellationToken cancellationToken) in C:\Users\Tarek\Desktop\assignment\src\AssignmentManagement.Application\Services\SubmissionService.cs:line 225
   at AssignmentManagement.Api.Controllers.SubmissionsController.Preview(Int32 id, CancellationToken cancellationToken) in C:\Users\Tarek\Desktop\assignment\src\AssignmentManagement.Api\Controllers\SubmissionsController.cs:line 88
   at Microsoft.AspNetCore.Mvc.Infrastructure.ActionMethodExecutor.TaskOfIActionResultExecutor.Execute(ActionContext actionContext, IActionResultTypeMapper mapper, ObjectMethodExecutor executor, Object controller, Object[] arguments)
   at Microsoft.AspNetCore.Mvc.Infrastructure.ControllerActionInvoker.<InvokeActionMethodAsync>g__Awaited|12_0(ControllerActionInvoker invoker, ValueTask`1 actionResultValueTask)
   at Microsoft.AspNetCore.Mvc.Infrastructure.ControllerActionInvoker.<InvokeNextActionFilterAsync>g__Awaited|10_0(ControllerActionInvoker invoker, Task lastTask, State next, Scope scope, Object state, Boolean isCompleted)
   at Microsoft.AspNetCore.Mvc.Infrastructure.ControllerActionInvoker.Rethrow(ActionExecutedContextSealed context)
   at Microsoft.AspNetCore.Mvc.Infrastructure.ControllerActionInvoker.Next(State& next, Scope& scope, Object& state, Boolean& isCompleted)
   at Microsoft.AspNetCore.Mvc.Infrastructure.ControllerActionInvoker.<InvokeInnerFilterAsync>g__Awaited|13_0(ControllerActionInvoker invoker, Task lastTask, State next, Scope scope, Object state, Boolean isCompleted)
   at Microsoft.AspNetCore.Mvc.Infrastructure.ResourceInvoker.<InvokeFilterPipelineAsync>g__Awaited|20_0(ResourceInvoker invoker, Task lastTask, State next, Scope scope, Object state, Boolean isCompleted)
   at Microsoft.AspNetCore.Mvc.Infrastructure.ResourceInvoker.<InvokeAsync>g__Awaited|17_0(ResourceInvoker invoker, Task task, IDisposable scope)
   at Microsoft.AspNetCore.Mvc.Infrastructure.ResourceInvoker.<InvokeAsync>g__Awaited|17_0(ResourceInvoker invoker, Task task, IDisposable scope)
   at Microsoft.AspNetCore.Authorization.AuthorizationMiddleware.Invoke(HttpContext context)
   at Microsoft.AspNetCore.Authentication.AuthenticationMiddleware.Invoke(HttpContext context)
   at Swashbuckle.AspNetCore.SwaggerUI.SwaggerUIMiddleware.Invoke(HttpContext httpContext)
   at Swashbuckle.AspNetCore.Swagger.SwaggerMiddleware.Invoke(HttpContext httpContext, ISwaggerProvider swaggerProvider)
   at AssignmentManagement.Api.Middleware.ExceptionMiddleware.InvokeAsync(HttpContext context) in C:\Users\Tarek\Desktop\assignment\src\AssignmentManagement.Api\Middleware\ExceptionMiddleware.cs:line 23
2026-08-08 09:40:29.720 +06:00 [ERR] [AssignmentManagement.Api.Middleware.ExceptionMiddleware] Unhandled exception occurred while processing request GET /api/submissions/330/preview
AssignmentManagement.Application.Common.NotFoundException: The specified submission file does not exist on disk.
   at AssignmentManagement.Infrastructure.Services.StorageService.GetFileAsync(String relativePath, Boolean isDownload, CancellationToken cancellationToken) in C:\Users\Tarek\Desktop\assignment\src\AssignmentManagement.Infrastructure\Services\StorageService.cs:line 129
   at AssignmentManagement.Application.Services.SubmissionService.GetSubmissionFileStreamAsync(Int32 submissionId, Boolean isPreview, CancellationToken cancellationToken) in C:\Users\Tarek\Desktop\assignment\src\AssignmentManagement.Application\Services\SubmissionService.cs:line 225
   at AssignmentManagement.Api.Controllers.SubmissionsController.Preview(Int32 id, CancellationToken cancellationToken) in C:\Users\Tarek\Desktop\assignment\src\AssignmentManagement.Api\Controllers\SubmissionsController.cs:line 88
   at Microsoft.AspNetCore.Mvc.Infrastructure.ActionMethodExecutor.TaskOfIActionResultExecutor.Execute(ActionContext actionContext, IActionResultTypeMapper mapper, ObjectMethodExecutor executor, Object controller, Object[] arguments)
   at Microsoft.AspNetCore.Mvc.Infrastructure.ControllerActionInvoker.<InvokeActionMethodAsync>g__Awaited|12_0(ControllerActionInvoker invoker, ValueTask`1 actionResultValueTask)
   at Microsoft.AspNetCore.Mvc.Infrastructure.ControllerActionInvoker.<InvokeNextActionFilterAsync>g__Awaited|10_0(ControllerActionInvoker invoker, Task lastTask, State next, Scope scope, Object state, Boolean isCompleted)
   at Microsoft.AspNetCore.Mvc.Infrastructure.ControllerActionInvoker.Rethrow(ActionExecutedContextSealed context)
   at Microsoft.AspNetCore.Mvc.Infrastructure.ControllerActionInvoker.Next(State& next, Scope& scope, Object& state, Boolean& isCompleted)
   at Microsoft.AspNetCore.Mvc.Infrastructure.ControllerActionInvoker.<InvokeInnerFilterAsync>g__Awaited|13_0(ControllerActionInvoker invoker, Task lastTask, State next, Scope scope, Object state, Boolean isCompleted)
   at Microsoft.AspNetCore.Mvc.Infrastructure.ResourceInvoker.<InvokeFilterPipelineAsync>g__Awaited|20_0(ResourceInvoker invoker, Task lastTask, State next, Scope scope, Object state, Boolean isCompleted)
   at Microsoft.AspNetCore.Mvc.Infrastructure.ResourceInvoker.<InvokeAsync>g__Awaited|17_0(ResourceInvoker invoker, Task task, IDisposable scope)
   at Microsoft.AspNetCore.Mvc.Infrastructure.ResourceInvoker.<InvokeAsync>g__Awaited|17_0(ResourceInvoker invoker, Task task, IDisposable scope)
   at Microsoft.AspNetCore.Authorization.AuthorizationMiddleware.Invoke(HttpContext context)
   at Microsoft.AspNetCore.Authentication.AuthenticationMiddleware.Invoke(HttpContext context)
   at Swashbuckle.AspNetCore.SwaggerUI.SwaggerUIMiddleware.Invoke(HttpContext httpContext)
   at Swashbuckle.AspNetCore.Swagger.SwaggerMiddleware.Invoke(HttpContext httpContext, ISwaggerProvider swaggerProvider)
   at AssignmentManagement.Api.Middleware.ExceptionMiddleware.InvokeAsync(HttpContext context) in C:\Users\Tarek\Desktop\assignment\src\AssignmentManagement.Api\Middleware\ExceptionMiddleware.cs:line 23
2026-08-08 09:40:32.344 +06:00 [ERR] [AssignmentManagement.Api.Middleware.ExceptionMiddleware] Unhandled exception occurred while processing request GET /api/submissions/330/preview
AssignmentManagement.Application.Common.NotFoundException: The specified submission file does not exist on disk.
   at AssignmentManagement.Infrastructure.Services.StorageService.GetFileAsync(String relativePath, Boolean isDownload, CancellationToken cancellationToken) in C:\Users\Tarek\Desktop\assignment\src\AssignmentManagement.Infrastructure\Services\StorageService.cs:line 129
   at AssignmentManagement.Application.Services.SubmissionService.GetSubmissionFileStreamAsync(Int32 submissionId, Boolean isPreview, CancellationToken cancellationToken) in C:\Users\Tarek\Desktop\assignment\src\AssignmentManagement.Application\Services\SubmissionService.cs:line 225
   at AssignmentManagement.Api.Controllers.SubmissionsController.Preview(Int32 id, CancellationToken cancellationToken) in C:\Users\Tarek\Desktop\assignment\src\AssignmentManagement.Api\Controllers\SubmissionsController.cs:line 88
   at Microsoft.AspNetCore.Mvc.Infrastructure.ActionMethodExecutor.TaskOfIActionResultExecutor.Execute(ActionContext actionContext, IActionResultTypeMapper mapper, ObjectMethodExecutor executor, Object controller, Object[] arguments)
   at Microsoft.AspNetCore.Mvc.Infrastructure.ControllerActionInvoker.<InvokeActionMethodAsync>g__Awaited|12_0(ControllerActionInvoker invoker, ValueTask`1 actionResultValueTask)
   at Microsoft.AspNetCore.Mvc.Infrastructure.ControllerActionInvoker.<InvokeNextActionFilterAsync>g__Awaited|10_0(ControllerActionInvoker invoker, Task lastTask, State next, Scope scope, Object state, Boolean isCompleted)
   at Microsoft.AspNetCore.Mvc.Infrastructure.ControllerActionInvoker.Rethrow(ActionExecutedContextSealed context)
   at Microsoft.AspNetCore.Mvc.Infrastructure.ControllerActionInvoker.Next(State& next, Scope& scope, Object& state, Boolean& isCompleted)
   at Microsoft.AspNetCore.Mvc.Infrastructure.ControllerActionInvoker.<InvokeInnerFilterAsync>g__Awaited|13_0(ControllerActionInvoker invoker, Task lastTask, State next, Scope scope, Object state, Boolean isCompleted)
   at Microsoft.AspNetCore.Mvc.Infrastructure.ResourceInvoker.<InvokeFilterPipelineAsync>g__Awaited|20_0(ResourceInvoker invoker, Task lastTask, State next, Scope scope, Object state, Boolean isCompleted)
   at Microsoft.AspNetCore.Mvc.Infrastructure.ResourceInvoker.<InvokeAsync>g__Awaited|17_0(ResourceInvoker invoker, Task task, IDisposable scope)
   at Microsoft.AspNetCore.Mvc.Infrastructure.ResourceInvoker.<InvokeAsync>g__Awaited|17_0(ResourceInvoker invoker, Task task, IDisposable scope)
   at Microsoft.AspNetCore.Authorization.AuthorizationMiddleware.Invoke(HttpContext context)
   at Microsoft.AspNetCore.Authentication.AuthenticationMiddleware.Invoke(HttpContext context)
   at Swashbuckle.AspNetCore.SwaggerUI.SwaggerUIMiddleware.Invoke(HttpContext httpContext)
   at Swashbuckle.AspNetCore.Swagger.SwaggerMiddleware.Invoke(HttpContext httpContext, ISwaggerProvider swaggerProvider)
   at AssignmentManagement.Api.Middleware.ExceptionMiddleware.InvokeAsync(HttpContext context) in C:\Users\Tarek\Desktop\assignment\src\AssignmentManagement.Api\Middleware\ExceptionMiddleware.cs:line 23
2026-08-08 09:40:33.199 +06:00 [ERR] [AssignmentManagement.Api.Middleware.ExceptionMiddleware] Unhandled exception occurred while processing request GET /api/submissions/330/preview
AssignmentManagement.Application.Common.NotFoundException: The specified submission file does not exist on disk.
   at AssignmentManagement.Infrastructure.Services.StorageService.GetFileAsync(String relativePath, Boolean isDownload, CancellationToken cancellationToken) in C:\Users\Tarek\Desktop\assignment\src\AssignmentManagement.Infrastructure\Services\StorageService.cs:line 129
   at AssignmentManagement.Application.Services.SubmissionService.GetSubmissionFileStreamAsync(Int32 submissionId, Boolean isPreview, CancellationToken cancellationToken) in C:\Users\Tarek\Desktop\assignment\src\AssignmentManagement.Application\Services\SubmissionService.cs:line 225
   at AssignmentManagement.Api.Controllers.SubmissionsController.Preview(Int32 id, CancellationToken cancellationToken) in C:\Users\Tarek\Desktop\assignment\src\AssignmentManagement.Api\Controllers\SubmissionsController.cs:line 88
   at Microsoft.AspNetCore.Mvc.Infrastructure.ActionMethodExecutor.TaskOfIActionResultExecutor.Execute(ActionContext actionContext, IActionResultTypeMapper mapper, ObjectMethodExecutor executor, Object controller, Object[] arguments)
   at Microsoft.AspNetCore.Mvc.Infrastructure.ControllerActionInvoker.<InvokeActionMethodAsync>g__Awaited|12_0(ControllerActionInvoker invoker, ValueTask`1 actionResultValueTask)
   at Microsoft.AspNetCore.Mvc.Infrastructure.ControllerActionInvoker.<InvokeNextActionFilterAsync>g__Awaited|10_0(ControllerActionInvoker invoker, Task lastTask, State next, Scope scope, Object state, Boolean isCompleted)
   at Microsoft.AspNetCore.Mvc.Infrastructure.ControllerActionInvoker.Rethrow(ActionExecutedContextSealed context)
   at Microsoft.AspNetCore.Mvc.Infrastructure.ControllerActionInvoker.Next(State& next, Scope& scope, Object& state, Boolean& isCompleted)
   at Microsoft.AspNetCore.Mvc.Infrastructure.ControllerActionInvoker.<InvokeInnerFilterAsync>g__Awaited|13_0(ControllerActionInvoker invoker, Task lastTask, State next, Scope scope, Object state, Boolean isCompleted)
   at Microsoft.AspNetCore.Mvc.Infrastructure.ResourceInvoker.<InvokeFilterPipelineAsync>g__Awaited|20_0(ResourceInvoker invoker, Task lastTask, State next, Scope scope, Object state, Boolean isCompleted)
   at Microsoft.AspNetCore.Mvc.Infrastructure.ResourceInvoker.<InvokeAsync>g__Awaited|17_0(ResourceInvoker invoker, Task task, IDisposable scope)
   at Microsoft.AspNetCore.Mvc.Infrastructure.ResourceInvoker.<InvokeAsync>g__Awaited|17_0(ResourceInvoker invoker, Task task, IDisposable scope)
   at Microsoft.AspNetCore.Authorization.AuthorizationMiddleware.Invoke(HttpContext context)
   at Microsoft.AspNetCore.Authentication.AuthenticationMiddleware.Invoke(HttpContext context)
   at Swashbuckle.AspNetCore.SwaggerUI.SwaggerUIMiddleware.Invoke(HttpContext httpContext)
   at Swashbuckle.AspNetCore.Swagger.SwaggerMiddleware.Invoke(HttpContext httpContext, ISwaggerProvider swaggerProvider)
   at AssignmentManagement.Api.Middleware.ExceptionMiddleware.InvokeAsync(HttpContext context) in C:\Users\Tarek\Desktop\assignment\src\AssignmentManagement.Api\Middleware\ExceptionMiddleware.cs:line 23
2026-08-08 09:40:42.843 +06:00 [INF] [AssignmentManagement.Application.Services.AuthService] User 31 (student15@school.edu.bd) logged out
2026-08-08 09:40:50.016 +06:00 [INF] [AssignmentManagement.Application.Services.AuthService] User 77 (student61@school.edu.bd) logged in successfully with role "Student"
2026-08-08 09:41:10.403 +06:00 [INF] [AssignmentManagement.Application.Services.SubmissionService] Submission 2839 uploaded for Assignment 115 by Student 61 (User 77)
2026-08-08 09:44:01.216 +06:00 [INF] [Microsoft.Hosting.Lifetime] Now listening on: http://localhost:5000
2026-08-08 09:44:01.236 +06:00 [INF] [Microsoft.Hosting.Lifetime] Application started. Press Ctrl+C to shut down.
2026-08-08 09:44:01.236 +06:00 [INF] [Microsoft.Hosting.Lifetime] Hosting environment: Production
2026-08-08 09:44:01.236 +06:00 [INF] [Microsoft.Hosting.Lifetime] Content root path: C:\Users\Tarek\Desktop\assignment\src\AssignmentManagement.Api
2026-08-08 09:46:04.677 +06:00 [WRN] [Microsoft.AspNetCore.HttpsPolicy.HttpsRedirectionMiddleware] Failed to determine the https port for redirect.
2026-08-08 09:46:40.277 +06:00 [INF] [AssignmentManagement.Application.Services.SubmissionService] Submission 526 uploaded for Assignment 120 by Student 61 (User 77)
2026-08-08 09:47:01.707 +06:00 [INF] [AssignmentManagement.Application.Services.AuthService] User 77 (student61@school.edu.bd) logged out
2026-08-08 09:47:06.364 +06:00 [INF] [AssignmentManagement.Application.Services.AuthService] User 91 (student75@school.edu.bd) logged in successfully with role "Student"
2026-08-08 09:47:14.439 +06:00 [INF] [AssignmentManagement.Application.Services.AuthService] User 91 (student75@school.edu.bd) logged out
2026-08-08 09:47:16.603 +06:00 [INF] [AssignmentManagement.Application.Services.AuthService] User 11 (teacher10@school.edu.bd) logged in successfully with role "Teacher"
2026-08-08 09:49:03.116 +06:00 [INF] [AssignmentManagement.Application.Services.SubmissionService] Submission 12 graded with 30/50 marks by User 11
2026-08-08 09:50:29.453 +06:00 [INF] [AssignmentManagement.Application.Services.SubmissionService] Submission 12 graded with 30/50 marks by User 11
2026-08-08 09:50:58.494 +06:00 [INF] [AssignmentManagement.Application.Services.SubmissionService] Submission 479 graded with 95/100 marks by User 11
2026-08-08 09:51:02.335 +06:00 [ERR] [AssignmentManagement.Api.Middleware.ExceptionMiddleware] Unhandled exception occurred while processing request GET /api/submissions/479/preview
AssignmentManagement.Application.Common.NotFoundException: The specified submission file does not exist on disk.
   at AssignmentManagement.Infrastructure.Services.StorageService.GetFileAsync(String relativePath, Boolean isDownload, CancellationToken cancellationToken) in C:\Users\Tarek\Desktop\assignment\src\AssignmentManagement.Infrastructure\Services\StorageService.cs:line 129
   at AssignmentManagement.Application.Services.SubmissionService.GetSubmissionFileStreamAsync(Int32 submissionId, Boolean isPreview, CancellationToken cancellationToken) in C:\Users\Tarek\Desktop\assignment\src\AssignmentManagement.Application\Services\SubmissionService.cs:line 225
   at AssignmentManagement.Api.Controllers.SubmissionsController.Preview(Int32 id, CancellationToken cancellationToken) in C:\Users\Tarek\Desktop\assignment\src\AssignmentManagement.Api\Controllers\SubmissionsController.cs:line 88
   at Microsoft.AspNetCore.Mvc.Infrastructure.ActionMethodExecutor.TaskOfIActionResultExecutor.Execute(ActionContext actionContext, IActionResultTypeMapper mapper, ObjectMethodExecutor executor, Object controller, Object[] arguments)
   at Microsoft.AspNetCore.Mvc.Infrastructure.ControllerActionInvoker.<InvokeActionMethodAsync>g__Awaited|12_0(ControllerActionInvoker invoker, ValueTask`1 actionResultValueTask)
   at Microsoft.AspNetCore.Mvc.Infrastructure.ControllerActionInvoker.<InvokeNextActionFilterAsync>g__Awaited|10_0(ControllerActionInvoker invoker, Task lastTask, State next, Scope scope, Object state, Boolean isCompleted)
   at Microsoft.AspNetCore.Mvc.Infrastructure.ControllerActionInvoker.Rethrow(ActionExecutedContextSealed context)
   at Microsoft.AspNetCore.Mvc.Infrastructure.ControllerActionInvoker.Next(State& next, Scope& scope, Object& state, Boolean& isCompleted)
   at Microsoft.AspNetCore.Mvc.Infrastructure.ControllerActionInvoker.<InvokeInnerFilterAsync>g__Awaited|13_0(ControllerActionInvoker invoker, Task lastTask, State next, Scope scope, Object state, Boolean isCompleted)
   at Microsoft.AspNetCore.Mvc.Infrastructure.ResourceInvoker.<InvokeFilterPipelineAsync>g__Awaited|20_0(ResourceInvoker invoker, Task lastTask, State next, Scope scope, Object state, Boolean isCompleted)
   at Microsoft.AspNetCore.Mvc.Infrastructure.ResourceInvoker.<InvokeAsync>g__Awaited|17_0(ResourceInvoker invoker, Task task, IDisposable scope)
   at Microsoft.AspNetCore.Mvc.Infrastructure.ResourceInvoker.<InvokeAsync>g__Awaited|17_0(ResourceInvoker invoker, Task task, IDisposable scope)
   at Microsoft.AspNetCore.Authorization.AuthorizationMiddleware.Invoke(HttpContext context)
   at Microsoft.AspNetCore.Authentication.AuthenticationMiddleware.Invoke(HttpContext context)
   at Swashbuckle.AspNetCore.SwaggerUI.SwaggerUIMiddleware.Invoke(HttpContext httpContext)
   at Swashbuckle.AspNetCore.Swagger.SwaggerMiddleware.Invoke(HttpContext httpContext, ISwaggerProvider swaggerProvider)
   at AssignmentManagement.Api.Middleware.ExceptionMiddleware.InvokeAsync(HttpContext context) in C:\Users\Tarek\Desktop\assignment\src\AssignmentManagement.Api\Middleware\ExceptionMiddleware.cs:line 23
2026-08-08 09:51:05.208 +06:00 [ERR] [AssignmentManagement.Api.Middleware.ExceptionMiddleware] Unhandled exception occurred while processing request GET /api/submissions/479/preview
AssignmentManagement.Application.Common.NotFoundException: The specified submission file does not exist on disk.
   at AssignmentManagement.Infrastructure.Services.StorageService.GetFileAsync(String relativePath, Boolean isDownload, CancellationToken cancellationToken) in C:\Users\Tarek\Desktop\assignment\src\AssignmentManagement.Infrastructure\Services\StorageService.cs:line 129
   at AssignmentManagement.Application.Services.SubmissionService.GetSubmissionFileStreamAsync(Int32 submissionId, Boolean isPreview, CancellationToken cancellationToken) in C:\Users\Tarek\Desktop\assignment\src\AssignmentManagement.Application\Services\SubmissionService.cs:line 225
   at AssignmentManagement.Api.Controllers.SubmissionsController.Preview(Int32 id, CancellationToken cancellationToken) in C:\Users\Tarek\Desktop\assignment\src\AssignmentManagement.Api\Controllers\SubmissionsController.cs:line 88
   at Microsoft.AspNetCore.Mvc.Infrastructure.ActionMethodExecutor.TaskOfIActionResultExecutor.Execute(ActionContext actionContext, IActionResultTypeMapper mapper, ObjectMethodExecutor executor, Object controller, Object[] arguments)
   at Microsoft.AspNetCore.Mvc.Infrastructure.ControllerActionInvoker.<InvokeActionMethodAsync>g__Awaited|12_0(ControllerActionInvoker invoker, ValueTask`1 actionResultValueTask)
   at Microsoft.AspNetCore.Mvc.Infrastructure.ControllerActionInvoker.<InvokeNextActionFilterAsync>g__Awaited|10_0(ControllerActionInvoker invoker, Task lastTask, State next, Scope scope, Object state, Boolean isCompleted)
   at Microsoft.AspNetCore.Mvc.Infrastructure.ControllerActionInvoker.Rethrow(ActionExecutedContextSealed context)
   at Microsoft.AspNetCore.Mvc.Infrastructure.ControllerActionInvoker.Next(State& next, Scope& scope, Object& state, Boolean& isCompleted)
   at Microsoft.AspNetCore.Mvc.Infrastructure.ControllerActionInvoker.<InvokeInnerFilterAsync>g__Awaited|13_0(ControllerActionInvoker invoker, Task lastTask, State next, Scope scope, Object state, Boolean isCompleted)
   at Microsoft.AspNetCore.Mvc.Infrastructure.ResourceInvoker.<InvokeFilterPipelineAsync>g__Awaited|20_0(ResourceInvoker invoker, Task lastTask, State next, Scope scope, Object state, Boolean isCompleted)
   at Microsoft.AspNetCore.Mvc.Infrastructure.ResourceInvoker.<InvokeAsync>g__Awaited|17_0(ResourceInvoker invoker, Task task, IDisposable scope)
   at Microsoft.AspNetCore.Mvc.Infrastructure.ResourceInvoker.<InvokeAsync>g__Awaited|17_0(ResourceInvoker invoker, Task task, IDisposable scope)
   at Microsoft.AspNetCore.Authorization.AuthorizationMiddleware.Invoke(HttpContext context)
   at Microsoft.AspNetCore.Authentication.AuthenticationMiddleware.Invoke(HttpContext context)
   at Swashbuckle.AspNetCore.SwaggerUI.SwaggerUIMiddleware.Invoke(HttpContext httpContext)
   at Swashbuckle.AspNetCore.Swagger.SwaggerMiddleware.Invoke(HttpContext httpContext, ISwaggerProvider swaggerProvider)
   at AssignmentManagement.Api.Middleware.ExceptionMiddleware.InvokeAsync(HttpContext context) in C:\Users\Tarek\Desktop\assignment\src\AssignmentManagement.Api\Middleware\ExceptionMiddleware.cs:line 23
2026-08-08 09:51:13.603 +06:00 [INF] [AssignmentManagement.Application.Services.AuthService] User 11 (teacher10@school.edu.bd) logged out
2026-08-08 09:51:21.667 +06:00 [INF] [AssignmentManagement.Application.Services.AuthService] User 49 (student33@school.edu.bd) logged in successfully with role "Student"
2026-08-08 09:52:04.371 +06:00 [INF] [AssignmentManagement.Application.Services.AuthService] User 49 (student33@school.edu.bd) logged out
2026-08-08 09:52:05.459 +06:00 [INF] [AssignmentManagement.Application.Services.AuthService] User 11 (teacher10@school.edu.bd) logged in successfully with role "Teacher"
2026-08-08 09:52:22.627 +06:00 [INF] [Microsoft.Hosting.Lifetime] Now listening on: http://localhost:5000
2026-08-08 09:52:22.651 +06:00 [INF] [Microsoft.Hosting.Lifetime] Application started. Press Ctrl+C to shut down.
2026-08-08 09:52:22.651 +06:00 [INF] [Microsoft.Hosting.Lifetime] Hosting environment: Production
2026-08-08 09:52:22.651 +06:00 [INF] [Microsoft.Hosting.Lifetime] Content root path: C:\Users\Tarek\Desktop\assignment\src\AssignmentManagement.Api
2026-08-08 09:52:22.709 +06:00 [WRN] [Microsoft.AspNetCore.HttpsPolicy.HttpsRedirectionMiddleware] Failed to determine the https port for redirect.
2026-08-08 09:54:06.003 +06:00 [ERR] [AssignmentManagement.Api.Middleware.ExceptionMiddleware] Unhandled exception occurred while processing request POST /api/assignments/8/publish
AssignmentManagement.Application.Common.ConflictException: Assignment deadline must be in the future before publishing.
   at AssignmentManagement.Application.Services.AssignmentService.EnsurePublishable(Assignment assignment) in C:\Users\Tarek\Desktop\assignment\src\AssignmentManagement.Application\Services\AssignmentService.cs:line 186
   at AssignmentManagement.Application.Services.AssignmentService.PublishAssignmentAsync(Int32 id, CancellationToken cancellationToken) in C:\Users\Tarek\Desktop\assignment\src\AssignmentManagement.Application\Services\AssignmentService.cs:line 119
   at AssignmentManagement.Api.Controllers.AssignmentsController.Publish(Int32 id, CancellationToken cancellationToken) in C:\Users\Tarek\Desktop\assignment\src\AssignmentManagement.Api\Controllers\AssignmentsController.cs:line 56
   at lambda_method1394(Closure, Object)
   at Microsoft.AspNetCore.Mvc.Infrastructure.ActionMethodExecutor.AwaitableObjectResultExecutor.Execute(ActionContext actionContext, IActionResultTypeMapper mapper, ObjectMethodExecutor executor, Object controller, Object[] arguments)
   at Microsoft.AspNetCore.Mvc.Infrastructure.ControllerActionInvoker.<InvokeActionMethodAsync>g__Awaited|12_0(ControllerActionInvoker invoker, ValueTask`1 actionResultValueTask)
   at Microsoft.AspNetCore.Mvc.Infrastructure.ControllerActionInvoker.<InvokeNextActionFilterAsync>g__Awaited|10_0(ControllerActionInvoker invoker, Task lastTask, State next, Scope scope, Object state, Boolean isCompleted)
   at Microsoft.AspNetCore.Mvc.Infrastructure.ControllerActionInvoker.Rethrow(ActionExecutedContextSealed context)
   at Microsoft.AspNetCore.Mvc.Infrastructure.ControllerActionInvoker.Next(State& next, Scope& scope, Object& state, Boolean& isCompleted)
   at Microsoft.AspNetCore.Mvc.Infrastructure.ControllerActionInvoker.<InvokeInnerFilterAsync>g__Awaited|13_0(ControllerActionInvoker invoker, Task lastTask, State next, Scope scope, Object state, Boolean isCompleted)
   at Microsoft.AspNetCore.Mvc.Infrastructure.ResourceInvoker.<InvokeFilterPipelineAsync>g__Awaited|20_0(ResourceInvoker invoker, Task lastTask, State next, Scope scope, Object state, Boolean isCompleted)
   at Microsoft.AspNetCore.Mvc.Infrastructure.ResourceInvoker.<InvokeAsync>g__Awaited|17_0(ResourceInvoker invoker, Task task, IDisposable scope)
   at Microsoft.AspNetCore.Mvc.Infrastructure.ResourceInvoker.<InvokeAsync>g__Awaited|17_0(ResourceInvoker invoker, Task task, IDisposable scope)
   at Microsoft.AspNetCore.Authorization.AuthorizationMiddleware.Invoke(HttpContext context)
   at Microsoft.AspNetCore.Authentication.AuthenticationMiddleware.Invoke(HttpContext context)
   at Swashbuckle.AspNetCore.SwaggerUI.SwaggerUIMiddleware.Invoke(HttpContext httpContext)
   at Swashbuckle.AspNetCore.Swagger.SwaggerMiddleware.Invoke(HttpContext httpContext, ISwaggerProvider swaggerProvider)
   at AssignmentManagement.Api.Middleware.ExceptionMiddleware.InvokeAsync(HttpContext context) in C:\Users\Tarek\Desktop\assignment\src\AssignmentManagement.Api\Middleware\ExceptionMiddleware.cs:line 23
2026-08-08 09:54:09.269 +06:00 [ERR] [AssignmentManagement.Api.Middleware.ExceptionMiddleware] Unhandled exception occurred while processing request POST /api/assignments/8/publish
AssignmentManagement.Application.Common.ConflictException: Assignment deadline must be in the future before publishing.
   at AssignmentManagement.Application.Services.AssignmentService.EnsurePublishable(Assignment assignment) in C:\Users\Tarek\Desktop\assignment\src\AssignmentManagement.Application\Services\AssignmentService.cs:line 186
   at AssignmentManagement.Application.Services.AssignmentService.PublishAssignmentAsync(Int32 id, CancellationToken cancellationToken) in C:\Users\Tarek\Desktop\assignment\src\AssignmentManagement.Application\Services\AssignmentService.cs:line 119
   at AssignmentManagement.Api.Controllers.AssignmentsController.Publish(Int32 id, CancellationToken cancellationToken) in C:\Users\Tarek\Desktop\assignment\src\AssignmentManagement.Api\Controllers\AssignmentsController.cs:line 56
   at lambda_method1394(Closure, Object)
   at Microsoft.AspNetCore.Mvc.Infrastructure.ActionMethodExecutor.AwaitableObjectResultExecutor.Execute(ActionContext actionContext, IActionResultTypeMapper mapper, ObjectMethodExecutor executor, Object controller, Object[] arguments)
   at Microsoft.AspNetCore.Mvc.Infrastructure.ControllerActionInvoker.<InvokeActionMethodAsync>g__Awaited|12_0(ControllerActionInvoker invoker, ValueTask`1 actionResultValueTask)
   at Microsoft.AspNetCore.Mvc.Infrastructure.ControllerActionInvoker.<InvokeNextActionFilterAsync>g__Awaited|10_0(ControllerActionInvoker invoker, Task lastTask, State next, Scope scope, Object state, Boolean isCompleted)
   at Microsoft.AspNetCore.Mvc.Infrastructure.ControllerActionInvoker.Rethrow(ActionExecutedContextSealed context)
   at Microsoft.AspNetCore.Mvc.Infrastructure.ControllerActionInvoker.Next(State& next, Scope& scope, Object& state, Boolean& isCompleted)
   at Microsoft.AspNetCore.Mvc.Infrastructure.ControllerActionInvoker.<InvokeInnerFilterAsync>g__Awaited|13_0(ControllerActionInvoker invoker, Task lastTask, State next, Scope scope, Object state, Boolean isCompleted)
   at Microsoft.AspNetCore.Mvc.Infrastructure.ResourceInvoker.<InvokeFilterPipelineAsync>g__Awaited|20_0(ResourceInvoker invoker, Task lastTask, State next, Scope scope, Object state, Boolean isCompleted)
   at Microsoft.AspNetCore.Mvc.Infrastructure.ResourceInvoker.<InvokeAsync>g__Awaited|17_0(ResourceInvoker invoker, Task task, IDisposable scope)
   at Microsoft.AspNetCore.Mvc.Infrastructure.ResourceInvoker.<InvokeAsync>g__Awaited|17_0(ResourceInvoker invoker, Task task, IDisposable scope)
   at Microsoft.AspNetCore.Authorization.AuthorizationMiddleware.Invoke(HttpContext context)
   at Microsoft.AspNetCore.Authentication.AuthenticationMiddleware.Invoke(HttpContext context)
   at Swashbuckle.AspNetCore.SwaggerUI.SwaggerUIMiddleware.Invoke(HttpContext httpContext)
   at Swashbuckle.AspNetCore.Swagger.SwaggerMiddleware.Invoke(HttpContext httpContext, ISwaggerProvider swaggerProvider)
   at AssignmentManagement.Api.Middleware.ExceptionMiddleware.InvokeAsync(HttpContext context) in C:\Users\Tarek\Desktop\assignment\src\AssignmentManagement.Api\Middleware\ExceptionMiddleware.cs:line 23
2026-08-08 09:54:10.006 +06:00 [ERR] [AssignmentManagement.Api.Middleware.ExceptionMiddleware] Unhandled exception occurred while processing request POST /api/assignments/8/publish
AssignmentManagement.Application.Common.ConflictException: Assignment deadline must be in the future before publishing.
   at AssignmentManagement.Application.Services.AssignmentService.EnsurePublishable(Assignment assignment) in C:\Users\Tarek\Desktop\assignment\src\AssignmentManagement.Application\Services\AssignmentService.cs:line 186
   at AssignmentManagement.Application.Services.AssignmentService.PublishAssignmentAsync(Int32 id, CancellationToken cancellationToken) in C:\Users\Tarek\Desktop\assignment\src\AssignmentManagement.Application\Services\AssignmentService.cs:line 119
   at AssignmentManagement.Api.Controllers.AssignmentsController.Publish(Int32 id, CancellationToken cancellationToken) in C:\Users\Tarek\Desktop\assignment\src\AssignmentManagement.Api\Controllers\AssignmentsController.cs:line 56
   at lambda_method1394(Closure, Object)
   at Microsoft.AspNetCore.Mvc.Infrastructure.ActionMethodExecutor.AwaitableObjectResultExecutor.Execute(ActionContext actionContext, IActionResultTypeMapper mapper, ObjectMethodExecutor executor, Object controller, Object[] arguments)
   at Microsoft.AspNetCore.Mvc.Infrastructure.ControllerActionInvoker.<InvokeActionMethodAsync>g__Awaited|12_0(ControllerActionInvoker invoker, ValueTask`1 actionResultValueTask)
   at Microsoft.AspNetCore.Mvc.Infrastructure.ControllerActionInvoker.<InvokeNextActionFilterAsync>g__Awaited|10_0(ControllerActionInvoker invoker, Task lastTask, State next, Scope scope, Object state, Boolean isCompleted)
   at Microsoft.AspNetCore.Mvc.Infrastructure.ControllerActionInvoker.Rethrow(ActionExecutedContextSealed context)
   at Microsoft.AspNetCore.Mvc.Infrastructure.ControllerActionInvoker.Next(State& next, Scope& scope, Object& state, Boolean& isCompleted)
   at Microsoft.AspNetCore.Mvc.Infrastructure.ControllerActionInvoker.<InvokeInnerFilterAsync>g__Awaited|13_0(ControllerActionInvoker invoker, Task lastTask, State next, Scope scope, Object state, Boolean isCompleted)
   at Microsoft.AspNetCore.Mvc.Infrastructure.ResourceInvoker.<InvokeFilterPipelineAsync>g__Awaited|20_0(ResourceInvoker invoker, Task lastTask, State next, Scope scope, Object state, Boolean isCompleted)
   at Microsoft.AspNetCore.Mvc.Infrastructure.ResourceInvoker.<InvokeAsync>g__Awaited|17_0(ResourceInvoker invoker, Task task, IDisposable scope)
   at Microsoft.AspNetCore.Mvc.Infrastructure.ResourceInvoker.<InvokeAsync>g__Awaited|17_0(ResourceInvoker invoker, Task task, IDisposable scope)
   at Microsoft.AspNetCore.Authorization.AuthorizationMiddleware.Invoke(HttpContext context)
   at Microsoft.AspNetCore.Authentication.AuthenticationMiddleware.Invoke(HttpContext context)
   at Swashbuckle.AspNetCore.SwaggerUI.SwaggerUIMiddleware.Invoke(HttpContext httpContext)
   at Swashbuckle.AspNetCore.Swagger.SwaggerMiddleware.Invoke(HttpContext httpContext, ISwaggerProvider swaggerProvider)
   at AssignmentManagement.Api.Middleware.ExceptionMiddleware.InvokeAsync(HttpContext context) in C:\Users\Tarek\Desktop\assignment\src\AssignmentManagement.Api\Middleware\ExceptionMiddleware.cs:line 23
2026-08-08 09:54:10.558 +06:00 [ERR] [AssignmentManagement.Api.Middleware.ExceptionMiddleware] Unhandled exception occurred while processing request POST /api/assignments/8/publish
AssignmentManagement.Application.Common.ConflictException: Assignment deadline must be in the future before publishing.
   at AssignmentManagement.Application.Services.AssignmentService.EnsurePublishable(Assignment assignment) in C:\Users\Tarek\Desktop\assignment\src\AssignmentManagement.Application\Services\AssignmentService.cs:line 186
   at AssignmentManagement.Application.Services.AssignmentService.PublishAssignmentAsync(Int32 id, CancellationToken cancellationToken) in C:\Users\Tarek\Desktop\assignment\src\AssignmentManagement.Application\Services\AssignmentService.cs:line 119
   at AssignmentManagement.Api.Controllers.AssignmentsController.Publish(Int32 id, CancellationToken cancellationToken) in C:\Users\Tarek\Desktop\assignment\src\AssignmentManagement.Api\Controllers\AssignmentsController.cs:line 56
   at lambda_method1394(Closure, Object)
   at Microsoft.AspNetCore.Mvc.Infrastructure.ActionMethodExecutor.AwaitableObjectResultExecutor.Execute(ActionContext actionContext, IActionResultTypeMapper mapper, ObjectMethodExecutor executor, Object controller, Object[] arguments)
   at Microsoft.AspNetCore.Mvc.Infrastructure.ControllerActionInvoker.<InvokeActionMethodAsync>g__Awaited|12_0(ControllerActionInvoker invoker, ValueTask`1 actionResultValueTask)
   at Microsoft.AspNetCore.Mvc.Infrastructure.ControllerActionInvoker.<InvokeNextActionFilterAsync>g__Awaited|10_0(ControllerActionInvoker invoker, Task lastTask, State next, Scope scope, Object state, Boolean isCompleted)
   at Microsoft.AspNetCore.Mvc.Infrastructure.ControllerActionInvoker.Rethrow(ActionExecutedContextSealed context)
   at Microsoft.AspNetCore.Mvc.Infrastructure.ControllerActionInvoker.Next(State& next, Scope& scope, Object& state, Boolean& isCompleted)
   at Microsoft.AspNetCore.Mvc.Infrastructure.ControllerActionInvoker.<InvokeInnerFilterAsync>g__Awaited|13_0(ControllerActionInvoker invoker, Task lastTask, State next, Scope scope, Object state, Boolean isCompleted)
   at Microsoft.AspNetCore.Mvc.Infrastructure.ResourceInvoker.<InvokeFilterPipelineAsync>g__Awaited|20_0(ResourceInvoker invoker, Task lastTask, State next, Scope scope, Object state, Boolean isCompleted)
   at Microsoft.AspNetCore.Mvc.Infrastructure.ResourceInvoker.<InvokeAsync>g__Awaited|17_0(ResourceInvoker invoker, Task task, IDisposable scope)
   at Microsoft.AspNetCore.Mvc.Infrastructure.ResourceInvoker.<InvokeAsync>g__Awaited|17_0(ResourceInvoker invoker, Task task, IDisposable scope)
   at Microsoft.AspNetCore.Authorization.AuthorizationMiddleware.Invoke(HttpContext context)
   at Microsoft.AspNetCore.Authentication.AuthenticationMiddleware.Invoke(HttpContext context)
   at Swashbuckle.AspNetCore.SwaggerUI.SwaggerUIMiddleware.Invoke(HttpContext httpContext)
   at Swashbuckle.AspNetCore.Swagger.SwaggerMiddleware.Invoke(HttpContext httpContext, ISwaggerProvider swaggerProvider)
   at AssignmentManagement.Api.Middleware.ExceptionMiddleware.InvokeAsync(HttpContext context) in C:\Users\Tarek\Desktop\assignment\src\AssignmentManagement.Api\Middleware\ExceptionMiddleware.cs:line 23
2026-08-08 09:54:17.429 +06:00 [INF] [AssignmentManagement.Application.Services.AssignmentService] Assignment 8 'Energy Transformations & Environmental Conservation' updated by Teacher User 11
2026-08-08 09:54:19.526 +06:00 [ERR] [AssignmentManagement.Api.Middleware.ExceptionMiddleware] Unhandled exception occurred while processing request POST /api/assignments/8/publish
AssignmentManagement.Application.Common.ConflictException: Assignment deadline must be in the future before publishing.
   at AssignmentManagement.Application.Services.AssignmentService.EnsurePublishable(Assignment assignment) in C:\Users\Tarek\Desktop\assignment\src\AssignmentManagement.Application\Services\AssignmentService.cs:line 186
   at AssignmentManagement.Application.Services.AssignmentService.PublishAssignmentAsync(Int32 id, CancellationToken cancellationToken) in C:\Users\Tarek\Desktop\assignment\src\AssignmentManagement.Application\Services\AssignmentService.cs:line 119
   at AssignmentManagement.Api.Controllers.AssignmentsController.Publish(Int32 id, CancellationToken cancellationToken) in C:\Users\Tarek\Desktop\assignment\src\AssignmentManagement.Api\Controllers\AssignmentsController.cs:line 56
   at lambda_method1394(Closure, Object)
   at Microsoft.AspNetCore.Mvc.Infrastructure.ActionMethodExecutor.AwaitableObjectResultExecutor.Execute(ActionContext actionContext, IActionResultTypeMapper mapper, ObjectMethodExecutor executor, Object controller, Object[] arguments)
   at Microsoft.AspNetCore.Mvc.Infrastructure.ControllerActionInvoker.<InvokeActionMethodAsync>g__Awaited|12_0(ControllerActionInvoker invoker, ValueTask`1 actionResultValueTask)
   at Microsoft.AspNetCore.Mvc.Infrastructure.ControllerActionInvoker.<InvokeNextActionFilterAsync>g__Awaited|10_0(ControllerActionInvoker invoker, Task lastTask, State next, Scope scope, Object state, Boolean isCompleted)
   at Microsoft.AspNetCore.Mvc.Infrastructure.ControllerActionInvoker.Rethrow(ActionExecutedContextSealed context)
   at Microsoft.AspNetCore.Mvc.Infrastructure.ControllerActionInvoker.Next(State& next, Scope& scope, Object& state, Boolean& isCompleted)
   at Microsoft.AspNetCore.Mvc.Infrastructure.ControllerActionInvoker.<InvokeInnerFilterAsync>g__Awaited|13_0(ControllerActionInvoker invoker, Task lastTask, State next, Scope scope, Object state, Boolean isCompleted)
   at Microsoft.AspNetCore.Mvc.Infrastructure.ResourceInvoker.<InvokeFilterPipelineAsync>g__Awaited|20_0(ResourceInvoker invoker, Task lastTask, State next, Scope scope, Object state, Boolean isCompleted)
   at Microsoft.AspNetCore.Mvc.Infrastructure.ResourceInvoker.<InvokeAsync>g__Awaited|17_0(ResourceInvoker invoker, Task task, IDisposable scope)
   at Microsoft.AspNetCore.Mvc.Infrastructure.ResourceInvoker.<InvokeAsync>g__Awaited|17_0(ResourceInvoker invoker, Task task, IDisposable scope)
   at Microsoft.AspNetCore.Authorization.AuthorizationMiddleware.Invoke(HttpContext context)
   at Microsoft.AspNetCore.Authentication.AuthenticationMiddleware.Invoke(HttpContext context)
   at Swashbuckle.AspNetCore.SwaggerUI.SwaggerUIMiddleware.Invoke(HttpContext httpContext)
   at Swashbuckle.AspNetCore.Swagger.SwaggerMiddleware.Invoke(HttpContext httpContext, ISwaggerProvider swaggerProvider)
   at AssignmentManagement.Api.Middleware.ExceptionMiddleware.InvokeAsync(HttpContext context) in C:\Users\Tarek\Desktop\assignment\src\AssignmentManagement.Api\Middleware\ExceptionMiddleware.cs:line 23
2026-08-08 09:54:20.349 +06:00 [ERR] [AssignmentManagement.Api.Middleware.ExceptionMiddleware] Unhandled exception occurred while processing request POST /api/assignments/8/publish
AssignmentManagement.Application.Common.ConflictException: Assignment deadline must be in the future before publishing.
   at AssignmentManagement.Application.Services.AssignmentService.EnsurePublishable(Assignment assignment) in C:\Users\Tarek\Desktop\assignment\src\AssignmentManagement.Application\Services\AssignmentService.cs:line 186
   at AssignmentManagement.Application.Services.AssignmentService.PublishAssignmentAsync(Int32 id, CancellationToken cancellationToken) in C:\Users\Tarek\Desktop\assignment\src\AssignmentManagement.Application\Services\AssignmentService.cs:line 119
   at AssignmentManagement.Api.Controllers.AssignmentsController.Publish(Int32 id, CancellationToken cancellationToken) in C:\Users\Tarek\Desktop\assignment\src\AssignmentManagement.Api\Controllers\AssignmentsController.cs:line 56
   at lambda_method1394(Closure, Object)
   at Microsoft.AspNetCore.Mvc.Infrastructure.ActionMethodExecutor.AwaitableObjectResultExecutor.Execute(ActionContext actionContext, IActionResultTypeMapper mapper, ObjectMethodExecutor executor, Object controller, Object[] arguments)
   at Microsoft.AspNetCore.Mvc.Infrastructure.ControllerActionInvoker.<InvokeActionMethodAsync>g__Awaited|12_0(ControllerActionInvoker invoker, ValueTask`1 actionResultValueTask)
   at Microsoft.AspNetCore.Mvc.Infrastructure.ControllerActionInvoker.<InvokeNextActionFilterAsync>g__Awaited|10_0(ControllerActionInvoker invoker, Task lastTask, State next, Scope scope, Object state, Boolean isCompleted)
   at Microsoft.AspNetCore.Mvc.Infrastructure.ControllerActionInvoker.Rethrow(ActionExecutedContextSealed context)
   at Microsoft.AspNetCore.Mvc.Infrastructure.ControllerActionInvoker.Next(State& next, Scope& scope, Object& state, Boolean& isCompleted)
   at Microsoft.AspNetCore.Mvc.Infrastructure.ControllerActionInvoker.<InvokeInnerFilterAsync>g__Awaited|13_0(ControllerActionInvoker invoker, Task lastTask, State next, Scope scope, Object state, Boolean isCompleted)
   at Microsoft.AspNetCore.Mvc.Infrastructure.ResourceInvoker.<InvokeFilterPipelineAsync>g__Awaited|20_0(ResourceInvoker invoker, Task lastTask, State next, Scope scope, Object state, Boolean isCompleted)
   at Microsoft.AspNetCore.Mvc.Infrastructure.ResourceInvoker.<InvokeAsync>g__Awaited|17_0(ResourceInvoker invoker, Task task, IDisposable scope)
   at Microsoft.AspNetCore.Mvc.Infrastructure.ResourceInvoker.<InvokeAsync>g__Awaited|17_0(ResourceInvoker invoker, Task task, IDisposable scope)
   at Microsoft.AspNetCore.Authorization.AuthorizationMiddleware.Invoke(HttpContext context)
   at Microsoft.AspNetCore.Authentication.AuthenticationMiddleware.Invoke(HttpContext context)
   at Swashbuckle.AspNetCore.SwaggerUI.SwaggerUIMiddleware.Invoke(HttpContext httpContext)
   at Swashbuckle.AspNetCore.Swagger.SwaggerMiddleware.Invoke(HttpContext httpContext, ISwaggerProvider swaggerProvider)
   at AssignmentManagement.Api.Middleware.ExceptionMiddleware.InvokeAsync(HttpContext context) in C:\Users\Tarek\Desktop\assignment\src\AssignmentManagement.Api\Middleware\ExceptionMiddleware.cs:line 23
2026-08-08 09:54:28.636 +06:00 [INF] [AssignmentManagement.Application.Services.AssignmentService] Assignment 8 'Energy Transformations & Environmental Conservation' updated by Teacher User 11
2026-08-08 09:55:36.475 +06:00 [ERR] [AssignmentManagement.Api.Middleware.ExceptionMiddleware] Unhandled exception occurred while processing request GET /api/submissions/100/preview
AssignmentManagement.Application.Common.NotFoundException: The specified submission file does not exist on disk.
   at AssignmentManagement.Infrastructure.Services.StorageService.GetFileAsync(String relativePath, Boolean isDownload, CancellationToken cancellationToken) in C:\Users\Tarek\Desktop\assignment\src\AssignmentManagement.Infrastructure\Services\StorageService.cs:line 129
   at AssignmentManagement.Application.Services.SubmissionService.GetSubmissionFileStreamAsync(Int32 submissionId, Boolean isPreview, CancellationToken cancellationToken) in C:\Users\Tarek\Desktop\assignment\src\AssignmentManagement.Application\Services\SubmissionService.cs:line 230
   at AssignmentManagement.Api.Controllers.SubmissionsController.Preview(Int32 id, CancellationToken cancellationToken) in C:\Users\Tarek\Desktop\assignment\src\AssignmentManagement.Api\Controllers\SubmissionsController.cs:line 88
   at Microsoft.AspNetCore.Mvc.Infrastructure.ActionMethodExecutor.TaskOfIActionResultExecutor.Execute(ActionContext actionContext, IActionResultTypeMapper mapper, ObjectMethodExecutor executor, Object controller, Object[] arguments)
   at Microsoft.AspNetCore.Mvc.Infrastructure.ControllerActionInvoker.<InvokeActionMethodAsync>g__Awaited|12_0(ControllerActionInvoker invoker, ValueTask`1 actionResultValueTask)
   at Microsoft.AspNetCore.Mvc.Infrastructure.ControllerActionInvoker.<InvokeNextActionFilterAsync>g__Awaited|10_0(ControllerActionInvoker invoker, Task lastTask, State next, Scope scope, Object state, Boolean isCompleted)
   at Microsoft.AspNetCore.Mvc.Infrastructure.ControllerActionInvoker.Rethrow(ActionExecutedContextSealed context)
   at Microsoft.AspNetCore.Mvc.Infrastructure.ControllerActionInvoker.Next(State& next, Scope& scope, Object& state, Boolean& isCompleted)
   at Microsoft.AspNetCore.Mvc.Infrastructure.ControllerActionInvoker.<InvokeInnerFilterAsync>g__Awaited|13_0(ControllerActionInvoker invoker, Task lastTask, State next, Scope scope, Object state, Boolean isCompleted)
   at Microsoft.AspNetCore.Mvc.Infrastructure.ResourceInvoker.<InvokeFilterPipelineAsync>g__Awaited|20_0(ResourceInvoker invoker, Task lastTask, State next, Scope scope, Object state, Boolean isCompleted)
   at Microsoft.AspNetCore.Mvc.Infrastructure.ResourceInvoker.<InvokeAsync>g__Awaited|17_0(ResourceInvoker invoker, Task task, IDisposable scope)
   at Microsoft.AspNetCore.Mvc.Infrastructure.ResourceInvoker.<InvokeAsync>g__Awaited|17_0(ResourceInvoker invoker, Task task, IDisposable scope)
   at Microsoft.AspNetCore.Authorization.AuthorizationMiddleware.Invoke(HttpContext context)
   at Microsoft.AspNetCore.Authentication.AuthenticationMiddleware.Invoke(HttpContext context)
   at Swashbuckle.AspNetCore.SwaggerUI.SwaggerUIMiddleware.Invoke(HttpContext httpContext)
   at Swashbuckle.AspNetCore.Swagger.SwaggerMiddleware.Invoke(HttpContext httpContext, ISwaggerProvider swaggerProvider)
   at AssignmentManagement.Api.Middleware.ExceptionMiddleware.InvokeAsync(HttpContext context) in C:\Users\Tarek\Desktop\assignment\src\AssignmentManagement.Api\Middleware\ExceptionMiddleware.cs:line 23
2026-08-08 09:55:36.489 +06:00 [ERR] [AssignmentManagement.Api.Middleware.ExceptionMiddleware] Unhandled exception occurred while processing request GET /api/submissions/100/preview
AssignmentManagement.Application.Common.NotFoundException: The specified submission file does not exist on disk.
   at AssignmentManagement.Infrastructure.Services.StorageService.GetFileAsync(String relativePath, Boolean isDownload, CancellationToken cancellationToken) in C:\Users\Tarek\Desktop\assignment\src\AssignmentManagement.Infrastructure\Services\StorageService.cs:line 129
   at AssignmentManagement.Application.Services.SubmissionService.GetSubmissionFileStreamAsync(Int32 submissionId, Boolean isPreview, CancellationToken cancellationToken) in C:\Users\Tarek\Desktop\assignment\src\AssignmentManagement.Application\Services\SubmissionService.cs:line 230
   at AssignmentManagement.Api.Controllers.SubmissionsController.Preview(Int32 id, CancellationToken cancellationToken) in C:\Users\Tarek\Desktop\assignment\src\AssignmentManagement.Api\Controllers\SubmissionsController.cs:line 88
   at Microsoft.AspNetCore.Mvc.Infrastructure.ActionMethodExecutor.TaskOfIActionResultExecutor.Execute(ActionContext actionContext, IActionResultTypeMapper mapper, ObjectMethodExecutor executor, Object controller, Object[] arguments)
   at Microsoft.AspNetCore.Mvc.Infrastructure.ControllerActionInvoker.<InvokeActionMethodAsync>g__Awaited|12_0(ControllerActionInvoker invoker, ValueTask`1 actionResultValueTask)
   at Microsoft.AspNetCore.Mvc.Infrastructure.ControllerActionInvoker.<InvokeNextActionFilterAsync>g__Awaited|10_0(ControllerActionInvoker invoker, Task lastTask, State next, Scope scope, Object state, Boolean isCompleted)
   at Microsoft.AspNetCore.Mvc.Infrastructure.ControllerActionInvoker.Rethrow(ActionExecutedContextSealed context)
   at Microsoft.AspNetCore.Mvc.Infrastructure.ControllerActionInvoker.Next(State& next, Scope& scope, Object& state, Boolean& isCompleted)
   at Microsoft.AspNetCore.Mvc.Infrastructure.ControllerActionInvoker.<InvokeInnerFilterAsync>g__Awaited|13_0(ControllerActionInvoker invoker, Task lastTask, State next, Scope scope, Object state, Boolean isCompleted)
   at Microsoft.AspNetCore.Mvc.Infrastructure.ResourceInvoker.<InvokeFilterPipelineAsync>g__Awaited|20_0(ResourceInvoker invoker, Task lastTask, State next, Scope scope, Object state, Boolean isCompleted)
   at Microsoft.AspNetCore.Mvc.Infrastructure.ResourceInvoker.<InvokeAsync>g__Awaited|17_0(ResourceInvoker invoker, Task task, IDisposable scope)
   at Microsoft.AspNetCore.Mvc.Infrastructure.ResourceInvoker.<InvokeAsync>g__Awaited|17_0(ResourceInvoker invoker, Task task, IDisposable scope)
   at Microsoft.AspNetCore.Authorization.AuthorizationMiddleware.Invoke(HttpContext context)
   at Microsoft.AspNetCore.Authentication.AuthenticationMiddleware.Invoke(HttpContext context)
   at Swashbuckle.AspNetCore.SwaggerUI.SwaggerUIMiddleware.Invoke(HttpContext httpContext)
   at Swashbuckle.AspNetCore.Swagger.SwaggerMiddleware.Invoke(HttpContext httpContext, ISwaggerProvider swaggerProvider)
   at AssignmentManagement.Api.Middleware.ExceptionMiddleware.InvokeAsync(HttpContext context) in C:\Users\Tarek\Desktop\assignment\src\AssignmentManagement.Api\Middleware\ExceptionMiddleware.cs:line 23
2026-08-08 09:59:13.781 +06:00 [INF] [AssignmentManagement.Application.Services.AssignmentService] Assignment 8 'Energy Transformations & Environmental Conservation' updated by Teacher User 11
2026-08-08 09:59:22.994 +06:00 [INF] [AssignmentManagement.Application.Services.AssignmentService] Assignment 8 'Energy Transformations & Environmental Conservation' updated by Teacher User 11
2026-08-08 09:59:28.947 +06:00 [INF] [AssignmentManagement.Application.Services.AssignmentService] Assignment 8 'Energy Transformations & Environmental Conservation' updated by Teacher User 11
2026-08-08 10:00:45.586 +06:00 [INF] [AssignmentManagement.Application.Services.AuthService] User 11 (teacher10@school.edu.bd) logged out
2026-08-08 10:00:46.950 +06:00 [INF] [AssignmentManagement.Application.Services.AuthService] User 11 (teacher10@school.edu.bd) logged in successfully with role "Teacher"
2026-08-08 10:01:43.224 +06:00 [ERR] [AssignmentManagement.Api.Middleware.ExceptionMiddleware] Unhandled exception occurred while processing request GET /api/submissions/783/preview
AssignmentManagement.Application.Common.NotFoundException: The specified submission file does not exist on disk.
   at AssignmentManagement.Infrastructure.Services.StorageService.GetFileAsync(String relativePath, Boolean isDownload, CancellationToken cancellationToken) in C:\Users\Tarek\Desktop\assignment\src\AssignmentManagement.Infrastructure\Services\StorageService.cs:line 129
   at AssignmentManagement.Application.Services.SubmissionService.GetSubmissionFileStreamAsync(Int32 submissionId, Boolean isPreview, CancellationToken cancellationToken) in C:\Users\Tarek\Desktop\assignment\src\AssignmentManagement.Application\Services\SubmissionService.cs:line 230
   at AssignmentManagement.Api.Controllers.SubmissionsController.Preview(Int32 id, CancellationToken cancellationToken) in C:\Users\Tarek\Desktop\assignment\src\AssignmentManagement.Api\Controllers\SubmissionsController.cs:line 88
   at Microsoft.AspNetCore.Mvc.Infrastructure.ActionMethodExecutor.TaskOfIActionResultExecutor.Execute(ActionContext actionContext, IActionResultTypeMapper mapper, ObjectMethodExecutor executor, Object controller, Object[] arguments)
   at Microsoft.AspNetCore.Mvc.Infrastructure.ControllerActionInvoker.<InvokeActionMethodAsync>g__Awaited|12_0(ControllerActionInvoker invoker, ValueTask`1 actionResultValueTask)
   at Microsoft.AspNetCore.Mvc.Infrastructure.ControllerActionInvoker.<InvokeNextActionFilterAsync>g__Awaited|10_0(ControllerActionInvoker invoker, Task lastTask, State next, Scope scope, Object state, Boolean isCompleted)
   at Microsoft.AspNetCore.Mvc.Infrastructure.ControllerActionInvoker.Rethrow(ActionExecutedContextSealed context)
   at Microsoft.AspNetCore.Mvc.Infrastructure.ControllerActionInvoker.Next(State& next, Scope& scope, Object& state, Boolean& isCompleted)
   at Microsoft.AspNetCore.Mvc.Infrastructure.ControllerActionInvoker.<InvokeInnerFilterAsync>g__Awaited|13_0(ControllerActionInvoker invoker, Task lastTask, State next, Scope scope, Object state, Boolean isCompleted)
   at Microsoft.AspNetCore.Mvc.Infrastructure.ResourceInvoker.<InvokeFilterPipelineAsync>g__Awaited|20_0(ResourceInvoker invoker, Task lastTask, State next, Scope scope, Object state, Boolean isCompleted)
   at Microsoft.AspNetCore.Mvc.Infrastructure.ResourceInvoker.<InvokeAsync>g__Awaited|17_0(ResourceInvoker invoker, Task task, IDisposable scope)
   at Microsoft.AspNetCore.Mvc.Infrastructure.ResourceInvoker.<InvokeAsync>g__Awaited|17_0(ResourceInvoker invoker, Task task, IDisposable scope)
   at Microsoft.AspNetCore.Authorization.AuthorizationMiddleware.Invoke(HttpContext context)
   at Microsoft.AspNetCore.Authentication.AuthenticationMiddleware.Invoke(HttpContext context)
   at Swashbuckle.AspNetCore.SwaggerUI.SwaggerUIMiddleware.Invoke(HttpContext httpContext)
   at Swashbuckle.AspNetCore.Swagger.SwaggerMiddleware.Invoke(HttpContext httpContext, ISwaggerProvider swaggerProvider)
   at AssignmentManagement.Api.Middleware.ExceptionMiddleware.InvokeAsync(HttpContext context) in C:\Users\Tarek\Desktop\assignment\src\AssignmentManagement.Api\Middleware\ExceptionMiddleware.cs:line 23
2026-08-08 10:01:46.386 +06:00 [INF] [AssignmentManagement.Application.Services.SubmissionService] Submission 783 graded with 30/50 marks by User 11
2026-08-08 10:02:04.164 +06:00 [INF] [AssignmentManagement.Application.Services.SubmissionService] Submission 785 graded with 30/50 marks by User 11
2026-08-08 10:06:34.297 +06:00 [INF] [AssignmentManagement.Application.Services.AuthService] User 11 (teacher10@school.edu.bd) logged out
2026-08-08 10:06:35.659 +06:00 [INF] [AssignmentManagement.Application.Services.AuthService] User 11 (teacher10@school.edu.bd) logged in successfully with role "Teacher"
2026-08-08 10:07:56.650 +06:00 [INF] [AssignmentManagement.Application.Services.AuthService] User 11 (teacher10@school.edu.bd) logged out
2026-08-08 10:07:57.677 +06:00 [INF] [AssignmentManagement.Application.Services.AuthService] User 11 (teacher10@school.edu.bd) logged in successfully with role "Teacher"
2026-08-08 10:09:17.346 +06:00 [INF] [AssignmentManagement.Application.Services.AuthService] User 11 (teacher10@school.edu.bd) logged out
2026-08-08 10:09:18.226 +06:00 [INF] [AssignmentManagement.Application.Services.AuthService] User 11 (teacher10@school.edu.bd) logged in successfully with role "Teacher"
2026-08-08 10:09:25.379 +06:00 [INF] [AssignmentManagement.Application.Services.AuthService] User 11 (teacher10@school.edu.bd) logged out
2026-08-08 10:09:26.561 +06:00 [INF] [AssignmentManagement.Application.Services.AuthService] User 11 (teacher10@school.edu.bd) logged in successfully with role "Teacher"
2026-08-08 10:09:37.227 +06:00 [INF] [AssignmentManagement.Application.Services.AuthService] User 11 (teacher10@school.edu.bd) logged out
2026-08-08 10:09:38.218 +06:00 [INF] [AssignmentManagement.Application.Services.AuthService] User 11 (teacher10@school.edu.bd) logged in successfully with role "Teacher"
2026-08-08 10:09:40.417 +06:00 [INF] [AssignmentManagement.Application.Services.AuthService] User 11 (teacher10@school.edu.bd) logged out
2026-08-08 10:09:41.995 +06:00 [INF] [AssignmentManagement.Application.Services.AuthService] User 11 (teacher10@school.edu.bd) logged in successfully with role "Teacher"
2026-08-08 10:09:47.691 +06:00 [INF] [AssignmentManagement.Application.Services.AuthService] User 11 (teacher10@school.edu.bd) logged out
2026-08-08 10:09:48.635 +06:00 [INF] [AssignmentManagement.Application.Services.AuthService] User 11 (teacher10@school.edu.bd) logged in successfully with role "Teacher"
2026-08-08 10:09:55.538 +06:00 [INF] [AssignmentManagement.Application.Services.AuthService] User 11 (teacher10@school.edu.bd) logged out
2026-08-08 10:09:56.385 +06:00 [INF] [AssignmentManagement.Application.Services.AuthService] User 11 (teacher10@school.edu.bd) logged in successfully with role "Teacher"
2026-08-08 10:10:56.202 +06:00 [INF] [AssignmentManagement.Application.Services.AuthService] User 11 (teacher10@school.edu.bd) logged out
2026-08-08 10:10:57.369 +06:00 [INF] [AssignmentManagement.Application.Services.AuthService] User 11 (teacher10@school.edu.bd) logged in successfully with role "Teacher"
2026-08-08 10:11:06.292 +06:00 [INF] [AssignmentManagement.Application.Services.AuthService] User 11 (teacher10@school.edu.bd) logged out
2026-08-08 10:11:07.159 +06:00 [INF] [AssignmentManagement.Application.Services.AuthService] User 11 (teacher10@school.edu.bd) logged in successfully with role "Teacher"
2026-08-08 10:11:41.685 +06:00 [ERR] [AssignmentManagement.Api.Middleware.ExceptionMiddleware] Unhandled exception occurred while processing request GET /api/submissions/103/preview
AssignmentManagement.Application.Common.NotFoundException: The specified submission file does not exist on disk.
   at AssignmentManagement.Infrastructure.Services.StorageService.GetFileAsync(String relativePath, Boolean isDownload, CancellationToken cancellationToken) in C:\Users\Tarek\Desktop\assignment\src\AssignmentManagement.Infrastructure\Services\StorageService.cs:line 129
   at AssignmentManagement.Application.Services.SubmissionService.GetSubmissionFileStreamAsync(Int32 submissionId, Boolean isPreview, CancellationToken cancellationToken) in C:\Users\Tarek\Desktop\assignment\src\AssignmentManagement.Application\Services\SubmissionService.cs:line 230
   at AssignmentManagement.Api.Controllers.SubmissionsController.Preview(Int32 id, CancellationToken cancellationToken) in C:\Users\Tarek\Desktop\assignment\src\AssignmentManagement.Api\Controllers\SubmissionsController.cs:line 88
   at Microsoft.AspNetCore.Mvc.Infrastructure.ActionMethodExecutor.TaskOfIActionResultExecutor.Execute(ActionContext actionContext, IActionResultTypeMapper mapper, ObjectMethodExecutor executor, Object controller, Object[] arguments)
   at Microsoft.AspNetCore.Mvc.Infrastructure.ControllerActionInvoker.<InvokeActionMethodAsync>g__Awaited|12_0(ControllerActionInvoker invoker, ValueTask`1 actionResultValueTask)
   at Microsoft.AspNetCore.Mvc.Infrastructure.ControllerActionInvoker.<InvokeNextActionFilterAsync>g__Awaited|10_0(ControllerActionInvoker invoker, Task lastTask, State next, Scope scope, Object state, Boolean isCompleted)
   at Microsoft.AspNetCore.Mvc.Infrastructure.ControllerActionInvoker.Rethrow(ActionExecutedContextSealed context)
   at Microsoft.AspNetCore.Mvc.Infrastructure.ControllerActionInvoker.Next(State& next, Scope& scope, Object& state, Boolean& isCompleted)
   at Microsoft.AspNetCore.Mvc.Infrastructure.ControllerActionInvoker.<InvokeInnerFilterAsync>g__Awaited|13_0(ControllerActionInvoker invoker, Task lastTask, State next, Scope scope, Object state, Boolean isCompleted)
   at Microsoft.AspNetCore.Mvc.Infrastructure.ResourceInvoker.<InvokeFilterPipelineAsync>g__Awaited|20_0(ResourceInvoker invoker, Task lastTask, State next, Scope scope, Object state, Boolean isCompleted)
   at Microsoft.AspNetCore.Mvc.Infrastructure.ResourceInvoker.<InvokeAsync>g__Awaited|17_0(ResourceInvoker invoker, Task task, IDisposable scope)
   at Microsoft.AspNetCore.Mvc.Infrastructure.ResourceInvoker.<InvokeAsync>g__Awaited|17_0(ResourceInvoker invoker, Task task, IDisposable scope)
   at Microsoft.AspNetCore.Authorization.AuthorizationMiddleware.Invoke(HttpContext context)
   at Microsoft.AspNetCore.Authentication.AuthenticationMiddleware.Invoke(HttpContext context)
   at Swashbuckle.AspNetCore.SwaggerUI.SwaggerUIMiddleware.Invoke(HttpContext httpContext)
   at Swashbuckle.AspNetCore.Swagger.SwaggerMiddleware.Invoke(HttpContext httpContext, ISwaggerProvider swaggerProvider)
   at AssignmentManagement.Api.Middleware.ExceptionMiddleware.InvokeAsync(HttpContext context) in C:\Users\Tarek\Desktop\assignment\src\AssignmentManagement.Api\Middleware\ExceptionMiddleware.cs:line 23
2026-08-08 10:11:41.690 +06:00 [ERR] [AssignmentManagement.Api.Middleware.ExceptionMiddleware] Unhandled exception occurred while processing request GET /api/submissions/103/preview
AssignmentManagement.Application.Common.NotFoundException: The specified submission file does not exist on disk.
   at AssignmentManagement.Infrastructure.Services.StorageService.GetFileAsync(String relativePath, Boolean isDownload, CancellationToken cancellationToken) in C:\Users\Tarek\Desktop\assignment\src\AssignmentManagement.Infrastructure\Services\StorageService.cs:line 129
   at AssignmentManagement.Application.Services.SubmissionService.GetSubmissionFileStreamAsync(Int32 submissionId, Boolean isPreview, CancellationToken cancellationToken) in C:\Users\Tarek\Desktop\assignment\src\AssignmentManagement.Application\Services\SubmissionService.cs:line 230
   at AssignmentManagement.Api.Controllers.SubmissionsController.Preview(Int32 id, CancellationToken cancellationToken) in C:\Users\Tarek\Desktop\assignment\src\AssignmentManagement.Api\Controllers\SubmissionsController.cs:line 88
   at Microsoft.AspNetCore.Mvc.Infrastructure.ActionMethodExecutor.TaskOfIActionResultExecutor.Execute(ActionContext actionContext, IActionResultTypeMapper mapper, ObjectMethodExecutor executor, Object controller, Object[] arguments)
   at Microsoft.AspNetCore.Mvc.Infrastructure.ControllerActionInvoker.<InvokeActionMethodAsync>g__Awaited|12_0(ControllerActionInvoker invoker, ValueTask`1 actionResultValueTask)
   at Microsoft.AspNetCore.Mvc.Infrastructure.ControllerActionInvoker.<InvokeNextActionFilterAsync>g__Awaited|10_0(ControllerActionInvoker invoker, Task lastTask, State next, Scope scope, Object state, Boolean isCompleted)
   at Microsoft.AspNetCore.Mvc.Infrastructure.ControllerActionInvoker.Rethrow(ActionExecutedContextSealed context)
   at Microsoft.AspNetCore.Mvc.Infrastructure.ControllerActionInvoker.Next(State& next, Scope& scope, Object& state, Boolean& isCompleted)
   at Microsoft.AspNetCore.Mvc.Infrastructure.ControllerActionInvoker.<InvokeInnerFilterAsync>g__Awaited|13_0(ControllerActionInvoker invoker, Task lastTask, State next, Scope scope, Object state, Boolean isCompleted)
   at Microsoft.AspNetCore.Mvc.Infrastructure.ResourceInvoker.<InvokeFilterPipelineAsync>g__Awaited|20_0(ResourceInvoker invoker, Task lastTask, State next, Scope scope, Object state, Boolean isCompleted)
   at Microsoft.AspNetCore.Mvc.Infrastructure.ResourceInvoker.<InvokeAsync>g__Awaited|17_0(ResourceInvoker invoker, Task task, IDisposable scope)
   at Microsoft.AspNetCore.Mvc.Infrastructure.ResourceInvoker.<InvokeAsync>g__Awaited|17_0(ResourceInvoker invoker, Task task, IDisposable scope)
   at Microsoft.AspNetCore.Authorization.AuthorizationMiddleware.Invoke(HttpContext context)
   at Microsoft.AspNetCore.Authentication.AuthenticationMiddleware.Invoke(HttpContext context)
   at Swashbuckle.AspNetCore.SwaggerUI.SwaggerUIMiddleware.Invoke(HttpContext httpContext)
   at Swashbuckle.AspNetCore.Swagger.SwaggerMiddleware.Invoke(HttpContext httpContext, ISwaggerProvider swaggerProvider)
   at AssignmentManagement.Api.Middleware.ExceptionMiddleware.InvokeAsync(HttpContext context) in C:\Users\Tarek\Desktop\assignment\src\AssignmentManagement.Api\Middleware\ExceptionMiddleware.cs:line 23
2026-08-08 10:12:22.030 +06:00 [ERR] [AssignmentManagement.Api.Middleware.ExceptionMiddleware] Unhandled exception occurred while processing request GET /api/submissions/100/preview
AssignmentManagement.Application.Common.NotFoundException: The specified submission file does not exist on disk.
   at AssignmentManagement.Infrastructure.Services.StorageService.GetFileAsync(String relativePath, Boolean isDownload, CancellationToken cancellationToken) in C:\Users\Tarek\Desktop\assignment\src\AssignmentManagement.Infrastructure\Services\StorageService.cs:line 129
   at AssignmentManagement.Application.Services.SubmissionService.GetSubmissionFileStreamAsync(Int32 submissionId, Boolean isPreview, CancellationToken cancellationToken) in C:\Users\Tarek\Desktop\assignment\src\AssignmentManagement.Application\Services\SubmissionService.cs:line 230
   at AssignmentManagement.Api.Controllers.SubmissionsController.Preview(Int32 id, CancellationToken cancellationToken) in C:\Users\Tarek\Desktop\assignment\src\AssignmentManagement.Api\Controllers\SubmissionsController.cs:line 88
   at Microsoft.AspNetCore.Mvc.Infrastructure.ActionMethodExecutor.TaskOfIActionResultExecutor.Execute(ActionContext actionContext, IActionResultTypeMapper mapper, ObjectMethodExecutor executor, Object controller, Object[] arguments)
   at Microsoft.AspNetCore.Mvc.Infrastructure.ControllerActionInvoker.<InvokeActionMethodAsync>g__Awaited|12_0(ControllerActionInvoker invoker, ValueTask`1 actionResultValueTask)
   at Microsoft.AspNetCore.Mvc.Infrastructure.ControllerActionInvoker.<InvokeNextActionFilterAsync>g__Awaited|10_0(ControllerActionInvoker invoker, Task lastTask, State next, Scope scope, Object state, Boolean isCompleted)
   at Microsoft.AspNetCore.Mvc.Infrastructure.ControllerActionInvoker.Rethrow(ActionExecutedContextSealed context)
   at Microsoft.AspNetCore.Mvc.Infrastructure.ControllerActionInvoker.Next(State& next, Scope& scope, Object& state, Boolean& isCompleted)
   at Microsoft.AspNetCore.Mvc.Infrastructure.ControllerActionInvoker.<InvokeInnerFilterAsync>g__Awaited|13_0(ControllerActionInvoker invoker, Task lastTask, State next, Scope scope, Object state, Boolean isCompleted)
   at Microsoft.AspNetCore.Mvc.Infrastructure.ResourceInvoker.<InvokeFilterPipelineAsync>g__Awaited|20_0(ResourceInvoker invoker, Task lastTask, State next, Scope scope, Object state, Boolean isCompleted)
   at Microsoft.AspNetCore.Mvc.Infrastructure.ResourceInvoker.<InvokeAsync>g__Awaited|17_0(ResourceInvoker invoker, Task task, IDisposable scope)
   at Microsoft.AspNetCore.Mvc.Infrastructure.ResourceInvoker.<InvokeAsync>g__Awaited|17_0(ResourceInvoker invoker, Task task, IDisposable scope)
   at Microsoft.AspNetCore.Authorization.AuthorizationMiddleware.Invoke(HttpContext context)
   at Microsoft.AspNetCore.Authentication.AuthenticationMiddleware.Invoke(HttpContext context)
   at Swashbuckle.AspNetCore.SwaggerUI.SwaggerUIMiddleware.Invoke(HttpContext httpContext)
   at Swashbuckle.AspNetCore.Swagger.SwaggerMiddleware.Invoke(HttpContext httpContext, ISwaggerProvider swaggerProvider)
   at AssignmentManagement.Api.Middleware.ExceptionMiddleware.InvokeAsync(HttpContext context) in C:\Users\Tarek\Desktop\assignment\src\AssignmentManagement.Api\Middleware\ExceptionMiddleware.cs:line 23
2026-08-08 10:12:22.035 +06:00 [ERR] [AssignmentManagement.Api.Middleware.ExceptionMiddleware] Unhandled exception occurred while processing request GET /api/submissions/100/preview
AssignmentManagement.Application.Common.NotFoundException: The specified submission file does not exist on disk.
   at AssignmentManagement.Infrastructure.Services.StorageService.GetFileAsync(String relativePath, Boolean isDownload, CancellationToken cancellationToken) in C:\Users\Tarek\Desktop\assignment\src\AssignmentManagement.Infrastructure\Services\StorageService.cs:line 129
   at AssignmentManagement.Application.Services.SubmissionService.GetSubmissionFileStreamAsync(Int32 submissionId, Boolean isPreview, CancellationToken cancellationToken) in C:\Users\Tarek\Desktop\assignment\src\AssignmentManagement.Application\Services\SubmissionService.cs:line 230
   at AssignmentManagement.Api.Controllers.SubmissionsController.Preview(Int32 id, CancellationToken cancellationToken) in C:\Users\Tarek\Desktop\assignment\src\AssignmentManagement.Api\Controllers\SubmissionsController.cs:line 88
   at Microsoft.AspNetCore.Mvc.Infrastructure.ActionMethodExecutor.TaskOfIActionResultExecutor.Execute(ActionContext actionContext, IActionResultTypeMapper mapper, ObjectMethodExecutor executor, Object controller, Object[] arguments)
   at Microsoft.AspNetCore.Mvc.Infrastructure.ControllerActionInvoker.<InvokeActionMethodAsync>g__Awaited|12_0(ControllerActionInvoker invoker, ValueTask`1 actionResultValueTask)
   at Microsoft.AspNetCore.Mvc.Infrastructure.ControllerActionInvoker.<InvokeNextActionFilterAsync>g__Awaited|10_0(ControllerActionInvoker invoker, Task lastTask, State next, Scope scope, Object state, Boolean isCompleted)
   at Microsoft.AspNetCore.Mvc.Infrastructure.ControllerActionInvoker.Rethrow(ActionExecutedContextSealed context)
   at Microsoft.AspNetCore.Mvc.Infrastructure.ControllerActionInvoker.Next(State& next, Scope& scope, Object& state, Boolean& isCompleted)
   at Microsoft.AspNetCore.Mvc.Infrastructure.ControllerActionInvoker.<InvokeInnerFilterAsync>g__Awaited|13_0(ControllerActionInvoker invoker, Task lastTask, State next, Scope scope, Object state, Boolean isCompleted)
   at Microsoft.AspNetCore.Mvc.Infrastructure.ResourceInvoker.<InvokeFilterPipelineAsync>g__Awaited|20_0(ResourceInvoker invoker, Task lastTask, State next, Scope scope, Object state, Boolean isCompleted)
   at Microsoft.AspNetCore.Mvc.Infrastructure.ResourceInvoker.<InvokeAsync>g__Awaited|17_0(ResourceInvoker invoker, Task task, IDisposable scope)
   at Microsoft.AspNetCore.Mvc.Infrastructure.ResourceInvoker.<InvokeAsync>g__Awaited|17_0(ResourceInvoker invoker, Task task, IDisposable scope)
   at Microsoft.AspNetCore.Authorization.AuthorizationMiddleware.Invoke(HttpContext context)
   at Microsoft.AspNetCore.Authentication.AuthenticationMiddleware.Invoke(HttpContext context)
   at Swashbuckle.AspNetCore.SwaggerUI.SwaggerUIMiddleware.Invoke(HttpContext httpContext)
   at Swashbuckle.AspNetCore.Swagger.SwaggerMiddleware.Invoke(HttpContext httpContext, ISwaggerProvider swaggerProvider)
   at AssignmentManagement.Api.Middleware.ExceptionMiddleware.InvokeAsync(HttpContext context) in C:\Users\Tarek\Desktop\assignment\src\AssignmentManagement.Api\Middleware\ExceptionMiddleware.cs:line 23
2026-08-08 10:12:24.205 +06:00 [ERR] [AssignmentManagement.Api.Middleware.ExceptionMiddleware] Unhandled exception occurred while processing request GET /api/submissions/100/preview
AssignmentManagement.Application.Common.NotFoundException: The specified submission file does not exist on disk.
   at AssignmentManagement.Infrastructure.Services.StorageService.GetFileAsync(String relativePath, Boolean isDownload, CancellationToken cancellationToken) in C:\Users\Tarek\Desktop\assignment\src\AssignmentManagement.Infrastructure\Services\StorageService.cs:line 129
   at AssignmentManagement.Application.Services.SubmissionService.GetSubmissionFileStreamAsync(Int32 submissionId, Boolean isPreview, CancellationToken cancellationToken) in C:\Users\Tarek\Desktop\assignment\src\AssignmentManagement.Application\Services\SubmissionService.cs:line 230
   at AssignmentManagement.Api.Controllers.SubmissionsController.Preview(Int32 id, CancellationToken cancellationToken) in C:\Users\Tarek\Desktop\assignment\src\AssignmentManagement.Api\Controllers\SubmissionsController.cs:line 88
   at Microsoft.AspNetCore.Mvc.Infrastructure.ActionMethodExecutor.TaskOfIActionResultExecutor.Execute(ActionContext actionContext, IActionResultTypeMapper mapper, ObjectMethodExecutor executor, Object controller, Object[] arguments)
   at Microsoft.AspNetCore.Mvc.Infrastructure.ControllerActionInvoker.<InvokeActionMethodAsync>g__Awaited|12_0(ControllerActionInvoker invoker, ValueTask`1 actionResultValueTask)
   at Microsoft.AspNetCore.Mvc.Infrastructure.ControllerActionInvoker.<InvokeNextActionFilterAsync>g__Awaited|10_0(ControllerActionInvoker invoker, Task lastTask, State next, Scope scope, Object state, Boolean isCompleted)
   at Microsoft.AspNetCore.Mvc.Infrastructure.ControllerActionInvoker.Rethrow(ActionExecutedContextSealed context)
   at Microsoft.AspNetCore.Mvc.Infrastructure.ControllerActionInvoker.Next(State& next, Scope& scope, Object& state, Boolean& isCompleted)
   at Microsoft.AspNetCore.Mvc.Infrastructure.ControllerActionInvoker.<InvokeInnerFilterAsync>g__Awaited|13_0(ControllerActionInvoker invoker, Task lastTask, State next, Scope scope, Object state, Boolean isCompleted)
   at Microsoft.AspNetCore.Mvc.Infrastructure.ResourceInvoker.<InvokeFilterPipelineAsync>g__Awaited|20_0(ResourceInvoker invoker, Task lastTask, State next, Scope scope, Object state, Boolean isCompleted)
   at Microsoft.AspNetCore.Mvc.Infrastructure.ResourceInvoker.<InvokeAsync>g__Awaited|17_0(ResourceInvoker invoker, Task task, IDisposable scope)
   at Microsoft.AspNetCore.Mvc.Infrastructure.ResourceInvoker.<InvokeAsync>g__Awaited|17_0(ResourceInvoker invoker, Task task, IDisposable scope)
   at Microsoft.AspNetCore.Authorization.AuthorizationMiddleware.Invoke(HttpContext context)
   at Microsoft.AspNetCore.Authentication.AuthenticationMiddleware.Invoke(HttpContext context)
   at Swashbuckle.AspNetCore.SwaggerUI.SwaggerUIMiddleware.Invoke(HttpContext httpContext)
   at Swashbuckle.AspNetCore.Swagger.SwaggerMiddleware.Invoke(HttpContext httpContext, ISwaggerProvider swaggerProvider)
   at AssignmentManagement.Api.Middleware.ExceptionMiddleware.InvokeAsync(HttpContext context) in C:\Users\Tarek\Desktop\assignment\src\AssignmentManagement.Api\Middleware\ExceptionMiddleware.cs:line 23
2026-08-08 10:12:26.877 +06:00 [ERR] [AssignmentManagement.Api.Middleware.ExceptionMiddleware] Unhandled exception occurred while processing request GET /api/submissions/105/preview
AssignmentManagement.Application.Common.NotFoundException: The specified submission file does not exist on disk.
   at AssignmentManagement.Infrastructure.Services.StorageService.GetFileAsync(String relativePath, Boolean isDownload, CancellationToken cancellationToken) in C:\Users\Tarek\Desktop\assignment\src\AssignmentManagement.Infrastructure\Services\StorageService.cs:line 129
   at AssignmentManagement.Application.Services.SubmissionService.GetSubmissionFileStreamAsync(Int32 submissionId, Boolean isPreview, CancellationToken cancellationToken) in C:\Users\Tarek\Desktop\assignment\src\AssignmentManagement.Application\Services\SubmissionService.cs:line 230
   at AssignmentManagement.Api.Controllers.SubmissionsController.Preview(Int32 id, CancellationToken cancellationToken) in C:\Users\Tarek\Desktop\assignment\src\AssignmentManagement.Api\Controllers\SubmissionsController.cs:line 88
   at Microsoft.AspNetCore.Mvc.Infrastructure.ActionMethodExecutor.TaskOfIActionResultExecutor.Execute(ActionContext actionContext, IActionResultTypeMapper mapper, ObjectMethodExecutor executor, Object controller, Object[] arguments)
   at Microsoft.AspNetCore.Mvc.Infrastructure.ControllerActionInvoker.<InvokeActionMethodAsync>g__Awaited|12_0(ControllerActionInvoker invoker, ValueTask`1 actionResultValueTask)
   at Microsoft.AspNetCore.Mvc.Infrastructure.ControllerActionInvoker.<InvokeNextActionFilterAsync>g__Awaited|10_0(ControllerActionInvoker invoker, Task lastTask, State next, Scope scope, Object state, Boolean isCompleted)
   at Microsoft.AspNetCore.Mvc.Infrastructure.ControllerActionInvoker.Rethrow(ActionExecutedContextSealed context)
   at Microsoft.AspNetCore.Mvc.Infrastructure.ControllerActionInvoker.Next(State& next, Scope& scope, Object& state, Boolean& isCompleted)
   at Microsoft.AspNetCore.Mvc.Infrastructure.ControllerActionInvoker.<InvokeInnerFilterAsync>g__Awaited|13_0(ControllerActionInvoker invoker, Task lastTask, State next, Scope scope, Object state, Boolean isCompleted)
   at Microsoft.AspNetCore.Mvc.Infrastructure.ResourceInvoker.<InvokeFilterPipelineAsync>g__Awaited|20_0(ResourceInvoker invoker, Task lastTask, State next, Scope scope, Object state, Boolean isCompleted)
   at Microsoft.AspNetCore.Mvc.Infrastructure.ResourceInvoker.<InvokeAsync>g__Awaited|17_0(ResourceInvoker invoker, Task task, IDisposable scope)
   at Microsoft.AspNetCore.Mvc.Infrastructure.ResourceInvoker.<InvokeAsync>g__Awaited|17_0(ResourceInvoker invoker, Task task, IDisposable scope)
   at Microsoft.AspNetCore.Authorization.AuthorizationMiddleware.Invoke(HttpContext context)
   at Microsoft.AspNetCore.Authentication.AuthenticationMiddleware.Invoke(HttpContext context)
   at Swashbuckle.AspNetCore.SwaggerUI.SwaggerUIMiddleware.Invoke(HttpContext httpContext)
   at Swashbuckle.AspNetCore.Swagger.SwaggerMiddleware.Invoke(HttpContext httpContext, ISwaggerProvider swaggerProvider)
   at AssignmentManagement.Api.Middleware.ExceptionMiddleware.InvokeAsync(HttpContext context) in C:\Users\Tarek\Desktop\assignment\src\AssignmentManagement.Api\Middleware\ExceptionMiddleware.cs:line 23
2026-08-08 10:12:26.881 +06:00 [ERR] [AssignmentManagement.Api.Middleware.ExceptionMiddleware] Unhandled exception occurred while processing request GET /api/submissions/105/preview
AssignmentManagement.Application.Common.NotFoundException: The specified submission file does not exist on disk.
   at AssignmentManagement.Infrastructure.Services.StorageService.GetFileAsync(String relativePath, Boolean isDownload, CancellationToken cancellationToken) in C:\Users\Tarek\Desktop\assignment\src\AssignmentManagement.Infrastructure\Services\StorageService.cs:line 129
   at AssignmentManagement.Application.Services.SubmissionService.GetSubmissionFileStreamAsync(Int32 submissionId, Boolean isPreview, CancellationToken cancellationToken) in C:\Users\Tarek\Desktop\assignment\src\AssignmentManagement.Application\Services\SubmissionService.cs:line 230
   at AssignmentManagement.Api.Controllers.SubmissionsController.Preview(Int32 id, CancellationToken cancellationToken) in C:\Users\Tarek\Desktop\assignment\src\AssignmentManagement.Api\Controllers\SubmissionsController.cs:line 88
   at Microsoft.AspNetCore.Mvc.Infrastructure.ActionMethodExecutor.TaskOfIActionResultExecutor.Execute(ActionContext actionContext, IActionResultTypeMapper mapper, ObjectMethodExecutor executor, Object controller, Object[] arguments)
   at Microsoft.AspNetCore.Mvc.Infrastructure.ControllerActionInvoker.<InvokeActionMethodAsync>g__Awaited|12_0(ControllerActionInvoker invoker, ValueTask`1 actionResultValueTask)
   at Microsoft.AspNetCore.Mvc.Infrastructure.ControllerActionInvoker.<InvokeNextActionFilterAsync>g__Awaited|10_0(ControllerActionInvoker invoker, Task lastTask, State next, Scope scope, Object state, Boolean isCompleted)
   at Microsoft.AspNetCore.Mvc.Infrastructure.ControllerActionInvoker.Rethrow(ActionExecutedContextSealed context)
   at Microsoft.AspNetCore.Mvc.Infrastructure.ControllerActionInvoker.Next(State& next, Scope& scope, Object& state, Boolean& isCompleted)
   at Microsoft.AspNetCore.Mvc.Infrastructure.ControllerActionInvoker.<InvokeInnerFilterAsync>g__Awaited|13_0(ControllerActionInvoker invoker, Task lastTask, State next, Scope scope, Object state, Boolean isCompleted)
   at Microsoft.AspNetCore.Mvc.Infrastructure.ResourceInvoker.<InvokeFilterPipelineAsync>g__Awaited|20_0(ResourceInvoker invoker, Task lastTask, State next, Scope scope, Object state, Boolean isCompleted)
   at Microsoft.AspNetCore.Mvc.Infrastructure.ResourceInvoker.<InvokeAsync>g__Awaited|17_0(ResourceInvoker invoker, Task task, IDisposable scope)
   at Microsoft.AspNetCore.Mvc.Infrastructure.ResourceInvoker.<InvokeAsync>g__Awaited|17_0(ResourceInvoker invoker, Task task, IDisposable scope)
   at Microsoft.AspNetCore.Authorization.AuthorizationMiddleware.Invoke(HttpContext context)
   at Microsoft.AspNetCore.Authentication.AuthenticationMiddleware.Invoke(HttpContext context)
   at Swashbuckle.AspNetCore.SwaggerUI.SwaggerUIMiddleware.Invoke(HttpContext httpContext)
   at Swashbuckle.AspNetCore.Swagger.SwaggerMiddleware.Invoke(HttpContext httpContext, ISwaggerProvider swaggerProvider)
   at AssignmentManagement.Api.Middleware.ExceptionMiddleware.InvokeAsync(HttpContext context) in C:\Users\Tarek\Desktop\assignment\src\AssignmentManagement.Api\Middleware\ExceptionMiddleware.cs:line 23
2026-08-08 10:12:31.070 +06:00 [ERR] [AssignmentManagement.Api.Middleware.ExceptionMiddleware] Unhandled exception occurred while processing request GET /api/submissions/100/preview
AssignmentManagement.Application.Common.NotFoundException: The specified submission file does not exist on disk.
   at AssignmentManagement.Infrastructure.Services.StorageService.GetFileAsync(String relativePath, Boolean isDownload, CancellationToken cancellationToken) in C:\Users\Tarek\Desktop\assignment\src\AssignmentManagement.Infrastructure\Services\StorageService.cs:line 129
   at AssignmentManagement.Application.Services.SubmissionService.GetSubmissionFileStreamAsync(Int32 submissionId, Boolean isPreview, CancellationToken cancellationToken) in C:\Users\Tarek\Desktop\assignment\src\AssignmentManagement.Application\Services\SubmissionService.cs:line 230
   at AssignmentManagement.Api.Controllers.SubmissionsController.Preview(Int32 id, CancellationToken cancellationToken) in C:\Users\Tarek\Desktop\assignment\src\AssignmentManagement.Api\Controllers\SubmissionsController.cs:line 88
   at Microsoft.AspNetCore.Mvc.Infrastructure.ActionMethodExecutor.TaskOfIActionResultExecutor.Execute(ActionContext actionContext, IActionResultTypeMapper mapper, ObjectMethodExecutor executor, Object controller, Object[] arguments)
   at Microsoft.AspNetCore.Mvc.Infrastructure.ControllerActionInvoker.<InvokeActionMethodAsync>g__Awaited|12_0(ControllerActionInvoker invoker, ValueTask`1 actionResultValueTask)
   at Microsoft.AspNetCore.Mvc.Infrastructure.ControllerActionInvoker.<InvokeNextActionFilterAsync>g__Awaited|10_0(ControllerActionInvoker invoker, Task lastTask, State next, Scope scope, Object state, Boolean isCompleted)
   at Microsoft.AspNetCore.Mvc.Infrastructure.ControllerActionInvoker.Rethrow(ActionExecutedContextSealed context)
   at Microsoft.AspNetCore.Mvc.Infrastructure.ControllerActionInvoker.Next(State& next, Scope& scope, Object& state, Boolean& isCompleted)
   at Microsoft.AspNetCore.Mvc.Infrastructure.ControllerActionInvoker.<InvokeInnerFilterAsync>g__Awaited|13_0(ControllerActionInvoker invoker, Task lastTask, State next, Scope scope, Object state, Boolean isCompleted)
   at Microsoft.AspNetCore.Mvc.Infrastructure.ResourceInvoker.<InvokeFilterPipelineAsync>g__Awaited|20_0(ResourceInvoker invoker, Task lastTask, State next, Scope scope, Object state, Boolean isCompleted)
   at Microsoft.AspNetCore.Mvc.Infrastructure.ResourceInvoker.<InvokeAsync>g__Awaited|17_0(ResourceInvoker invoker, Task task, IDisposable scope)
   at Microsoft.AspNetCore.Mvc.Infrastructure.ResourceInvoker.<InvokeAsync>g__Awaited|17_0(ResourceInvoker invoker, Task task, IDisposable scope)
   at Microsoft.AspNetCore.Authorization.AuthorizationMiddleware.Invoke(HttpContext context)
   at Microsoft.AspNetCore.Authentication.AuthenticationMiddleware.Invoke(HttpContext context)
   at Swashbuckle.AspNetCore.SwaggerUI.SwaggerUIMiddleware.Invoke(HttpContext httpContext)
   at Swashbuckle.AspNetCore.Swagger.SwaggerMiddleware.Invoke(HttpContext httpContext, ISwaggerProvider swaggerProvider)
   at AssignmentManagement.Api.Middleware.ExceptionMiddleware.InvokeAsync(HttpContext context) in C:\Users\Tarek\Desktop\assignment\src\AssignmentManagement.Api\Middleware\ExceptionMiddleware.cs:line 23
2026-08-08 10:12:44.760 +06:00 [INF] [Microsoft.Hosting.Lifetime] Now listening on: http://localhost:5000
2026-08-08 10:12:44.781 +06:00 [INF] [Microsoft.Hosting.Lifetime] Application started. Press Ctrl+C to shut down.
2026-08-08 10:12:44.782 +06:00 [INF] [Microsoft.Hosting.Lifetime] Hosting environment: Production
2026-08-08 10:12:44.782 +06:00 [INF] [Microsoft.Hosting.Lifetime] Content root path: C:\Users\Tarek\Desktop\assignment\src\AssignmentManagement.Api
2026-08-08 10:12:44.932 +06:00 [WRN] [Microsoft.AspNetCore.HttpsPolicy.HttpsRedirectionMiddleware] Failed to determine the https port for redirect.
2026-08-08 10:12:45.005 +06:00 [INF] [AssignmentManagement.Application.Services.AuthService] User 11 (teacher10@school.edu.bd) logged out
2026-08-08 10:12:53.945 +06:00 [INF] [AssignmentManagement.Application.Services.AuthService] User 93 (student77@school.edu.bd) logged in successfully with role "Student"
2026-08-08 10:13:14.006 +06:00 [INF] [AssignmentManagement.Application.Services.AuthService] User 93 (student77@school.edu.bd) logged out
2026-08-08 10:13:16.923 +06:00 [INF] [AssignmentManagement.Application.Services.AuthService] User 1 (admin@example.com) logged in successfully with role "Admin"
2026-08-08 10:13:55.466 +06:00 [INF] [AssignmentManagement.Application.Services.AuthService] User 1 (admin@example.com) logged out
2026-08-08 10:13:57.891 +06:00 [INF] [AssignmentManagement.Application.Services.AuthService] User 11 (teacher10@school.edu.bd) logged in successfully with role "Teacher"
2026-08-08 10:14:03.006 +06:00 [ERR] [AssignmentManagement.Api.Middleware.ExceptionMiddleware] Unhandled exception occurred while processing request GET /api/submissions/103/preview
AssignmentManagement.Application.Common.NotFoundException: The specified submission file does not exist on disk.
   at AssignmentManagement.Infrastructure.Services.StorageService.GetFileAsync(String relativePath, Boolean isDownload, CancellationToken cancellationToken) in C:\Users\Tarek\Desktop\assignment\src\AssignmentManagement.Infrastructure\Services\StorageService.cs:line 139
   at AssignmentManagement.Application.Services.SubmissionService.GetSubmissionFileStreamAsync(Int32 submissionId, Boolean isPreview, CancellationToken cancellationToken) in C:\Users\Tarek\Desktop\assignment\src\AssignmentManagement.Application\Services\SubmissionService.cs:line 230
   at AssignmentManagement.Api.Controllers.SubmissionsController.Preview(Int32 id, CancellationToken cancellationToken) in C:\Users\Tarek\Desktop\assignment\src\AssignmentManagement.Api\Controllers\SubmissionsController.cs:line 88
   at Microsoft.AspNetCore.Mvc.Infrastructure.ActionMethodExecutor.TaskOfIActionResultExecutor.Execute(ActionContext actionContext, IActionResultTypeMapper mapper, ObjectMethodExecutor executor, Object controller, Object[] arguments)
   at Microsoft.AspNetCore.Mvc.Infrastructure.ControllerActionInvoker.<InvokeActionMethodAsync>g__Awaited|12_0(ControllerActionInvoker invoker, ValueTask`1 actionResultValueTask)
   at Microsoft.AspNetCore.Mvc.Infrastructure.ControllerActionInvoker.<InvokeNextActionFilterAsync>g__Awaited|10_0(ControllerActionInvoker invoker, Task lastTask, State next, Scope scope, Object state, Boolean isCompleted)
   at Microsoft.AspNetCore.Mvc.Infrastructure.ControllerActionInvoker.Rethrow(ActionExecutedContextSealed context)
   at Microsoft.AspNetCore.Mvc.Infrastructure.ControllerActionInvoker.Next(State& next, Scope& scope, Object& state, Boolean& isCompleted)
   at Microsoft.AspNetCore.Mvc.Infrastructure.ControllerActionInvoker.<InvokeInnerFilterAsync>g__Awaited|13_0(ControllerActionInvoker invoker, Task lastTask, State next, Scope scope, Object state, Boolean isCompleted)
   at Microsoft.AspNetCore.Mvc.Infrastructure.ResourceInvoker.<InvokeFilterPipelineAsync>g__Awaited|20_0(ResourceInvoker invoker, Task lastTask, State next, Scope scope, Object state, Boolean isCompleted)
   at Microsoft.AspNetCore.Mvc.Infrastructure.ResourceInvoker.<InvokeAsync>g__Awaited|17_0(ResourceInvoker invoker, Task task, IDisposable scope)
   at Microsoft.AspNetCore.Mvc.Infrastructure.ResourceInvoker.<InvokeAsync>g__Awaited|17_0(ResourceInvoker invoker, Task task, IDisposable scope)
   at Microsoft.AspNetCore.Authorization.AuthorizationMiddleware.Invoke(HttpContext context)
   at Microsoft.AspNetCore.Authentication.AuthenticationMiddleware.Invoke(HttpContext context)
   at Swashbuckle.AspNetCore.SwaggerUI.SwaggerUIMiddleware.Invoke(HttpContext httpContext)
   at Swashbuckle.AspNetCore.Swagger.SwaggerMiddleware.Invoke(HttpContext httpContext, ISwaggerProvider swaggerProvider)
   at AssignmentManagement.Api.Middleware.ExceptionMiddleware.InvokeAsync(HttpContext context) in C:\Users\Tarek\Desktop\assignment\src\AssignmentManagement.Api\Middleware\ExceptionMiddleware.cs:line 23
2026-08-08 10:14:03.049 +06:00 [ERR] [AssignmentManagement.Api.Middleware.ExceptionMiddleware] Unhandled exception occurred while processing request GET /api/submissions/103/preview
AssignmentManagement.Application.Common.NotFoundException: The specified submission file does not exist on disk.
   at AssignmentManagement.Infrastructure.Services.StorageService.GetFileAsync(String relativePath, Boolean isDownload, CancellationToken cancellationToken) in C:\Users\Tarek\Desktop\assignment\src\AssignmentManagement.Infrastructure\Services\StorageService.cs:line 139
   at AssignmentManagement.Application.Services.SubmissionService.GetSubmissionFileStreamAsync(Int32 submissionId, Boolean isPreview, CancellationToken cancellationToken) in C:\Users\Tarek\Desktop\assignment\src\AssignmentManagement.Application\Services\SubmissionService.cs:line 230
   at AssignmentManagement.Api.Controllers.SubmissionsController.Preview(Int32 id, CancellationToken cancellationToken) in C:\Users\Tarek\Desktop\assignment\src\AssignmentManagement.Api\Controllers\SubmissionsController.cs:line 88
   at Microsoft.AspNetCore.Mvc.Infrastructure.ActionMethodExecutor.TaskOfIActionResultExecutor.Execute(ActionContext actionContext, IActionResultTypeMapper mapper, ObjectMethodExecutor executor, Object controller, Object[] arguments)
   at Microsoft.AspNetCore.Mvc.Infrastructure.ControllerActionInvoker.<InvokeActionMethodAsync>g__Awaited|12_0(ControllerActionInvoker invoker, ValueTask`1 actionResultValueTask)
   at Microsoft.AspNetCore.Mvc.Infrastructure.ControllerActionInvoker.<InvokeNextActionFilterAsync>g__Awaited|10_0(ControllerActionInvoker invoker, Task lastTask, State next, Scope scope, Object state, Boolean isCompleted)
   at Microsoft.AspNetCore.Mvc.Infrastructure.ControllerActionInvoker.Rethrow(ActionExecutedContextSealed context)
   at Microsoft.AspNetCore.Mvc.Infrastructure.ControllerActionInvoker.Next(State& next, Scope& scope, Object& state, Boolean& isCompleted)
   at Microsoft.AspNetCore.Mvc.Infrastructure.ControllerActionInvoker.<InvokeInnerFilterAsync>g__Awaited|13_0(ControllerActionInvoker invoker, Task lastTask, State next, Scope scope, Object state, Boolean isCompleted)
   at Microsoft.AspNetCore.Mvc.Infrastructure.ResourceInvoker.<InvokeFilterPipelineAsync>g__Awaited|20_0(ResourceInvoker invoker, Task lastTask, State next, Scope scope, Object state, Boolean isCompleted)
   at Microsoft.AspNetCore.Mvc.Infrastructure.ResourceInvoker.<InvokeAsync>g__Awaited|17_0(ResourceInvoker invoker, Task task, IDisposable scope)
   at Microsoft.AspNetCore.Mvc.Infrastructure.ResourceInvoker.<InvokeAsync>g__Awaited|17_0(ResourceInvoker invoker, Task task, IDisposable scope)
   at Microsoft.AspNetCore.Authorization.AuthorizationMiddleware.Invoke(HttpContext context)
   at Microsoft.AspNetCore.Authentication.AuthenticationMiddleware.Invoke(HttpContext context)
   at Swashbuckle.AspNetCore.SwaggerUI.SwaggerUIMiddleware.Invoke(HttpContext httpContext)
   at Swashbuckle.AspNetCore.Swagger.SwaggerMiddleware.Invoke(HttpContext httpContext, ISwaggerProvider swaggerProvider)
   at AssignmentManagement.Api.Middleware.ExceptionMiddleware.InvokeAsync(HttpContext context) in C:\Users\Tarek\Desktop\assignment\src\AssignmentManagement.Api\Middleware\ExceptionMiddleware.cs:line 23
2026-08-08 10:14:05.821 +06:00 [ERR] [AssignmentManagement.Api.Middleware.ExceptionMiddleware] Unhandled exception occurred while processing request GET /api/submissions/103/preview
AssignmentManagement.Application.Common.NotFoundException: The specified submission file does not exist on disk.
   at AssignmentManagement.Infrastructure.Services.StorageService.GetFileAsync(String relativePath, Boolean isDownload, CancellationToken cancellationToken) in C:\Users\Tarek\Desktop\assignment\src\AssignmentManagement.Infrastructure\Services\StorageService.cs:line 139
   at AssignmentManagement.Application.Services.SubmissionService.GetSubmissionFileStreamAsync(Int32 submissionId, Boolean isPreview, CancellationToken cancellationToken) in C:\Users\Tarek\Desktop\assignment\src\AssignmentManagement.Application\Services\SubmissionService.cs:line 230
   at AssignmentManagement.Api.Controllers.SubmissionsController.Preview(Int32 id, CancellationToken cancellationToken) in C:\Users\Tarek\Desktop\assignment\src\AssignmentManagement.Api\Controllers\SubmissionsController.cs:line 88
   at Microsoft.AspNetCore.Mvc.Infrastructure.ActionMethodExecutor.TaskOfIActionResultExecutor.Execute(ActionContext actionContext, IActionResultTypeMapper mapper, ObjectMethodExecutor executor, Object controller, Object[] arguments)
   at Microsoft.AspNetCore.Mvc.Infrastructure.ControllerActionInvoker.<InvokeActionMethodAsync>g__Awaited|12_0(ControllerActionInvoker invoker, ValueTask`1 actionResultValueTask)
   at Microsoft.AspNetCore.Mvc.Infrastructure.ControllerActionInvoker.<InvokeNextActionFilterAsync>g__Awaited|10_0(ControllerActionInvoker invoker, Task lastTask, State next, Scope scope, Object state, Boolean isCompleted)
   at Microsoft.AspNetCore.Mvc.Infrastructure.ControllerActionInvoker.Rethrow(ActionExecutedContextSealed context)
   at Microsoft.AspNetCore.Mvc.Infrastructure.ControllerActionInvoker.Next(State& next, Scope& scope, Object& state, Boolean& isCompleted)
   at Microsoft.AspNetCore.Mvc.Infrastructure.ControllerActionInvoker.<InvokeInnerFilterAsync>g__Awaited|13_0(ControllerActionInvoker invoker, Task lastTask, State next, Scope scope, Object state, Boolean isCompleted)
   at Microsoft.AspNetCore.Mvc.Infrastructure.ResourceInvoker.<InvokeFilterPipelineAsync>g__Awaited|20_0(ResourceInvoker invoker, Task lastTask, State next, Scope scope, Object state, Boolean isCompleted)
   at Microsoft.AspNetCore.Mvc.Infrastructure.ResourceInvoker.<InvokeAsync>g__Awaited|17_0(ResourceInvoker invoker, Task task, IDisposable scope)
   at Microsoft.AspNetCore.Mvc.Infrastructure.ResourceInvoker.<InvokeAsync>g__Awaited|17_0(ResourceInvoker invoker, Task task, IDisposable scope)
   at Microsoft.AspNetCore.Authorization.AuthorizationMiddleware.Invoke(HttpContext context)
   at Microsoft.AspNetCore.Authentication.AuthenticationMiddleware.Invoke(HttpContext context)
   at Swashbuckle.AspNetCore.SwaggerUI.SwaggerUIMiddleware.Invoke(HttpContext httpContext)
   at Swashbuckle.AspNetCore.Swagger.SwaggerMiddleware.Invoke(HttpContext httpContext, ISwaggerProvider swaggerProvider)
   at AssignmentManagement.Api.Middleware.ExceptionMiddleware.InvokeAsync(HttpContext context) in C:\Users\Tarek\Desktop\assignment\src\AssignmentManagement.Api\Middleware\ExceptionMiddleware.cs:line 23
2026-08-08 10:14:05.826 +06:00 [ERR] [AssignmentManagement.Api.Middleware.ExceptionMiddleware] Unhandled exception occurred while processing request GET /api/submissions/103/preview
AssignmentManagement.Application.Common.NotFoundException: The specified submission file does not exist on disk.
   at AssignmentManagement.Infrastructure.Services.StorageService.GetFileAsync(String relativePath, Boolean isDownload, CancellationToken cancellationToken) in C:\Users\Tarek\Desktop\assignment\src\AssignmentManagement.Infrastructure\Services\StorageService.cs:line 139
   at AssignmentManagement.Application.Services.SubmissionService.GetSubmissionFileStreamAsync(Int32 submissionId, Boolean isPreview, CancellationToken cancellationToken) in C:\Users\Tarek\Desktop\assignment\src\AssignmentManagement.Application\Services\SubmissionService.cs:line 230
   at AssignmentManagement.Api.Controllers.SubmissionsController.Preview(Int32 id, CancellationToken cancellationToken) in C:\Users\Tarek\Desktop\assignment\src\AssignmentManagement.Api\Controllers\SubmissionsController.cs:line 88
   at Microsoft.AspNetCore.Mvc.Infrastructure.ActionMethodExecutor.TaskOfIActionResultExecutor.Execute(ActionContext actionContext, IActionResultTypeMapper mapper, ObjectMethodExecutor executor, Object controller, Object[] arguments)
   at Microsoft.AspNetCore.Mvc.Infrastructure.ControllerActionInvoker.<InvokeActionMethodAsync>g__Awaited|12_0(ControllerActionInvoker invoker, ValueTask`1 actionResultValueTask)
   at Microsoft.AspNetCore.Mvc.Infrastructure.ControllerActionInvoker.<InvokeNextActionFilterAsync>g__Awaited|10_0(ControllerActionInvoker invoker, Task lastTask, State next, Scope scope, Object state, Boolean isCompleted)
   at Microsoft.AspNetCore.Mvc.Infrastructure.ControllerActionInvoker.Rethrow(ActionExecutedContextSealed context)
   at Microsoft.AspNetCore.Mvc.Infrastructure.ControllerActionInvoker.Next(State& next, Scope& scope, Object& state, Boolean& isCompleted)
   at Microsoft.AspNetCore.Mvc.Infrastructure.ControllerActionInvoker.<InvokeInnerFilterAsync>g__Awaited|13_0(ControllerActionInvoker invoker, Task lastTask, State next, Scope scope, Object state, Boolean isCompleted)
   at Microsoft.AspNetCore.Mvc.Infrastructure.ResourceInvoker.<InvokeFilterPipelineAsync>g__Awaited|20_0(ResourceInvoker invoker, Task lastTask, State next, Scope scope, Object state, Boolean isCompleted)
   at Microsoft.AspNetCore.Mvc.Infrastructure.ResourceInvoker.<InvokeAsync>g__Awaited|17_0(ResourceInvoker invoker, Task task, IDisposable scope)
   at Microsoft.AspNetCore.Mvc.Infrastructure.ResourceInvoker.<InvokeAsync>g__Awaited|17_0(ResourceInvoker invoker, Task task, IDisposable scope)
   at Microsoft.AspNetCore.Authorization.AuthorizationMiddleware.Invoke(HttpContext context)
   at Microsoft.AspNetCore.Authentication.AuthenticationMiddleware.Invoke(HttpContext context)
   at Swashbuckle.AspNetCore.SwaggerUI.SwaggerUIMiddleware.Invoke(HttpContext httpContext)
   at Swashbuckle.AspNetCore.Swagger.SwaggerMiddleware.Invoke(HttpContext httpContext, ISwaggerProvider swaggerProvider)
   at AssignmentManagement.Api.Middleware.ExceptionMiddleware.InvokeAsync(HttpContext context) in C:\Users\Tarek\Desktop\assignment\src\AssignmentManagement.Api\Middleware\ExceptionMiddleware.cs:line 23
2026-08-08 10:34:13.754 +06:00 [INF] [AssignmentManagement.Application.Services.AuthService] User 11 (teacher10@school.edu.bd) logged out
2026-08-08 10:34:26.701 +06:00 [INF] [AssignmentManagement.Application.Services.AuthService] User 11 (teacher10@school.edu.bd) logged in successfully with role "Teacher"
2026-08-08 10:38:21.787 +06:00 [INF] [AssignmentManagement.Application.Services.AuthService] User 11 (teacher10@school.edu.bd) logged out
2026-08-08 10:38:29.082 +06:00 [INF] [AssignmentManagement.Application.Services.AuthService] User 31 (student15@school.edu.bd) logged in successfully with role "Student"
2026-08-08 10:38:43.530 +06:00 [INF] [AssignmentManagement.Application.Services.AuthService] User 31 (student15@school.edu.bd) logged out
2026-08-08 10:39:10.741 +06:00 [INF] [AssignmentManagement.Application.Services.AuthService] User 31 (student15@school.edu.bd) logged in successfully with role "Student"
2026-08-08 10:42:57.641 +06:00 [INF] [AssignmentManagement.Application.Services.AuthService] User 31 (student15@school.edu.bd) logged out
2026-08-08 10:42:59.130 +06:00 [INF] [AssignmentManagement.Application.Services.AuthService] User 31 (student15@school.edu.bd) logged in successfully with role "Student"
2026-08-08 10:43:23.972 +06:00 [INF] [AssignmentManagement.Application.Services.AuthService] User 1 (admin@example.com) logged in successfully with role "Admin"
2026-08-08 10:45:15.940 +06:00 [ERR] [AssignmentManagement.Api.Middleware.ExceptionMiddleware] Unhandled exception occurred while processing request GET /api/submissions/360/preview
AssignmentManagement.Application.Common.NotFoundException: The specified submission file does not exist on disk.
   at AssignmentManagement.Infrastructure.Services.StorageService.GetFileAsync(String relativePath, Boolean isDownload, CancellationToken cancellationToken) in C:\Users\Tarek\Desktop\assignment\src\AssignmentManagement.Infrastructure\Services\StorageService.cs:line 139
   at AssignmentManagement.Application.Services.SubmissionService.GetSubmissionFileStreamAsync(Int32 submissionId, Boolean isPreview, CancellationToken cancellationToken) in C:\Users\Tarek\Desktop\assignment\src\AssignmentManagement.Application\Services\SubmissionService.cs:line 230
   at AssignmentManagement.Api.Controllers.SubmissionsController.Preview(Int32 id, CancellationToken cancellationToken) in C:\Users\Tarek\Desktop\assignment\src\AssignmentManagement.Api\Controllers\SubmissionsController.cs:line 88
   at Microsoft.AspNetCore.Mvc.Infrastructure.ActionMethodExecutor.TaskOfIActionResultExecutor.Execute(ActionContext actionContext, IActionResultTypeMapper mapper, ObjectMethodExecutor executor, Object controller, Object[] arguments)
   at Microsoft.AspNetCore.Mvc.Infrastructure.ControllerActionInvoker.<InvokeActionMethodAsync>g__Awaited|12_0(ControllerActionInvoker invoker, ValueTask`1 actionResultValueTask)
   at Microsoft.AspNetCore.Mvc.Infrastructure.ControllerActionInvoker.<InvokeNextActionFilterAsync>g__Awaited|10_0(ControllerActionInvoker invoker, Task lastTask, State next, Scope scope, Object state, Boolean isCompleted)
   at Microsoft.AspNetCore.Mvc.Infrastructure.ControllerActionInvoker.Rethrow(ActionExecutedContextSealed context)
   at Microsoft.AspNetCore.Mvc.Infrastructure.ControllerActionInvoker.Next(State& next, Scope& scope, Object& state, Boolean& isCompleted)
   at Microsoft.AspNetCore.Mvc.Infrastructure.ControllerActionInvoker.<InvokeInnerFilterAsync>g__Awaited|13_0(ControllerActionInvoker invoker, Task lastTask, State next, Scope scope, Object state, Boolean isCompleted)
   at Microsoft.AspNetCore.Mvc.Infrastructure.ResourceInvoker.<InvokeFilterPipelineAsync>g__Awaited|20_0(ResourceInvoker invoker, Task lastTask, State next, Scope scope, Object state, Boolean isCompleted)
   at Microsoft.AspNetCore.Mvc.Infrastructure.ResourceInvoker.<InvokeAsync>g__Awaited|17_0(ResourceInvoker invoker, Task task, IDisposable scope)
   at Microsoft.AspNetCore.Mvc.Infrastructure.ResourceInvoker.<InvokeAsync>g__Awaited|17_0(ResourceInvoker invoker, Task task, IDisposable scope)
   at Microsoft.AspNetCore.Authorization.AuthorizationMiddleware.Invoke(HttpContext context)
   at Microsoft.AspNetCore.Authentication.AuthenticationMiddleware.Invoke(HttpContext context)
   at Swashbuckle.AspNetCore.SwaggerUI.SwaggerUIMiddleware.Invoke(HttpContext httpContext)
   at Swashbuckle.AspNetCore.Swagger.SwaggerMiddleware.Invoke(HttpContext httpContext, ISwaggerProvider swaggerProvider)
   at AssignmentManagement.Api.Middleware.ExceptionMiddleware.InvokeAsync(HttpContext context) in C:\Users\Tarek\Desktop\assignment\src\AssignmentManagement.Api\Middleware\ExceptionMiddleware.cs:line 23
2026-08-08 10:45:44.257 +06:00 [INF] [AssignmentManagement.Application.Services.AuthService] User 1 (admin@example.com) logged out
2026-08-08 10:45:54.388 +06:00 [INF] [AssignmentManagement.Application.Services.AuthService] User 11 (teacher10@school.edu.bd) logged in successfully with role "Teacher"
2026-08-08 10:46:53.702 +06:00 [ERR] [AssignmentManagement.Api.Middleware.ExceptionMiddleware] Unhandled exception occurred while processing request GET /api/submissions/783/preview
AssignmentManagement.Application.Common.NotFoundException: The specified submission file does not exist on disk.
   at AssignmentManagement.Infrastructure.Services.StorageService.GetFileAsync(String relativePath, Boolean isDownload, CancellationToken cancellationToken) in C:\Users\Tarek\Desktop\assignment\src\AssignmentManagement.Infrastructure\Services\StorageService.cs:line 139
   at AssignmentManagement.Application.Services.SubmissionService.GetSubmissionFileStreamAsync(Int32 submissionId, Boolean isPreview, CancellationToken cancellationToken) in C:\Users\Tarek\Desktop\assignment\src\AssignmentManagement.Application\Services\SubmissionService.cs:line 230
   at AssignmentManagement.Api.Controllers.SubmissionsController.Preview(Int32 id, CancellationToken cancellationToken) in C:\Users\Tarek\Desktop\assignment\src\AssignmentManagement.Api\Controllers\SubmissionsController.cs:line 88
   at Microsoft.AspNetCore.Mvc.Infrastructure.ActionMethodExecutor.TaskOfIActionResultExecutor.Execute(ActionContext actionContext, IActionResultTypeMapper mapper, ObjectMethodExecutor executor, Object controller, Object[] arguments)
   at Microsoft.AspNetCore.Mvc.Infrastructure.ControllerActionInvoker.<InvokeActionMethodAsync>g__Awaited|12_0(ControllerActionInvoker invoker, ValueTask`1 actionResultValueTask)
   at Microsoft.AspNetCore.Mvc.Infrastructure.ControllerActionInvoker.<InvokeNextActionFilterAsync>g__Awaited|10_0(ControllerActionInvoker invoker, Task lastTask, State next, Scope scope, Object state, Boolean isCompleted)
   at Microsoft.AspNetCore.Mvc.Infrastructure.ControllerActionInvoker.Rethrow(ActionExecutedContextSealed context)
   at Microsoft.AspNetCore.Mvc.Infrastructure.ControllerActionInvoker.Next(State& next, Scope& scope, Object& state, Boolean& isCompleted)
   at Microsoft.AspNetCore.Mvc.Infrastructure.ControllerActionInvoker.<InvokeInnerFilterAsync>g__Awaited|13_0(ControllerActionInvoker invoker, Task lastTask, State next, Scope scope, Object state, Boolean isCompleted)
   at Microsoft.AspNetCore.Mvc.Infrastructure.ResourceInvoker.<InvokeFilterPipelineAsync>g__Awaited|20_0(ResourceInvoker invoker, Task lastTask, State next, Scope scope, Object state, Boolean isCompleted)
   at Microsoft.AspNetCore.Mvc.Infrastructure.ResourceInvoker.<InvokeAsync>g__Awaited|17_0(ResourceInvoker invoker, Task task, IDisposable scope)
   at Microsoft.AspNetCore.Mvc.Infrastructure.ResourceInvoker.<InvokeAsync>g__Awaited|17_0(ResourceInvoker invoker, Task task, IDisposable scope)
   at Microsoft.AspNetCore.Authorization.AuthorizationMiddleware.Invoke(HttpContext context)
   at Microsoft.AspNetCore.Authentication.AuthenticationMiddleware.Invoke(HttpContext context)
   at Swashbuckle.AspNetCore.SwaggerUI.SwaggerUIMiddleware.Invoke(HttpContext httpContext)
   at Swashbuckle.AspNetCore.Swagger.SwaggerMiddleware.Invoke(HttpContext httpContext, ISwaggerProvider swaggerProvider)
   at AssignmentManagement.Api.Middleware.ExceptionMiddleware.InvokeAsync(HttpContext context) in C:\Users\Tarek\Desktop\assignment\src\AssignmentManagement.Api\Middleware\ExceptionMiddleware.cs:line 23
2026-08-08 10:47:22.994 +06:00 [INF] [AssignmentManagement.Application.Services.AuthService] User 11 (teacher10@school.edu.bd) logged out
2026-08-08 10:47:48.305 +06:00 [INF] [AssignmentManagement.Application.Services.AuthService] User 11 (teacher10@school.edu.bd) logged in successfully with role "Teacher"
2026-08-08 10:49:49.770 +06:00 [INF] [AssignmentManagement.Application.Services.AuthService] User 11 (teacher10@school.edu.bd) logged out
2026-08-08 10:49:52.537 +06:00 [INF] [AssignmentManagement.Application.Services.AuthService] User 31 (student15@school.edu.bd) logged in successfully with role "Student"
2026-08-08 10:50:13.032 +06:00 [INF] [AssignmentManagement.Application.Services.AuthService] User 31 (student15@school.edu.bd) logged out
2026-08-08 10:50:18.298 +06:00 [INF] [AssignmentManagement.Application.Services.AuthService] User 1 (admin@example.com) logged in successfully with role "Admin"
2026-08-08 10:51:12.270 +06:00 [INF] [Microsoft.Hosting.Lifetime] Now listening on: http://localhost:5000
2026-08-08 10:51:12.295 +06:00 [INF] [Microsoft.Hosting.Lifetime] Application started. Press Ctrl+C to shut down.
2026-08-08 10:51:12.295 +06:00 [INF] [Microsoft.Hosting.Lifetime] Hosting environment: Production
2026-08-08 10:51:12.295 +06:00 [INF] [Microsoft.Hosting.Lifetime] Content root path: C:\Users\Tarek\Desktop\assignment\src\AssignmentManagement.Api
2026-08-08 10:52:07.185 +06:00 [WRN] [Microsoft.AspNetCore.HttpsPolicy.HttpsRedirectionMiddleware] Failed to determine the https port for redirect.
2026-08-08 10:52:07.627 +06:00 [INF] [AssignmentManagement.Application.Services.AuthService] User 1 (admin@example.com) logged in successfully with role "Admin"
2026-08-08 10:54:06.152 +06:00 [INF] [Microsoft.Hosting.Lifetime] Now listening on: http://localhost:5000
2026-08-08 10:54:06.184 +06:00 [INF] [Microsoft.Hosting.Lifetime] Application started. Press Ctrl+C to shut down.
2026-08-08 10:54:06.185 +06:00 [INF] [Microsoft.Hosting.Lifetime] Hosting environment: Production
2026-08-08 10:54:06.185 +06:00 [INF] [Microsoft.Hosting.Lifetime] Content root path: C:\Users\Tarek\Desktop\assignment\src\AssignmentManagement.Api
2026-08-08 10:54:07.574 +06:00 [WRN] [Microsoft.AspNetCore.HttpsPolicy.HttpsRedirectionMiddleware] Failed to determine the https port for redirect.
2026-08-08 10:54:08.364 +06:00 [INF] [AssignmentManagement.Application.Services.AuthService] User 1 (admin@example.com) logged out
2026-08-08 10:54:09.572 +06:00 [INF] [AssignmentManagement.Application.Services.AuthService] User 1 (admin@example.com) logged in successfully with role "Admin"
2026-08-08 11:03:17.813 +06:00 [INF] [AssignmentManagement.Application.Services.AuthService] User 1 (admin@example.com) logged out
2026-08-08 11:03:33.322 +06:00 [INF] [AssignmentManagement.Application.Services.AuthService] User 1 (admin@example.com) logged in successfully with role "Admin"
2026-08-08 11:04:55.619 +06:00 [INF] [AssignmentManagement.Application.Services.AuthService] User 1 (admin@example.com) logged out
2026-08-08 11:04:56.756 +06:00 [INF] [AssignmentManagement.Application.Services.AuthService] User 1 (admin@example.com) logged in successfully with role "Admin"
2026-08-08 11:06:08.397 +06:00 [INF] [AssignmentManagement.Application.Services.AuthService] User 1 (admin@example.com) logged out
2026-08-08 11:06:09.902 +06:00 [INF] [AssignmentManagement.Application.Services.AuthService] User 1 (admin@example.com) logged in successfully with role "Admin"
2026-08-08 11:06:14.795 +06:00 [INF] [AssignmentManagement.Application.Services.AuthService] User 1 (admin@example.com) logged out
2026-08-08 11:06:21.997 +06:00 [INF] [AssignmentManagement.Application.Services.AuthService] User 1 (admin@example.com) logged in successfully with role "Admin"
2026-08-08 11:06:29.144 +06:00 [INF] [AssignmentManagement.Application.Services.AuthService] User 1 (admin@example.com) logged out
2026-08-08 11:07:02.759 +06:00 [INF] [AssignmentManagement.Application.Services.AuthService] User 1 (admin@example.com) logged in successfully with role "Admin"
2026-08-08 11:08:12.056 +06:00 [INF] [AssignmentManagement.Application.Services.AuthService] User 1 (admin@example.com) logged out
2026-08-08 11:08:16.532 +06:00 [INF] [AssignmentManagement.Application.Services.AuthService] User 1 (admin@example.com) logged in successfully with role "Admin"
2026-08-08 11:08:17.729 +06:00 [INF] [AssignmentManagement.Application.Services.AuthService] User 1 (admin@example.com) logged out
2026-08-08 11:08:19.175 +06:00 [INF] [AssignmentManagement.Application.Services.AuthService] User 1 (admin@example.com) logged in successfully with role "Admin"
2026-08-08 11:09:12.297 +06:00 [INF] [AssignmentManagement.Application.Services.AuthService] User 1 (admin@example.com) logged out
2026-08-08 11:10:04.987 +06:00 [INF] [AssignmentManagement.Application.Services.AuthService] User 1 (admin@example.com) logged in successfully with role "Admin"
2026-08-08 11:11:41.992 +06:00 [INF] [AssignmentManagement.Application.Services.AuthService] User 1 (admin@example.com) logged out
2026-08-08 11:11:43.618 +06:00 [INF] [AssignmentManagement.Application.Services.AuthService] User 1 (admin@example.com) logged in successfully with role "Admin"
2026-08-08 11:12:01.872 +06:00 [INF] [AssignmentManagement.Application.Services.AuthService] User 1 (admin@example.com) logged out
2026-08-08 11:12:10.439 +06:00 [INF] [AssignmentManagement.Application.Services.AuthService] User 1 (admin@example.com) logged in successfully with role "Admin"
2026-08-08 11:12:25.737 +06:00 [INF] [AssignmentManagement.Application.Services.AuthService] User 1 (admin@example.com) logged out
2026-08-08 11:13:17.942 +06:00 [INF] [AssignmentManagement.Application.Services.AuthService] User 1 (admin@example.com) logged in successfully with role "Admin"
2026-08-08 11:14:38.249 +06:00 [INF] [AssignmentManagement.Application.Services.AuthService] User 1 (admin@example.com) logged out
2026-08-08 11:14:40.971 +06:00 [INF] [AssignmentManagement.Application.Services.AuthService] User 27 (student11@school.edu.bd) logged in successfully with role "Student"
2026-08-08 11:15:07.289 +06:00 [INF] [AssignmentManagement.Application.Services.AuthService] User 27 (student11@school.edu.bd) logged out
2026-08-08 11:15:20.875 +06:00 [INF] [AssignmentManagement.Application.Services.AuthService] User 27 (student11@school.edu.bd) logged in successfully with role "Student"
2026-08-08 11:15:25.945 +06:00 [INF] [AssignmentManagement.Application.Services.AuthService] User 27 (student11@school.edu.bd) logged out
2026-08-08 11:16:18.127 +06:00 [INF] [AssignmentManagement.Application.Services.AuthService] User 1 (admin@example.com) logged in successfully with role "Admin"
2026-08-08 11:33:25.496 +06:00 [INF] [Microsoft.Hosting.Lifetime] Now listening on: http://localhost:5000
2026-08-08 11:33:25.523 +06:00 [INF] [Microsoft.Hosting.Lifetime] Application started. Press Ctrl+C to shut down.
2026-08-08 11:33:25.524 +06:00 [INF] [Microsoft.Hosting.Lifetime] Hosting environment: Production
2026-08-08 11:33:25.525 +06:00 [INF] [Microsoft.Hosting.Lifetime] Content root path: C:\Users\Tarek\Desktop\assignment\src\AssignmentManagement.Api
2026-08-08 11:34:03.768 +06:00 [WRN] [Microsoft.AspNetCore.HttpsPolicy.HttpsRedirectionMiddleware] Failed to determine the https port for redirect.
2026-08-08 14:33:34.468 +06:00 [INF] [Microsoft.Hosting.Lifetime] Now listening on: http://localhost:5000
2026-08-08 14:33:34.491 +06:00 [INF] [Microsoft.Hosting.Lifetime] Application started. Press Ctrl+C to shut down.
2026-08-08 14:33:34.491 +06:00 [INF] [Microsoft.Hosting.Lifetime] Hosting environment: Production
2026-08-08 14:33:34.491 +06:00 [INF] [Microsoft.Hosting.Lifetime] Content root path: C:\Users\Tarek\Desktop\assignment\src\AssignmentManagement.Api
2026-08-08 14:34:28.115 +06:00 [WRN] [Microsoft.AspNetCore.HttpsPolicy.HttpsRedirectionMiddleware] Failed to determine the https port for redirect.
2026-08-08 14:34:28.439 +06:00 [INF] [AssignmentManagement.Application.Services.AuthService] Tokens refreshed successfully for user 1 (admin@example.com)
2026-08-08 14:34:57.042 +06:00 [INF] [AssignmentManagement.Application.Services.AuthService] Password changed successfully for user 1
2026-08-08 14:35:06.597 +06:00 [INF] [AssignmentManagement.Application.Services.AuthService] User 1 (admin@example.com) logged out
2026-08-08 14:35:40.885 +06:00 [WRN] [AssignmentManagement.Application.Services.AuthService] Failed login attempt for email admin@example.com
2026-08-08 14:35:40.888 +06:00 [ERR] [AssignmentManagement.Api.Middleware.ExceptionMiddleware] Unhandled exception occurred while processing request POST /api/auth/login
System.UnauthorizedAccessException: Invalid email or password.
   at AssignmentManagement.Application.Services.AuthService.LoginAsync(LoginRequestDto request, CancellationToken cancellationToken) in C:\Users\Tarek\Desktop\assignment\src\AssignmentManagement.Application\Services\AuthService.cs:line 37
   at AssignmentManagement.Api.Controllers.AuthController.Login(LoginRequestDto request, CancellationToken cancellationToken) in C:\Users\Tarek\Desktop\assignment\src\AssignmentManagement.Api\Controllers\AuthController.cs:line 21
   at lambda_method992(Closure, Object)
   at Microsoft.AspNetCore.Mvc.Infrastructure.ActionMethodExecutor.AwaitableObjectResultExecutor.Execute(ActionContext actionContext, IActionResultTypeMapper mapper, ObjectMethodExecutor executor, Object controller, Object[] arguments)
   at Microsoft.AspNetCore.Mvc.Infrastructure.ControllerActionInvoker.<InvokeActionMethodAsync>g__Awaited|12_0(ControllerActionInvoker invoker, ValueTask`1 actionResultValueTask)
   at Microsoft.AspNetCore.Mvc.Infrastructure.ControllerActionInvoker.<InvokeNextActionFilterAsync>g__Awaited|10_0(ControllerActionInvoker invoker, Task lastTask, State next, Scope scope, Object state, Boolean isCompleted)
   at Microsoft.AspNetCore.Mvc.Infrastructure.ControllerActionInvoker.Rethrow(ActionExecutedContextSealed context)
   at Microsoft.AspNetCore.Mvc.Infrastructure.ControllerActionInvoker.Next(State& next, Scope& scope, Object& state, Boolean& isCompleted)
   at Microsoft.AspNetCore.Mvc.Infrastructure.ControllerActionInvoker.<InvokeInnerFilterAsync>g__Awaited|13_0(ControllerActionInvoker invoker, Task lastTask, State next, Scope scope, Object state, Boolean isCompleted)
   at Microsoft.AspNetCore.Mvc.Infrastructure.ResourceInvoker.<InvokeFilterPipelineAsync>g__Awaited|20_0(ResourceInvoker invoker, Task lastTask, State next, Scope scope, Object state, Boolean isCompleted)
   at Microsoft.AspNetCore.Mvc.Infrastructure.ResourceInvoker.<InvokeAsync>g__Awaited|17_0(ResourceInvoker invoker, Task task, IDisposable scope)
   at Microsoft.AspNetCore.Mvc.Infrastructure.ResourceInvoker.<InvokeAsync>g__Awaited|17_0(ResourceInvoker invoker, Task task, IDisposable scope)
   at Microsoft.AspNetCore.Authorization.AuthorizationMiddleware.Invoke(HttpContext context)
   at Microsoft.AspNetCore.Authentication.AuthenticationMiddleware.Invoke(HttpContext context)
   at Swashbuckle.AspNetCore.SwaggerUI.SwaggerUIMiddleware.Invoke(HttpContext httpContext)
   at Swashbuckle.AspNetCore.Swagger.SwaggerMiddleware.Invoke(HttpContext httpContext, ISwaggerProvider swaggerProvider)
   at AssignmentManagement.Api.Middleware.ExceptionMiddleware.InvokeAsync(HttpContext context) in C:\Users\Tarek\Desktop\assignment\src\AssignmentManagement.Api\Middleware\ExceptionMiddleware.cs:line 23
2026-08-08 14:35:59.608 +06:00 [INF] [AssignmentManagement.Application.Services.AuthService] User 31 (student15@school.edu.bd) logged in successfully with role "Student"
2026-08-08 14:36:06.706 +06:00 [WRN] [AssignmentManagement.Application.Services.AuthService] Failed login attempt for email admin@example.com
2026-08-08 14:36:06.706 +06:00 [ERR] [AssignmentManagement.Api.Middleware.ExceptionMiddleware] Unhandled exception occurred while processing request POST /api/auth/login
System.UnauthorizedAccessException: Invalid email or password.
   at AssignmentManagement.Application.Services.AuthService.LoginAsync(LoginRequestDto request, CancellationToken cancellationToken) in C:\Users\Tarek\Desktop\assignment\src\AssignmentManagement.Application\Services\AuthService.cs:line 37
   at AssignmentManagement.Api.Controllers.AuthController.Login(LoginRequestDto request, CancellationToken cancellationToken) in C:\Users\Tarek\Desktop\assignment\src\AssignmentManagement.Api\Controllers\AuthController.cs:line 21
   at lambda_method992(Closure, Object)
   at Microsoft.AspNetCore.Mvc.Infrastructure.ActionMethodExecutor.AwaitableObjectResultExecutor.Execute(ActionContext actionContext, IActionResultTypeMapper mapper, ObjectMethodExecutor executor, Object controller, Object[] arguments)
   at Microsoft.AspNetCore.Mvc.Infrastructure.ControllerActionInvoker.<InvokeActionMethodAsync>g__Awaited|12_0(ControllerActionInvoker invoker, ValueTask`1 actionResultValueTask)
   at Microsoft.AspNetCore.Mvc.Infrastructure.ControllerActionInvoker.<InvokeNextActionFilterAsync>g__Awaited|10_0(ControllerActionInvoker invoker, Task lastTask, State next, Scope scope, Object state, Boolean isCompleted)
   at Microsoft.AspNetCore.Mvc.Infrastructure.ControllerActionInvoker.Rethrow(ActionExecutedContextSealed context)
   at Microsoft.AspNetCore.Mvc.Infrastructure.ControllerActionInvoker.Next(State& next, Scope& scope, Object& state, Boolean& isCompleted)
   at Microsoft.AspNetCore.Mvc.Infrastructure.ControllerActionInvoker.<InvokeInnerFilterAsync>g__Awaited|13_0(ControllerActionInvoker invoker, Task lastTask, State next, Scope scope, Object state, Boolean isCompleted)
   at Microsoft.AspNetCore.Mvc.Infrastructure.ResourceInvoker.<InvokeFilterPipelineAsync>g__Awaited|20_0(ResourceInvoker invoker, Task lastTask, State next, Scope scope, Object state, Boolean isCompleted)
   at Microsoft.AspNetCore.Mvc.Infrastructure.ResourceInvoker.<InvokeAsync>g__Awaited|17_0(ResourceInvoker invoker, Task task, IDisposable scope)
   at Microsoft.AspNetCore.Mvc.Infrastructure.ResourceInvoker.<InvokeAsync>g__Awaited|17_0(ResourceInvoker invoker, Task task, IDisposable scope)
   at Microsoft.AspNetCore.Authorization.AuthorizationMiddleware.Invoke(HttpContext context)
   at Microsoft.AspNetCore.Authentication.AuthenticationMiddleware.Invoke(HttpContext context)
   at Swashbuckle.AspNetCore.SwaggerUI.SwaggerUIMiddleware.Invoke(HttpContext httpContext)
   at Swashbuckle.AspNetCore.Swagger.SwaggerMiddleware.Invoke(HttpContext httpContext, ISwaggerProvider swaggerProvider)
   at AssignmentManagement.Api.Middleware.ExceptionMiddleware.InvokeAsync(HttpContext context) in C:\Users\Tarek\Desktop\assignment\src\AssignmentManagement.Api\Middleware\ExceptionMiddleware.cs:line 23
2026-08-08 14:37:30.814 +06:00 [INF] [Microsoft.Hosting.Lifetime] Now listening on: http://localhost:5000
2026-08-08 14:37:30.851 +06:00 [INF] [Microsoft.Hosting.Lifetime] Application started. Press Ctrl+C to shut down.
2026-08-08 14:37:30.852 +06:00 [INF] [Microsoft.Hosting.Lifetime] Hosting environment: Production
2026-08-08 14:37:30.852 +06:00 [INF] [Microsoft.Hosting.Lifetime] Content root path: C:\Users\Tarek\Desktop\assignment\src\AssignmentManagement.Api
2026-08-08 14:38:09.379 +06:00 [WRN] [Microsoft.AspNetCore.HttpsPolicy.HttpsRedirectionMiddleware] Failed to determine the https port for redirect.
2026-08-08 14:38:19.587 +06:00 [INF] [AssignmentManagement.Application.Services.AuthService] User 1 (admin@example.com) logged in successfully with role "Admin"
2026-08-08 14:45:13.253 +06:00 [INF] [AssignmentManagement.Application.Services.AuthService] User 1 (admin@example.com) logged out
2026-08-08 14:45:24.256 +06:00 [INF] [AssignmentManagement.Application.Services.AuthService] User 1 (admin@example.com) logged in successfully with role "Admin"
2026-08-08 14:46:58.159 +06:00 [INF] [AssignmentManagement.Application.Services.AuthService] User 1 (admin@example.com) logged out
2026-08-08 14:52:58.529 +06:00 [INF] [AssignmentManagement.Application.Services.AuthService] User 1 (admin@example.com) logged in successfully with role "Admin"
2026-08-08 14:56:41.537 +06:00 [INF] [AssignmentManagement.Application.Services.AuthService] Password changed successfully for user 1
2026-08-08 14:56:46.927 +06:00 [INF] [AssignmentManagement.Application.Services.AuthService] User 1 (admin@example.com) logged out
2026-08-08 14:57:01.169 +06:00 [WRN] [AssignmentManagement.Application.Services.AuthService] Failed login attempt for email admin@example.com
2026-08-08 14:57:01.170 +06:00 [ERR] [AssignmentManagement.Api.Middleware.ExceptionMiddleware] Unhandled exception occurred while processing request POST /api/auth/login
System.UnauthorizedAccessException: Invalid email or password.
   at AssignmentManagement.Application.Services.AuthService.LoginAsync(LoginRequestDto request, CancellationToken cancellationToken) in C:\Users\Tarek\Desktop\assignment\src\AssignmentManagement.Application\Services\AuthService.cs:line 37
   at AssignmentManagement.Api.Controllers.AuthController.Login(LoginRequestDto request, CancellationToken cancellationToken) in C:\Users\Tarek\Desktop\assignment\src\AssignmentManagement.Api\Controllers\AuthController.cs:line 21
   at lambda_method824(Closure, Object)
   at Microsoft.AspNetCore.Mvc.Infrastructure.ActionMethodExecutor.AwaitableObjectResultExecutor.Execute(ActionContext actionContext, IActionResultTypeMapper mapper, ObjectMethodExecutor executor, Object controller, Object[] arguments)
   at Microsoft.AspNetCore.Mvc.Infrastructure.ControllerActionInvoker.<InvokeActionMethodAsync>g__Awaited|12_0(ControllerActionInvoker invoker, ValueTask`1 actionResultValueTask)
   at Microsoft.AspNetCore.Mvc.Infrastructure.ControllerActionInvoker.<InvokeNextActionFilterAsync>g__Awaited|10_0(ControllerActionInvoker invoker, Task lastTask, State next, Scope scope, Object state, Boolean isCompleted)
   at Microsoft.AspNetCore.Mvc.Infrastructure.ControllerActionInvoker.Rethrow(ActionExecutedContextSealed context)
   at Microsoft.AspNetCore.Mvc.Infrastructure.ControllerActionInvoker.Next(State& next, Scope& scope, Object& state, Boolean& isCompleted)
   at Microsoft.AspNetCore.Mvc.Infrastructure.ControllerActionInvoker.<InvokeInnerFilterAsync>g__Awaited|13_0(ControllerActionInvoker invoker, Task lastTask, State next, Scope scope, Object state, Boolean isCompleted)
   at Microsoft.AspNetCore.Mvc.Infrastructure.ResourceInvoker.<InvokeFilterPipelineAsync>g__Awaited|20_0(ResourceInvoker invoker, Task lastTask, State next, Scope scope, Object state, Boolean isCompleted)
   at Microsoft.AspNetCore.Mvc.Infrastructure.ResourceInvoker.<InvokeAsync>g__Awaited|17_0(ResourceInvoker invoker, Task task, IDisposable scope)
   at Microsoft.AspNetCore.Mvc.Infrastructure.ResourceInvoker.<InvokeAsync>g__Awaited|17_0(ResourceInvoker invoker, Task task, IDisposable scope)
   at Microsoft.AspNetCore.Authorization.AuthorizationMiddleware.Invoke(HttpContext context)
   at Microsoft.AspNetCore.Authentication.AuthenticationMiddleware.Invoke(HttpContext context)
   at Swashbuckle.AspNetCore.SwaggerUI.SwaggerUIMiddleware.Invoke(HttpContext httpContext)
   at Swashbuckle.AspNetCore.Swagger.SwaggerMiddleware.Invoke(HttpContext httpContext, ISwaggerProvider swaggerProvider)
   at AssignmentManagement.Api.Middleware.ExceptionMiddleware.InvokeAsync(HttpContext context) in C:\Users\Tarek\Desktop\assignment\src\AssignmentManagement.Api\Middleware\ExceptionMiddleware.cs:line 23
2026-08-08 14:58:03.030 +06:00 [INF] [Microsoft.Hosting.Lifetime] Now listening on: http://localhost:5000
2026-08-08 14:58:03.058 +06:00 [INF] [Microsoft.Hosting.Lifetime] Application started. Press Ctrl+C to shut down.
2026-08-08 14:58:03.058 +06:00 [INF] [Microsoft.Hosting.Lifetime] Hosting environment: Production
2026-08-08 14:58:03.058 +06:00 [INF] [Microsoft.Hosting.Lifetime] Content root path: C:\Users\Tarek\Desktop\assignment\src\AssignmentManagement.Api
2026-08-08 14:58:05.970 +06:00 [WRN] [Microsoft.AspNetCore.HttpsPolicy.HttpsRedirectionMiddleware] Failed to determine the https port for redirect.
2026-08-08 14:58:27.644 +06:00 [INF] [AssignmentManagement.Application.Services.AuthService] User 1 (admin@example.com) logged in successfully with role "Admin"
2026-08-08 14:58:46.511 +06:00 [INF] [AssignmentManagement.Application.Services.AuthService] Password changed successfully for user 1
2026-08-08 14:58:51.307 +06:00 [INF] [AssignmentManagement.Application.Services.AuthService] User 1 (admin@example.com) logged out
2026-08-08 14:59:05.487 +06:00 [WRN] [AssignmentManagement.Application.Services.AuthService] Failed login attempt for email admin@example.com
2026-08-08 14:59:05.489 +06:00 [ERR] [AssignmentManagement.Api.Middleware.ExceptionMiddleware] Unhandled exception occurred while processing request POST /api/auth/login
System.UnauthorizedAccessException: Invalid email or password.
   at AssignmentManagement.Application.Services.AuthService.LoginAsync(LoginRequestDto request, CancellationToken cancellationToken) in C:\Users\Tarek\Desktop\assignment\src\AssignmentManagement.Application\Services\AuthService.cs:line 40
   at AssignmentManagement.Api.Controllers.AuthController.Login(LoginRequestDto request, CancellationToken cancellationToken) in C:\Users\Tarek\Desktop\assignment\src\AssignmentManagement.Api\Controllers\AuthController.cs:line 21
   at lambda_method824(Closure, Object)
   at Microsoft.AspNetCore.Mvc.Infrastructure.ActionMethodExecutor.AwaitableObjectResultExecutor.Execute(ActionContext actionContext, IActionResultTypeMapper mapper, ObjectMethodExecutor executor, Object controller, Object[] arguments)
   at Microsoft.AspNetCore.Mvc.Infrastructure.ControllerActionInvoker.<InvokeActionMethodAsync>g__Awaited|12_0(ControllerActionInvoker invoker, ValueTask`1 actionResultValueTask)
   at Microsoft.AspNetCore.Mvc.Infrastructure.ControllerActionInvoker.<InvokeNextActionFilterAsync>g__Awaited|10_0(ControllerActionInvoker invoker, Task lastTask, State next, Scope scope, Object state, Boolean isCompleted)
   at Microsoft.AspNetCore.Mvc.Infrastructure.ControllerActionInvoker.Rethrow(ActionExecutedContextSealed context)
   at Microsoft.AspNetCore.Mvc.Infrastructure.ControllerActionInvoker.Next(State& next, Scope& scope, Object& state, Boolean& isCompleted)
   at Microsoft.AspNetCore.Mvc.Infrastructure.ControllerActionInvoker.<InvokeInnerFilterAsync>g__Awaited|13_0(ControllerActionInvoker invoker, Task lastTask, State next, Scope scope, Object state, Boolean isCompleted)
   at Microsoft.AspNetCore.Mvc.Infrastructure.ResourceInvoker.<InvokeFilterPipelineAsync>g__Awaited|20_0(ResourceInvoker invoker, Task lastTask, State next, Scope scope, Object state, Boolean isCompleted)
   at Microsoft.AspNetCore.Mvc.Infrastructure.ResourceInvoker.<InvokeAsync>g__Awaited|17_0(ResourceInvoker invoker, Task task, IDisposable scope)
   at Microsoft.AspNetCore.Mvc.Infrastructure.ResourceInvoker.<InvokeAsync>g__Awaited|17_0(ResourceInvoker invoker, Task task, IDisposable scope)
   at Microsoft.AspNetCore.Authorization.AuthorizationMiddleware.Invoke(HttpContext context)
   at Microsoft.AspNetCore.Authentication.AuthenticationMiddleware.Invoke(HttpContext context)
   at Swashbuckle.AspNetCore.SwaggerUI.SwaggerUIMiddleware.Invoke(HttpContext httpContext)
   at Swashbuckle.AspNetCore.Swagger.SwaggerMiddleware.Invoke(HttpContext httpContext, ISwaggerProvider swaggerProvider)
   at AssignmentManagement.Api.Middleware.ExceptionMiddleware.InvokeAsync(HttpContext context) in C:\Users\Tarek\Desktop\assignment\src\AssignmentManagement.Api\Middleware\ExceptionMiddleware.cs:line 23
2026-08-08 15:01:24.202 +06:00 [WRN] [AssignmentManagement.Application.Services.AuthService] Failed login attempt for email admin@example.com
2026-08-08 15:01:24.203 +06:00 [ERR] [AssignmentManagement.Api.Middleware.ExceptionMiddleware] Unhandled exception occurred while processing request POST /api/auth/login
System.UnauthorizedAccessException: Invalid email or password.
   at AssignmentManagement.Application.Services.AuthService.LoginAsync(LoginRequestDto request, CancellationToken cancellationToken) in C:\Users\Tarek\Desktop\assignment\src\AssignmentManagement.Application\Services\AuthService.cs:line 40
   at AssignmentManagement.Api.Controllers.AuthController.Login(LoginRequestDto request, CancellationToken cancellationToken) in C:\Users\Tarek\Desktop\assignment\src\AssignmentManagement.Api\Controllers\AuthController.cs:line 21
   at lambda_method824(Closure, Object)
   at Microsoft.AspNetCore.Mvc.Infrastructure.ActionMethodExecutor.AwaitableObjectResultExecutor.Execute(ActionContext actionContext, IActionResultTypeMapper mapper, ObjectMethodExecutor executor, Object controller, Object[] arguments)
   at Microsoft.AspNetCore.Mvc.Infrastructure.ControllerActionInvoker.<InvokeActionMethodAsync>g__Awaited|12_0(ControllerActionInvoker invoker, ValueTask`1 actionResultValueTask)
   at Microsoft.AspNetCore.Mvc.Infrastructure.ControllerActionInvoker.<InvokeNextActionFilterAsync>g__Awaited|10_0(ControllerActionInvoker invoker, Task lastTask, State next, Scope scope, Object state, Boolean isCompleted)
   at Microsoft.AspNetCore.Mvc.Infrastructure.ControllerActionInvoker.Rethrow(ActionExecutedContextSealed context)
   at Microsoft.AspNetCore.Mvc.Infrastructure.ControllerActionInvoker.Next(State& next, Scope& scope, Object& state, Boolean& isCompleted)
   at Microsoft.AspNetCore.Mvc.Infrastructure.ControllerActionInvoker.<InvokeInnerFilterAsync>g__Awaited|13_0(ControllerActionInvoker invoker, Task lastTask, State next, Scope scope, Object state, Boolean isCompleted)
   at Microsoft.AspNetCore.Mvc.Infrastructure.ResourceInvoker.<InvokeFilterPipelineAsync>g__Awaited|20_0(ResourceInvoker invoker, Task lastTask, State next, Scope scope, Object state, Boolean isCompleted)
   at Microsoft.AspNetCore.Mvc.Infrastructure.ResourceInvoker.<InvokeAsync>g__Awaited|17_0(ResourceInvoker invoker, Task task, IDisposable scope)
   at Microsoft.AspNetCore.Mvc.Infrastructure.ResourceInvoker.<InvokeAsync>g__Awaited|17_0(ResourceInvoker invoker, Task task, IDisposable scope)
   at Microsoft.AspNetCore.Authorization.AuthorizationMiddleware.Invoke(HttpContext context)
   at Microsoft.AspNetCore.Authentication.AuthenticationMiddleware.Invoke(HttpContext context)
   at Swashbuckle.AspNetCore.SwaggerUI.SwaggerUIMiddleware.Invoke(HttpContext httpContext)
   at Swashbuckle.AspNetCore.Swagger.SwaggerMiddleware.Invoke(HttpContext httpContext, ISwaggerProvider swaggerProvider)
   at AssignmentManagement.Api.Middleware.ExceptionMiddleware.InvokeAsync(HttpContext context) in C:\Users\Tarek\Desktop\assignment\src\AssignmentManagement.Api\Middleware\ExceptionMiddleware.cs:line 23
2026-08-08 15:02:43.173 +06:00 [INF] [Microsoft.Hosting.Lifetime] Now listening on: http://localhost:5000
2026-08-08 15:02:43.196 +06:00 [INF] [Microsoft.Hosting.Lifetime] Application started. Press Ctrl+C to shut down.
2026-08-08 15:02:43.197 +06:00 [INF] [Microsoft.Hosting.Lifetime] Hosting environment: Production
2026-08-08 15:02:43.197 +06:00 [INF] [Microsoft.Hosting.Lifetime] Content root path: C:\Users\Tarek\Desktop\assignment\src\AssignmentManagement.Api
2026-08-08 15:02:44.053 +06:00 [WRN] [Microsoft.AspNetCore.HttpsPolicy.HttpsRedirectionMiddleware] Failed to determine the https port for redirect.
2026-08-08 15:02:44.238 +06:00 [WRN] [AssignmentManagement.Application.Services.AuthService] Failed login attempt for email admin@school.edu.bd
2026-08-08 15:02:44.243 +06:00 [ERR] [AssignmentManagement.Api.Middleware.ExceptionMiddleware] Unhandled exception occurred while processing request POST /api/auth/login
System.UnauthorizedAccessException: Invalid email or password.
   at AssignmentManagement.Application.Services.AuthService.LoginAsync(LoginRequestDto request, CancellationToken cancellationToken) in C:\Users\Tarek\Desktop\assignment\src\AssignmentManagement.Application\Services\AuthService.cs:line 40
   at AssignmentManagement.Api.Controllers.AuthController.Login(LoginRequestDto request, CancellationToken cancellationToken) in C:\Users\Tarek\Desktop\assignment\src\AssignmentManagement.Api\Controllers\AuthController.cs:line 21
   at lambda_method12(Closure, Object)
   at Microsoft.AspNetCore.Mvc.Infrastructure.ActionMethodExecutor.AwaitableObjectResultExecutor.Execute(ActionContext actionContext, IActionResultTypeMapper mapper, ObjectMethodExecutor executor, Object controller, Object[] arguments)
   at Microsoft.AspNetCore.Mvc.Infrastructure.ControllerActionInvoker.<InvokeActionMethodAsync>g__Awaited|12_0(ControllerActionInvoker invoker, ValueTask`1 actionResultValueTask)
   at Microsoft.AspNetCore.Mvc.Infrastructure.ControllerActionInvoker.<InvokeNextActionFilterAsync>g__Awaited|10_0(ControllerActionInvoker invoker, Task lastTask, State next, Scope scope, Object state, Boolean isCompleted)
   at Microsoft.AspNetCore.Mvc.Infrastructure.ControllerActionInvoker.Rethrow(ActionExecutedContextSealed context)
   at Microsoft.AspNetCore.Mvc.Infrastructure.ControllerActionInvoker.Next(State& next, Scope& scope, Object& state, Boolean& isCompleted)
   at Microsoft.AspNetCore.Mvc.Infrastructure.ControllerActionInvoker.<InvokeInnerFilterAsync>g__Awaited|13_0(ControllerActionInvoker invoker, Task lastTask, State next, Scope scope, Object state, Boolean isCompleted)
   at Microsoft.AspNetCore.Mvc.Infrastructure.ResourceInvoker.<InvokeFilterPipelineAsync>g__Awaited|20_0(ResourceInvoker invoker, Task lastTask, State next, Scope scope, Object state, Boolean isCompleted)
   at Microsoft.AspNetCore.Mvc.Infrastructure.ResourceInvoker.<InvokeAsync>g__Awaited|17_0(ResourceInvoker invoker, Task task, IDisposable scope)
   at Microsoft.AspNetCore.Mvc.Infrastructure.ResourceInvoker.<InvokeAsync>g__Awaited|17_0(ResourceInvoker invoker, Task task, IDisposable scope)
   at Microsoft.AspNetCore.Authorization.AuthorizationMiddleware.Invoke(HttpContext context)
   at Microsoft.AspNetCore.Authentication.AuthenticationMiddleware.Invoke(HttpContext context)
   at Swashbuckle.AspNetCore.SwaggerUI.SwaggerUIMiddleware.Invoke(HttpContext httpContext)
   at Swashbuckle.AspNetCore.Swagger.SwaggerMiddleware.Invoke(HttpContext httpContext, ISwaggerProvider swaggerProvider)
   at AssignmentManagement.Api.Middleware.ExceptionMiddleware.InvokeAsync(HttpContext context) in C:\Users\Tarek\Desktop\assignment\src\AssignmentManagement.Api\Middleware\ExceptionMiddleware.cs:line 23
2026-08-08 15:03:11.874 +06:00 [WRN] [AssignmentManagement.Application.Services.AuthService] Failed login attempt for email admin@school.edu.bd
2026-08-08 15:03:11.875 +06:00 [ERR] [AssignmentManagement.Api.Middleware.ExceptionMiddleware] Unhandled exception occurred while processing request POST /api/auth/login
System.UnauthorizedAccessException: Invalid email or password.
   at AssignmentManagement.Application.Services.AuthService.LoginAsync(LoginRequestDto request, CancellationToken cancellationToken) in C:\Users\Tarek\Desktop\assignment\src\AssignmentManagement.Application\Services\AuthService.cs:line 40
   at AssignmentManagement.Api.Controllers.AuthController.Login(LoginRequestDto request, CancellationToken cancellationToken) in C:\Users\Tarek\Desktop\assignment\src\AssignmentManagement.Api\Controllers\AuthController.cs:line 21
   at lambda_method12(Closure, Object)
   at Microsoft.AspNetCore.Mvc.Infrastructure.ActionMethodExecutor.AwaitableObjectResultExecutor.Execute(ActionContext actionContext, IActionResultTypeMapper mapper, ObjectMethodExecutor executor, Object controller, Object[] arguments)
   at Microsoft.AspNetCore.Mvc.Infrastructure.ControllerActionInvoker.<InvokeActionMethodAsync>g__Awaited|12_0(ControllerActionInvoker invoker, ValueTask`1 actionResultValueTask)
   at Microsoft.AspNetCore.Mvc.Infrastructure.ControllerActionInvoker.<InvokeNextActionFilterAsync>g__Awaited|10_0(ControllerActionInvoker invoker, Task lastTask, State next, Scope scope, Object state, Boolean isCompleted)
   at Microsoft.AspNetCore.Mvc.Infrastructure.ControllerActionInvoker.Rethrow(ActionExecutedContextSealed context)
   at Microsoft.AspNetCore.Mvc.Infrastructure.ControllerActionInvoker.Next(State& next, Scope& scope, Object& state, Boolean& isCompleted)
   at Microsoft.AspNetCore.Mvc.Infrastructure.ControllerActionInvoker.<InvokeInnerFilterAsync>g__Awaited|13_0(ControllerActionInvoker invoker, Task lastTask, State next, Scope scope, Object state, Boolean isCompleted)
   at Microsoft.AspNetCore.Mvc.Infrastructure.ResourceInvoker.<InvokeFilterPipelineAsync>g__Awaited|20_0(ResourceInvoker invoker, Task lastTask, State next, Scope scope, Object state, Boolean isCompleted)
   at Microsoft.AspNetCore.Mvc.Infrastructure.ResourceInvoker.<InvokeAsync>g__Awaited|17_0(ResourceInvoker invoker, Task task, IDisposable scope)
   at Microsoft.AspNetCore.Mvc.Infrastructure.ResourceInvoker.<InvokeAsync>g__Awaited|17_0(ResourceInvoker invoker, Task task, IDisposable scope)
   at Microsoft.AspNetCore.Authorization.AuthorizationMiddleware.Invoke(HttpContext context)
   at Microsoft.AspNetCore.Authentication.AuthenticationMiddleware.Invoke(HttpContext context)
   at Swashbuckle.AspNetCore.SwaggerUI.SwaggerUIMiddleware.Invoke(HttpContext httpContext)
   at Swashbuckle.AspNetCore.Swagger.SwaggerMiddleware.Invoke(HttpContext httpContext, ISwaggerProvider swaggerProvider)
   at AssignmentManagement.Api.Middleware.ExceptionMiddleware.InvokeAsync(HttpContext context) in C:\Users\Tarek\Desktop\assignment\src\AssignmentManagement.Api\Middleware\ExceptionMiddleware.cs:line 23
2026-08-08 15:03:31.678 +06:00 [INF] [AssignmentManagement.Application.Services.AuthService] User 27 (student11@school.edu.bd) logged in successfully with role "Student"
2026-08-08 15:04:03.048 +06:00 [INF] [Microsoft.Hosting.Lifetime] Now listening on: http://localhost:5000
2026-08-08 15:04:03.073 +06:00 [INF] [Microsoft.Hosting.Lifetime] Application started. Press Ctrl+C to shut down.
2026-08-08 15:04:03.073 +06:00 [INF] [Microsoft.Hosting.Lifetime] Hosting environment: Production
2026-08-08 15:04:03.073 +06:00 [INF] [Microsoft.Hosting.Lifetime] Content root path: C:\Users\Tarek\Desktop\assignment\src\AssignmentManagement.Api
2026-08-08 15:05:00.031 +06:00 [INF] [Microsoft.Hosting.Lifetime] Now listening on: http://localhost:5000
2026-08-08 15:05:00.053 +06:00 [INF] [Microsoft.Hosting.Lifetime] Application started. Press Ctrl+C to shut down.
2026-08-08 15:05:00.053 +06:00 [INF] [Microsoft.Hosting.Lifetime] Hosting environment: Production
2026-08-08 15:05:00.054 +06:00 [INF] [Microsoft.Hosting.Lifetime] Content root path: C:\Users\Tarek\Desktop\assignment\src\AssignmentManagement.Api
2026-08-08 15:05:21.071 +06:00 [WRN] [Microsoft.AspNetCore.HttpsPolicy.HttpsRedirectionMiddleware] Failed to determine the https port for redirect.
2026-08-08 15:05:21.308 +06:00 [ERR] [AssignmentManagement.Api.Middleware.ExceptionMiddleware] Unhandled exception occurred while processing request GET /api/dashboard/student
System.OperationCanceledException: The operation was canceled.
   at System.Threading.CancellationToken.ThrowOperationCanceledException()
   at System.Threading.CancellationToken.ThrowIfCancellationRequested()
   at Npgsql.NpgsqlCommand.ExecuteReader(Boolean async, CommandBehavior behavior, CancellationToken cancellationToken)
   at Npgsql.NpgsqlCommand.ExecuteReader(Boolean async, CommandBehavior behavior, CancellationToken cancellationToken)
   at Npgsql.NpgsqlCommand.ExecuteDbDataReaderAsync(CommandBehavior behavior, CancellationToken cancellationToken)
   at Microsoft.EntityFrameworkCore.Storage.RelationalCommand.ExecuteReaderAsync(RelationalCommandParameterObject parameterObject, CancellationToken cancellationToken)
   at Microsoft.EntityFrameworkCore.Storage.RelationalCommand.ExecuteReaderAsync(RelationalCommandParameterObject parameterObject, CancellationToken cancellationToken)
   at Microsoft.EntityFrameworkCore.Query.Internal.SingleQueryingEnumerable`1.AsyncEnumerator.InitializeReaderAsync(AsyncEnumerator enumerator, CancellationToken cancellationToken)
   at Npgsql.EntityFrameworkCore.PostgreSQL.Storage.Internal.NpgsqlExecutionStrategy.ExecuteAsync[TState,TResult](TState state, Func`4 operation, Func`4 verifySucceeded, CancellationToken cancellationToken)
   at Microsoft.EntityFrameworkCore.Query.Internal.SingleQueryingEnumerable`1.AsyncEnumerator.MoveNextAsync()
   at Microsoft.EntityFrameworkCore.Query.ShapedQueryCompilingExpressionVisitor.SingleOrDefaultAsync[TSource](IAsyncEnumerable`1 asyncEnumerable, CancellationToken cancellationToken)
   at Microsoft.EntityFrameworkCore.Query.ShapedQueryCompilingExpressionVisitor.SingleOrDefaultAsync[TSource](IAsyncEnumerable`1 asyncEnumerable, CancellationToken cancellationToken)
   at AssignmentManagement.Infrastructure.Repositories.DashboardRepository.GetStudentDashboardMetricsAsync(Int32 studentUserId, CancellationToken cancellationToken) in C:\Users\Tarek\Desktop\assignment\src\AssignmentManagement.Infrastructure\Repositories\DashboardRepository.cs:line 271
   at AssignmentManagement.Application.Services.DashboardService.GetStudentDashboardAsync(CancellationToken cancellationToken) in C:\Users\Tarek\Desktop\assignment\src\AssignmentManagement.Application\Services\DashboardService.cs:line 37
   at AssignmentManagement.Api.Controllers.DashboardsController.GetStudentDashboard(CancellationToken cancellationToken) in C:\Users\Tarek\Desktop\assignment\src\AssignmentManagement.Api\Controllers\DashboardsController.cs:line 39
   at lambda_method152(Closure, Object)
   at Microsoft.AspNetCore.Mvc.Infrastructure.ActionMethodExecutor.AwaitableObjectResultExecutor.Execute(ActionContext actionContext, IActionResultTypeMapper mapper, ObjectMethodExecutor executor, Object controller, Object[] arguments)
   at Microsoft.AspNetCore.Mvc.Infrastructure.ControllerActionInvoker.<InvokeActionMethodAsync>g__Awaited|12_0(ControllerActionInvoker invoker, ValueTask`1 actionResultValueTask)
   at Microsoft.AspNetCore.Mvc.Infrastructure.ControllerActionInvoker.<InvokeNextActionFilterAsync>g__Awaited|10_0(ControllerActionInvoker invoker, Task lastTask, State next, Scope scope, Object state, Boolean isCompleted)
   at Microsoft.AspNetCore.Mvc.Infrastructure.ControllerActionInvoker.Rethrow(ActionExecutedContextSealed context)
   at Microsoft.AspNetCore.Mvc.Infrastructure.ControllerActionInvoker.Next(State& next, Scope& scope, Object& state, Boolean& isCompleted)
   at Microsoft.AspNetCore.Mvc.Infrastructure.ControllerActionInvoker.InvokeInnerFilterAsync()
--- End of stack trace from previous location ---
   at Microsoft.AspNetCore.Mvc.Infrastructure.ResourceInvoker.<InvokeFilterPipelineAsync>g__Awaited|20_0(ResourceInvoker invoker, Task lastTask, State next, Scope scope, Object state, Boolean isCompleted)
   at Microsoft.AspNetCore.Mvc.Infrastructure.ResourceInvoker.<InvokeAsync>g__Awaited|17_0(ResourceInvoker invoker, Task task, IDisposable scope)
   at Microsoft.AspNetCore.Mvc.Infrastructure.ResourceInvoker.<InvokeAsync>g__Awaited|17_0(ResourceInvoker invoker, Task task, IDisposable scope)
   at Microsoft.AspNetCore.Authorization.AuthorizationMiddleware.Invoke(HttpContext context)
   at Microsoft.AspNetCore.Authentication.AuthenticationMiddleware.Invoke(HttpContext context)
   at Swashbuckle.AspNetCore.SwaggerUI.SwaggerUIMiddleware.Invoke(HttpContext httpContext)
   at Swashbuckle.AspNetCore.Swagger.SwaggerMiddleware.Invoke(HttpContext httpContext, ISwaggerProvider swaggerProvider)
   at AssignmentManagement.Api.Middleware.ExceptionMiddleware.InvokeAsync(HttpContext context) in C:\Users\Tarek\Desktop\assignment\src\AssignmentManagement.Api\Middleware\ExceptionMiddleware.cs:line 23
2026-08-08 15:06:07.659 +06:00 [ERR] [AssignmentManagement.Api.Middleware.ExceptionMiddleware] Unhandled exception occurred while processing request POST /api/auth/change-password
System.UnauthorizedAccessException: Current password is incorrect.
   at AssignmentManagement.Application.Services.AuthService.ChangePasswordAsync(ChangePasswordRequestDto request, CancellationToken cancellationToken) in C:\Users\Tarek\Desktop\assignment\src\AssignmentManagement.Application\Services\AuthService.cs:line 126
   at AssignmentManagement.Api.Controllers.AuthController.ChangePassword(ChangePasswordRequestDto request, CancellationToken cancellationToken) in C:\Users\Tarek\Desktop\assignment\src\AssignmentManagement.Api\Controllers\AuthController.cs:line 45
   at Microsoft.AspNetCore.Mvc.Infrastructure.ActionMethodExecutor.TaskOfIActionResultExecutor.Execute(ActionContext actionContext, IActionResultTypeMapper mapper, ObjectMethodExecutor executor, Object controller, Object[] arguments)
   at Microsoft.AspNetCore.Mvc.Infrastructure.ControllerActionInvoker.<InvokeActionMethodAsync>g__Awaited|12_0(ControllerActionInvoker invoker, ValueTask`1 actionResultValueTask)
   at Microsoft.AspNetCore.Mvc.Infrastructure.ControllerActionInvoker.<InvokeNextActionFilterAsync>g__Awaited|10_0(ControllerActionInvoker invoker, Task lastTask, State next, Scope scope, Object state, Boolean isCompleted)
   at Microsoft.AspNetCore.Mvc.Infrastructure.ControllerActionInvoker.Rethrow(ActionExecutedContextSealed context)
   at Microsoft.AspNetCore.Mvc.Infrastructure.ControllerActionInvoker.Next(State& next, Scope& scope, Object& state, Boolean& isCompleted)
   at Microsoft.AspNetCore.Mvc.Infrastructure.ControllerActionInvoker.<InvokeInnerFilterAsync>g__Awaited|13_0(ControllerActionInvoker invoker, Task lastTask, State next, Scope scope, Object state, Boolean isCompleted)
   at Microsoft.AspNetCore.Mvc.Infrastructure.ResourceInvoker.<InvokeFilterPipelineAsync>g__Awaited|20_0(ResourceInvoker invoker, Task lastTask, State next, Scope scope, Object state, Boolean isCompleted)
   at Microsoft.AspNetCore.Mvc.Infrastructure.ResourceInvoker.<InvokeAsync>g__Awaited|17_0(ResourceInvoker invoker, Task task, IDisposable scope)
   at Microsoft.AspNetCore.Mvc.Infrastructure.ResourceInvoker.<InvokeAsync>g__Awaited|17_0(ResourceInvoker invoker, Task task, IDisposable scope)
   at Microsoft.AspNetCore.Authorization.AuthorizationMiddleware.Invoke(HttpContext context)
   at Microsoft.AspNetCore.Authentication.AuthenticationMiddleware.Invoke(HttpContext context)
   at Swashbuckle.AspNetCore.SwaggerUI.SwaggerUIMiddleware.Invoke(HttpContext httpContext)
   at Swashbuckle.AspNetCore.Swagger.SwaggerMiddleware.Invoke(HttpContext httpContext, ISwaggerProvider swaggerProvider)
   at AssignmentManagement.Api.Middleware.ExceptionMiddleware.InvokeAsync(HttpContext context) in C:\Users\Tarek\Desktop\assignment\src\AssignmentManagement.Api\Middleware\ExceptionMiddleware.cs:line 23
2026-08-08 15:06:07.687 +06:00 [INF] [AssignmentManagement.Application.Services.AuthService] Tokens refreshed successfully for user 27 (student11@school.edu.bd)
2026-08-08 15:06:07.868 +06:00 [ERR] [AssignmentManagement.Api.Middleware.ExceptionMiddleware] Unhandled exception occurred while processing request POST /api/auth/change-password
System.UnauthorizedAccessException: Current password is incorrect.
   at AssignmentManagement.Application.Services.AuthService.ChangePasswordAsync(ChangePasswordRequestDto request, CancellationToken cancellationToken) in C:\Users\Tarek\Desktop\assignment\src\AssignmentManagement.Application\Services\AuthService.cs:line 126
   at AssignmentManagement.Api.Controllers.AuthController.ChangePassword(ChangePasswordRequestDto request, CancellationToken cancellationToken) in C:\Users\Tarek\Desktop\assignment\src\AssignmentManagement.Api\Controllers\AuthController.cs:line 45
   at Microsoft.AspNetCore.Mvc.Infrastructure.ActionMethodExecutor.TaskOfIActionResultExecutor.Execute(ActionContext actionContext, IActionResultTypeMapper mapper, ObjectMethodExecutor executor, Object controller, Object[] arguments)
   at Microsoft.AspNetCore.Mvc.Infrastructure.ControllerActionInvoker.<InvokeActionMethodAsync>g__Awaited|12_0(ControllerActionInvoker invoker, ValueTask`1 actionResultValueTask)
   at Microsoft.AspNetCore.Mvc.Infrastructure.ControllerActionInvoker.<InvokeNextActionFilterAsync>g__Awaited|10_0(ControllerActionInvoker invoker, Task lastTask, State next, Scope scope, Object state, Boolean isCompleted)
   at Microsoft.AspNetCore.Mvc.Infrastructure.ControllerActionInvoker.Rethrow(ActionExecutedContextSealed context)
   at Microsoft.AspNetCore.Mvc.Infrastructure.ControllerActionInvoker.Next(State& next, Scope& scope, Object& state, Boolean& isCompleted)
   at Microsoft.AspNetCore.Mvc.Infrastructure.ControllerActionInvoker.<InvokeInnerFilterAsync>g__Awaited|13_0(ControllerActionInvoker invoker, Task lastTask, State next, Scope scope, Object state, Boolean isCompleted)
   at Microsoft.AspNetCore.Mvc.Infrastructure.ResourceInvoker.<InvokeFilterPipelineAsync>g__Awaited|20_0(ResourceInvoker invoker, Task lastTask, State next, Scope scope, Object state, Boolean isCompleted)
   at Microsoft.AspNetCore.Mvc.Infrastructure.ResourceInvoker.<InvokeAsync>g__Awaited|17_0(ResourceInvoker invoker, Task task, IDisposable scope)
   at Microsoft.AspNetCore.Mvc.Infrastructure.ResourceInvoker.<InvokeAsync>g__Awaited|17_0(ResourceInvoker invoker, Task task, IDisposable scope)
   at Microsoft.AspNetCore.Authorization.AuthorizationMiddleware.Invoke(HttpContext context)
   at Microsoft.AspNetCore.Authentication.AuthenticationMiddleware.Invoke(HttpContext context)
   at Swashbuckle.AspNetCore.SwaggerUI.SwaggerUIMiddleware.Invoke(HttpContext httpContext)
   at Swashbuckle.AspNetCore.Swagger.SwaggerMiddleware.Invoke(HttpContext httpContext, ISwaggerProvider swaggerProvider)
   at AssignmentManagement.Api.Middleware.ExceptionMiddleware.InvokeAsync(HttpContext context) in C:\Users\Tarek\Desktop\assignment\src\AssignmentManagement.Api\Middleware\ExceptionMiddleware.cs:line 23
2026-08-08 15:06:17.929 +06:00 [INF] [AssignmentManagement.Application.Services.AuthService] Password changed successfully for user 27
2026-08-08 15:06:34.621 +06:00 [INF] [AssignmentManagement.Application.Services.AuthService] User 27 (student11@school.edu.bd) logged out
2026-08-08 15:07:04.770 +06:00 [WRN] [AssignmentManagement.Application.Services.AuthService] Failed login attempt for email student11@school.edu.bd
2026-08-08 15:07:04.770 +06:00 [ERR] [AssignmentManagement.Api.Middleware.ExceptionMiddleware] Unhandled exception occurred while processing request POST /api/auth/login
System.UnauthorizedAccessException: Invalid email or password.
   at AssignmentManagement.Application.Services.AuthService.LoginAsync(LoginRequestDto request, CancellationToken cancellationToken) in C:\Users\Tarek\Desktop\assignment\src\AssignmentManagement.Application\Services\AuthService.cs:line 40
   at AssignmentManagement.Api.Controllers.AuthController.Login(LoginRequestDto request, CancellationToken cancellationToken) in C:\Users\Tarek\Desktop\assignment\src\AssignmentManagement.Api\Controllers\AuthController.cs:line 21
   at lambda_method387(Closure, Object)
   at Microsoft.AspNetCore.Mvc.Infrastructure.ActionMethodExecutor.AwaitableObjectResultExecutor.Execute(ActionContext actionContext, IActionResultTypeMapper mapper, ObjectMethodExecutor executor, Object controller, Object[] arguments)
   at Microsoft.AspNetCore.Mvc.Infrastructure.ControllerActionInvoker.<InvokeActionMethodAsync>g__Awaited|12_0(ControllerActionInvoker invoker, ValueTask`1 actionResultValueTask)
   at Microsoft.AspNetCore.Mvc.Infrastructure.ControllerActionInvoker.<InvokeNextActionFilterAsync>g__Awaited|10_0(ControllerActionInvoker invoker, Task lastTask, State next, Scope scope, Object state, Boolean isCompleted)
   at Microsoft.AspNetCore.Mvc.Infrastructure.ControllerActionInvoker.Rethrow(ActionExecutedContextSealed context)
   at Microsoft.AspNetCore.Mvc.Infrastructure.ControllerActionInvoker.Next(State& next, Scope& scope, Object& state, Boolean& isCompleted)
   at Microsoft.AspNetCore.Mvc.Infrastructure.ControllerActionInvoker.<InvokeInnerFilterAsync>g__Awaited|13_0(ControllerActionInvoker invoker, Task lastTask, State next, Scope scope, Object state, Boolean isCompleted)
   at Microsoft.AspNetCore.Mvc.Infrastructure.ResourceInvoker.<InvokeFilterPipelineAsync>g__Awaited|20_0(ResourceInvoker invoker, Task lastTask, State next, Scope scope, Object state, Boolean isCompleted)
   at Microsoft.AspNetCore.Mvc.Infrastructure.ResourceInvoker.<InvokeAsync>g__Awaited|17_0(ResourceInvoker invoker, Task task, IDisposable scope)
   at Microsoft.AspNetCore.Mvc.Infrastructure.ResourceInvoker.<InvokeAsync>g__Awaited|17_0(ResourceInvoker invoker, Task task, IDisposable scope)
   at Microsoft.AspNetCore.Authorization.AuthorizationMiddleware.Invoke(HttpContext context)
   at Microsoft.AspNetCore.Authentication.AuthenticationMiddleware.Invoke(HttpContext context)
   at Swashbuckle.AspNetCore.SwaggerUI.SwaggerUIMiddleware.Invoke(HttpContext httpContext)
   at Swashbuckle.AspNetCore.Swagger.SwaggerMiddleware.Invoke(HttpContext httpContext, ISwaggerProvider swaggerProvider)
   at AssignmentManagement.Api.Middleware.ExceptionMiddleware.InvokeAsync(HttpContext context) in C:\Users\Tarek\Desktop\assignment\src\AssignmentManagement.Api\Middleware\ExceptionMiddleware.cs:line 23
2026-08-08 15:07:07.969 +06:00 [WRN] [AssignmentManagement.Application.Services.AuthService] Failed login attempt for email student10@school.edu.bd
2026-08-08 15:07:07.970 +06:00 [ERR] [AssignmentManagement.Api.Middleware.ExceptionMiddleware] Unhandled exception occurred while processing request POST /api/auth/login
System.UnauthorizedAccessException: Invalid email or password.
   at AssignmentManagement.Application.Services.AuthService.LoginAsync(LoginRequestDto request, CancellationToken cancellationToken) in C:\Users\Tarek\Desktop\assignment\src\AssignmentManagement.Application\Services\AuthService.cs:line 40
   at AssignmentManagement.Api.Controllers.AuthController.Login(LoginRequestDto request, CancellationToken cancellationToken) in C:\Users\Tarek\Desktop\assignment\src\AssignmentManagement.Api\Controllers\AuthController.cs:line 21
   at lambda_method387(Closure, Object)
   at Microsoft.AspNetCore.Mvc.Infrastructure.ActionMethodExecutor.AwaitableObjectResultExecutor.Execute(ActionContext actionContext, IActionResultTypeMapper mapper, ObjectMethodExecutor executor, Object controller, Object[] arguments)
   at Microsoft.AspNetCore.Mvc.Infrastructure.ControllerActionInvoker.<InvokeActionMethodAsync>g__Awaited|12_0(ControllerActionInvoker invoker, ValueTask`1 actionResultValueTask)
   at Microsoft.AspNetCore.Mvc.Infrastructure.ControllerActionInvoker.<InvokeNextActionFilterAsync>g__Awaited|10_0(ControllerActionInvoker invoker, Task lastTask, State next, Scope scope, Object state, Boolean isCompleted)
   at Microsoft.AspNetCore.Mvc.Infrastructure.ControllerActionInvoker.Rethrow(ActionExecutedContextSealed context)
   at Microsoft.AspNetCore.Mvc.Infrastructure.ControllerActionInvoker.Next(State& next, Scope& scope, Object& state, Boolean& isCompleted)
   at Microsoft.AspNetCore.Mvc.Infrastructure.ControllerActionInvoker.<InvokeInnerFilterAsync>g__Awaited|13_0(ControllerActionInvoker invoker, Task lastTask, State next, Scope scope, Object state, Boolean isCompleted)
   at Microsoft.AspNetCore.Mvc.Infrastructure.ResourceInvoker.<InvokeFilterPipelineAsync>g__Awaited|20_0(ResourceInvoker invoker, Task lastTask, State next, Scope scope, Object state, Boolean isCompleted)
   at Microsoft.AspNetCore.Mvc.Infrastructure.ResourceInvoker.<InvokeAsync>g__Awaited|17_0(ResourceInvoker invoker, Task task, IDisposable scope)
   at Microsoft.AspNetCore.Mvc.Infrastructure.ResourceInvoker.<InvokeAsync>g__Awaited|17_0(ResourceInvoker invoker, Task task, IDisposable scope)
   at Microsoft.AspNetCore.Authorization.AuthorizationMiddleware.Invoke(HttpContext context)
   at Microsoft.AspNetCore.Authentication.AuthenticationMiddleware.Invoke(HttpContext context)
   at Swashbuckle.AspNetCore.SwaggerUI.SwaggerUIMiddleware.Invoke(HttpContext httpContext)
   at Swashbuckle.AspNetCore.Swagger.SwaggerMiddleware.Invoke(HttpContext httpContext, ISwaggerProvider swaggerProvider)
   at AssignmentManagement.Api.Middleware.ExceptionMiddleware.InvokeAsync(HttpContext context) in C:\Users\Tarek\Desktop\assignment\src\AssignmentManagement.Api\Middleware\ExceptionMiddleware.cs:line 23
2026-08-08 15:07:11.251 +06:00 [INF] [AssignmentManagement.Application.Services.AuthService] User 26 (student10@school.edu.bd) logged in successfully with role "Student"
2026-08-08 15:07:36.083 +06:00 [ERR] [AssignmentManagement.Api.Middleware.ExceptionMiddleware] Unhandled exception occurred while processing request POST /api/auth/change-password
System.UnauthorizedAccessException: Current password is incorrect.
   at AssignmentManagement.Application.Services.AuthService.ChangePasswordAsync(ChangePasswordRequestDto request, CancellationToken cancellationToken) in C:\Users\Tarek\Desktop\assignment\src\AssignmentManagement.Application\Services\AuthService.cs:line 126
   at AssignmentManagement.Api.Controllers.AuthController.ChangePassword(ChangePasswordRequestDto request, CancellationToken cancellationToken) in C:\Users\Tarek\Desktop\assignment\src\AssignmentManagement.Api\Controllers\AuthController.cs:line 45
   at Microsoft.AspNetCore.Mvc.Infrastructure.ActionMethodExecutor.TaskOfIActionResultExecutor.Execute(ActionContext actionContext, IActionResultTypeMapper mapper, ObjectMethodExecutor executor, Object controller, Object[] arguments)
   at Microsoft.AspNetCore.Mvc.Infrastructure.ControllerActionInvoker.<InvokeActionMethodAsync>g__Awaited|12_0(ControllerActionInvoker invoker, ValueTask`1 actionResultValueTask)
   at Microsoft.AspNetCore.Mvc.Infrastructure.ControllerActionInvoker.<InvokeNextActionFilterAsync>g__Awaited|10_0(ControllerActionInvoker invoker, Task lastTask, State next, Scope scope, Object state, Boolean isCompleted)
   at Microsoft.AspNetCore.Mvc.Infrastructure.ControllerActionInvoker.Rethrow(ActionExecutedContextSealed context)
   at Microsoft.AspNetCore.Mvc.Infrastructure.ControllerActionInvoker.Next(State& next, Scope& scope, Object& state, Boolean& isCompleted)
   at Microsoft.AspNetCore.Mvc.Infrastructure.ControllerActionInvoker.<InvokeInnerFilterAsync>g__Awaited|13_0(ControllerActionInvoker invoker, Task lastTask, State next, Scope scope, Object state, Boolean isCompleted)
   at Microsoft.AspNetCore.Mvc.Infrastructure.ResourceInvoker.<InvokeFilterPipelineAsync>g__Awaited|20_0(ResourceInvoker invoker, Task lastTask, State next, Scope scope, Object state, Boolean isCompleted)
   at Microsoft.AspNetCore.Mvc.Infrastructure.ResourceInvoker.<InvokeAsync>g__Awaited|17_0(ResourceInvoker invoker, Task task, IDisposable scope)
   at Microsoft.AspNetCore.Mvc.Infrastructure.ResourceInvoker.<InvokeAsync>g__Awaited|17_0(ResourceInvoker invoker, Task task, IDisposable scope)
   at Microsoft.AspNetCore.Authorization.AuthorizationMiddleware.Invoke(HttpContext context)
   at Microsoft.AspNetCore.Authentication.AuthenticationMiddleware.Invoke(HttpContext context)
   at Swashbuckle.AspNetCore.SwaggerUI.SwaggerUIMiddleware.Invoke(HttpContext httpContext)
   at Swashbuckle.AspNetCore.Swagger.SwaggerMiddleware.Invoke(HttpContext httpContext, ISwaggerProvider swaggerProvider)
   at AssignmentManagement.Api.Middleware.ExceptionMiddleware.InvokeAsync(HttpContext context) in C:\Users\Tarek\Desktop\assignment\src\AssignmentManagement.Api\Middleware\ExceptionMiddleware.cs:line 23
2026-08-08 15:07:36.087 +06:00 [INF] [AssignmentManagement.Application.Services.AuthService] Tokens refreshed successfully for user 26 (student10@school.edu.bd)
2026-08-08 15:07:36.208 +06:00 [ERR] [AssignmentManagement.Api.Middleware.ExceptionMiddleware] Unhandled exception occurred while processing request POST /api/auth/change-password
System.UnauthorizedAccessException: Current password is incorrect.
   at AssignmentManagement.Application.Services.AuthService.ChangePasswordAsync(ChangePasswordRequestDto request, CancellationToken cancellationToken) in C:\Users\Tarek\Desktop\assignment\src\AssignmentManagement.Application\Services\AuthService.cs:line 126
   at AssignmentManagement.Api.Controllers.AuthController.ChangePassword(ChangePasswordRequestDto request, CancellationToken cancellationToken) in C:\Users\Tarek\Desktop\assignment\src\AssignmentManagement.Api\Controllers\AuthController.cs:line 45
   at Microsoft.AspNetCore.Mvc.Infrastructure.ActionMethodExecutor.TaskOfIActionResultExecutor.Execute(ActionContext actionContext, IActionResultTypeMapper mapper, ObjectMethodExecutor executor, Object controller, Object[] arguments)
   at Microsoft.AspNetCore.Mvc.Infrastructure.ControllerActionInvoker.<InvokeActionMethodAsync>g__Awaited|12_0(ControllerActionInvoker invoker, ValueTask`1 actionResultValueTask)
   at Microsoft.AspNetCore.Mvc.Infrastructure.ControllerActionInvoker.<InvokeNextActionFilterAsync>g__Awaited|10_0(ControllerActionInvoker invoker, Task lastTask, State next, Scope scope, Object state, Boolean isCompleted)
   at Microsoft.AspNetCore.Mvc.Infrastructure.ControllerActionInvoker.Rethrow(ActionExecutedContextSealed context)
   at Microsoft.AspNetCore.Mvc.Infrastructure.ControllerActionInvoker.Next(State& next, Scope& scope, Object& state, Boolean& isCompleted)
   at Microsoft.AspNetCore.Mvc.Infrastructure.ControllerActionInvoker.<InvokeInnerFilterAsync>g__Awaited|13_0(ControllerActionInvoker invoker, Task lastTask, State next, Scope scope, Object state, Boolean isCompleted)
   at Microsoft.AspNetCore.Mvc.Infrastructure.ResourceInvoker.<InvokeFilterPipelineAsync>g__Awaited|20_0(ResourceInvoker invoker, Task lastTask, State next, Scope scope, Object state, Boolean isCompleted)
   at Microsoft.AspNetCore.Mvc.Infrastructure.ResourceInvoker.<InvokeAsync>g__Awaited|17_0(ResourceInvoker invoker, Task task, IDisposable scope)
   at Microsoft.AspNetCore.Mvc.Infrastructure.ResourceInvoker.<InvokeAsync>g__Awaited|17_0(ResourceInvoker invoker, Task task, IDisposable scope)
   at Microsoft.AspNetCore.Authorization.AuthorizationMiddleware.Invoke(HttpContext context)
   at Microsoft.AspNetCore.Authentication.AuthenticationMiddleware.Invoke(HttpContext context)
   at Swashbuckle.AspNetCore.SwaggerUI.SwaggerUIMiddleware.Invoke(HttpContext httpContext)
   at Swashbuckle.AspNetCore.Swagger.SwaggerMiddleware.Invoke(HttpContext httpContext, ISwaggerProvider swaggerProvider)
   at AssignmentManagement.Api.Middleware.ExceptionMiddleware.InvokeAsync(HttpContext context) in C:\Users\Tarek\Desktop\assignment\src\AssignmentManagement.Api\Middleware\ExceptionMiddleware.cs:line 23
2026-08-08 15:07:39.608 +06:00 [INF] [AssignmentManagement.Application.Services.AuthService] Password changed successfully for user 26
2026-08-08 15:07:50.839 +06:00 [INF] [AssignmentManagement.Application.Services.AuthService] User 26 (student10@school.edu.bd) logged out
2026-08-08 15:08:10.601 +06:00 [WRN] [AssignmentManagement.Application.Services.AuthService] Failed login attempt for email student10@school.edu.bd
2026-08-08 15:08:10.601 +06:00 [ERR] [AssignmentManagement.Api.Middleware.ExceptionMiddleware] Unhandled exception occurred while processing request POST /api/auth/login
System.UnauthorizedAccessException: Invalid email or password.
   at AssignmentManagement.Application.Services.AuthService.LoginAsync(LoginRequestDto request, CancellationToken cancellationToken) in C:\Users\Tarek\Desktop\assignment\src\AssignmentManagement.Application\Services\AuthService.cs:line 40
   at AssignmentManagement.Api.Controllers.AuthController.Login(LoginRequestDto request, CancellationToken cancellationToken) in C:\Users\Tarek\Desktop\assignment\src\AssignmentManagement.Api\Controllers\AuthController.cs:line 21
   at lambda_method387(Closure, Object)
   at Microsoft.AspNetCore.Mvc.Infrastructure.ActionMethodExecutor.AwaitableObjectResultExecutor.Execute(ActionContext actionContext, IActionResultTypeMapper mapper, ObjectMethodExecutor executor, Object controller, Object[] arguments)
   at Microsoft.AspNetCore.Mvc.Infrastructure.ControllerActionInvoker.<InvokeActionMethodAsync>g__Awaited|12_0(ControllerActionInvoker invoker, ValueTask`1 actionResultValueTask)
   at Microsoft.AspNetCore.Mvc.Infrastructure.ControllerActionInvoker.<InvokeNextActionFilterAsync>g__Awaited|10_0(ControllerActionInvoker invoker, Task lastTask, State next, Scope scope, Object state, Boolean isCompleted)
   at Microsoft.AspNetCore.Mvc.Infrastructure.ControllerActionInvoker.Rethrow(ActionExecutedContextSealed context)
   at Microsoft.AspNetCore.Mvc.Infrastructure.ControllerActionInvoker.Next(State& next, Scope& scope, Object& state, Boolean& isCompleted)
   at Microsoft.AspNetCore.Mvc.Infrastructure.ControllerActionInvoker.<InvokeInnerFilterAsync>g__Awaited|13_0(ControllerActionInvoker invoker, Task lastTask, State next, Scope scope, Object state, Boolean isCompleted)
   at Microsoft.AspNetCore.Mvc.Infrastructure.ResourceInvoker.<InvokeFilterPipelineAsync>g__Awaited|20_0(ResourceInvoker invoker, Task lastTask, State next, Scope scope, Object state, Boolean isCompleted)
   at Microsoft.AspNetCore.Mvc.Infrastructure.ResourceInvoker.<InvokeAsync>g__Awaited|17_0(ResourceInvoker invoker, Task task, IDisposable scope)
   at Microsoft.AspNetCore.Mvc.Infrastructure.ResourceInvoker.<InvokeAsync>g__Awaited|17_0(ResourceInvoker invoker, Task task, IDisposable scope)
   at Microsoft.AspNetCore.Authorization.AuthorizationMiddleware.Invoke(HttpContext context)
   at Microsoft.AspNetCore.Authentication.AuthenticationMiddleware.Invoke(HttpContext context)
   at Swashbuckle.AspNetCore.SwaggerUI.SwaggerUIMiddleware.Invoke(HttpContext httpContext)
   at Swashbuckle.AspNetCore.Swagger.SwaggerMiddleware.Invoke(HttpContext httpContext, ISwaggerProvider swaggerProvider)
   at AssignmentManagement.Api.Middleware.ExceptionMiddleware.InvokeAsync(HttpContext context) in C:\Users\Tarek\Desktop\assignment\src\AssignmentManagement.Api\Middleware\ExceptionMiddleware.cs:line 23
2026-08-08 15:08:26.655 +06:00 [WRN] [AssignmentManagement.Application.Services.AuthService] Failed login attempt for email student10@school.edu.bd
2026-08-08 15:08:26.656 +06:00 [ERR] [AssignmentManagement.Api.Middleware.ExceptionMiddleware] Unhandled exception occurred while processing request POST /api/auth/login
System.UnauthorizedAccessException: Invalid email or password.
   at AssignmentManagement.Application.Services.AuthService.LoginAsync(LoginRequestDto request, CancellationToken cancellationToken) in C:\Users\Tarek\Desktop\assignment\src\AssignmentManagement.Application\Services\AuthService.cs:line 40
   at AssignmentManagement.Api.Controllers.AuthController.Login(LoginRequestDto request, CancellationToken cancellationToken) in C:\Users\Tarek\Desktop\assignment\src\AssignmentManagement.Api\Controllers\AuthController.cs:line 21
   at lambda_method387(Closure, Object)
   at Microsoft.AspNetCore.Mvc.Infrastructure.ActionMethodExecutor.AwaitableObjectResultExecutor.Execute(ActionContext actionContext, IActionResultTypeMapper mapper, ObjectMethodExecutor executor, Object controller, Object[] arguments)
   at Microsoft.AspNetCore.Mvc.Infrastructure.ControllerActionInvoker.<InvokeActionMethodAsync>g__Awaited|12_0(ControllerActionInvoker invoker, ValueTask`1 actionResultValueTask)
   at Microsoft.AspNetCore.Mvc.Infrastructure.ControllerActionInvoker.<InvokeNextActionFilterAsync>g__Awaited|10_0(ControllerActionInvoker invoker, Task lastTask, State next, Scope scope, Object state, Boolean isCompleted)
   at Microsoft.AspNetCore.Mvc.Infrastructure.ControllerActionInvoker.Rethrow(ActionExecutedContextSealed context)
   at Microsoft.AspNetCore.Mvc.Infrastructure.ControllerActionInvoker.Next(State& next, Scope& scope, Object& state, Boolean& isCompleted)
   at Microsoft.AspNetCore.Mvc.Infrastructure.ControllerActionInvoker.<InvokeInnerFilterAsync>g__Awaited|13_0(ControllerActionInvoker invoker, Task lastTask, State next, Scope scope, Object state, Boolean isCompleted)
   at Microsoft.AspNetCore.Mvc.Infrastructure.ResourceInvoker.<InvokeFilterPipelineAsync>g__Awaited|20_0(ResourceInvoker invoker, Task lastTask, State next, Scope scope, Object state, Boolean isCompleted)
   at Microsoft.AspNetCore.Mvc.Infrastructure.ResourceInvoker.<InvokeAsync>g__Awaited|17_0(ResourceInvoker invoker, Task task, IDisposable scope)
   at Microsoft.AspNetCore.Mvc.Infrastructure.ResourceInvoker.<InvokeAsync>g__Awaited|17_0(ResourceInvoker invoker, Task task, IDisposable scope)
   at Microsoft.AspNetCore.Authorization.AuthorizationMiddleware.Invoke(HttpContext context)
   at Microsoft.AspNetCore.Authentication.AuthenticationMiddleware.Invoke(HttpContext context)
   at Swashbuckle.AspNetCore.SwaggerUI.SwaggerUIMiddleware.Invoke(HttpContext httpContext)
   at Swashbuckle.AspNetCore.Swagger.SwaggerMiddleware.Invoke(HttpContext httpContext, ISwaggerProvider swaggerProvider)
   at AssignmentManagement.Api.Middleware.ExceptionMiddleware.InvokeAsync(HttpContext context) in C:\Users\Tarek\Desktop\assignment\src\AssignmentManagement.Api\Middleware\ExceptionMiddleware.cs:line 23
2026-08-08 15:09:25.887 +06:00 [INF] [Microsoft.Hosting.Lifetime] Now listening on: http://localhost:5000
2026-08-08 15:09:25.909 +06:00 [INF] [Microsoft.Hosting.Lifetime] Application started. Press Ctrl+C to shut down.
2026-08-08 15:09:25.909 +06:00 [INF] [Microsoft.Hosting.Lifetime] Hosting environment: Production
2026-08-08 15:09:25.909 +06:00 [INF] [Microsoft.Hosting.Lifetime] Content root path: C:\Users\Tarek\Desktop\assignment\src\AssignmentManagement.Api
2026-08-08 15:10:58.305 +06:00 [WRN] [Microsoft.AspNetCore.HttpsPolicy.HttpsRedirectionMiddleware] Failed to determine the https port for redirect.
2026-08-08 15:10:58.382 +06:00 [INF] [AssignmentManagement.Application.Services.AuthService] Login attempt received for email 'admin@example.com' (length 12)
2026-08-08 15:10:58.541 +06:00 [INF] [AssignmentManagement.Application.Services.AuthService] User 1 (admin@example.com) logged in successfully with role "Admin"
2026-08-08 15:11:20.152 +06:00 [INF] [AssignmentManagement.Application.Services.AuthService] Password changed successfully for user 1 (admin@example.com). Rows affected: 1. New hash prefix: $2a$11$gOwSj82e
2026-08-08 15:11:24.553 +06:00 [INF] [AssignmentManagement.Application.Services.AuthService] User 1 (admin@example.com) logged out
2026-08-08 15:11:29.923 +06:00 [INF] [AssignmentManagement.Application.Services.AuthService] Login attempt received for email 'admin@example.com' (length 8)
2026-08-08 15:11:30.043 +06:00 [INF] [AssignmentManagement.Application.Services.AuthService] User 1 (admin@example.com) logged in successfully with role "Admin"
2026-08-08 15:11:45.581 +06:00 [WRN] [AssignmentManagement.Application.Services.AuthService] ChangePassword failed: Current password verification failed for user 1
2026-08-08 15:11:45.583 +06:00 [ERR] [AssignmentManagement.Api.Middleware.ExceptionMiddleware] Unhandled exception occurred while processing request POST /api/auth/change-password
System.UnauthorizedAccessException: Current password is incorrect.
   at AssignmentManagement.Application.Services.AuthService.ChangePasswordAsync(ChangePasswordRequestDto request, CancellationToken cancellationToken) in C:\Users\Tarek\Desktop\assignment\src\AssignmentManagement.Application\Services\AuthService.cs:line 142
   at AssignmentManagement.Api.Controllers.AuthController.ChangePassword(ChangePasswordRequestDto request, CancellationToken cancellationToken) in C:\Users\Tarek\Desktop\assignment\src\AssignmentManagement.Api\Controllers\AuthController.cs:line 45
   at Microsoft.AspNetCore.Mvc.Infrastructure.ActionMethodExecutor.TaskOfIActionResultExecutor.Execute(ActionContext actionContext, IActionResultTypeMapper mapper, ObjectMethodExecutor executor, Object controller, Object[] arguments)
   at Microsoft.AspNetCore.Mvc.Infrastructure.ControllerActionInvoker.<InvokeActionMethodAsync>g__Awaited|12_0(ControllerActionInvoker invoker, ValueTask`1 actionResultValueTask)
   at Microsoft.AspNetCore.Mvc.Infrastructure.ControllerActionInvoker.<InvokeNextActionFilterAsync>g__Awaited|10_0(ControllerActionInvoker invoker, Task lastTask, State next, Scope scope, Object state, Boolean isCompleted)
   at Microsoft.AspNetCore.Mvc.Infrastructure.ControllerActionInvoker.Rethrow(ActionExecutedContextSealed context)
   at Microsoft.AspNetCore.Mvc.Infrastructure.ControllerActionInvoker.Next(State& next, Scope& scope, Object& state, Boolean& isCompleted)
   at Microsoft.AspNetCore.Mvc.Infrastructure.ControllerActionInvoker.<InvokeInnerFilterAsync>g__Awaited|13_0(ControllerActionInvoker invoker, Task lastTask, State next, Scope scope, Object state, Boolean isCompleted)
   at Microsoft.AspNetCore.Mvc.Infrastructure.ResourceInvoker.<InvokeFilterPipelineAsync>g__Awaited|20_0(ResourceInvoker invoker, Task lastTask, State next, Scope scope, Object state, Boolean isCompleted)
   at Microsoft.AspNetCore.Mvc.Infrastructure.ResourceInvoker.<InvokeAsync>g__Awaited|17_0(ResourceInvoker invoker, Task task, IDisposable scope)
   at Microsoft.AspNetCore.Mvc.Infrastructure.ResourceInvoker.<InvokeAsync>g__Awaited|17_0(ResourceInvoker invoker, Task task, IDisposable scope)
   at Microsoft.AspNetCore.Authorization.AuthorizationMiddleware.Invoke(HttpContext context)
   at Microsoft.AspNetCore.Authentication.AuthenticationMiddleware.Invoke(HttpContext context)
   at Swashbuckle.AspNetCore.SwaggerUI.SwaggerUIMiddleware.Invoke(HttpContext httpContext)
   at Swashbuckle.AspNetCore.Swagger.SwaggerMiddleware.Invoke(HttpContext httpContext, ISwaggerProvider swaggerProvider)
   at AssignmentManagement.Api.Middleware.ExceptionMiddleware.InvokeAsync(HttpContext context) in C:\Users\Tarek\Desktop\assignment\src\AssignmentManagement.Api\Middleware\ExceptionMiddleware.cs:line 23
2026-08-08 15:11:45.610 +06:00 [INF] [AssignmentManagement.Application.Services.AuthService] Tokens refreshed successfully for user 1 (admin@example.com)
2026-08-08 15:11:45.733 +06:00 [WRN] [AssignmentManagement.Application.Services.AuthService] ChangePassword failed: Current password verification failed for user 1
2026-08-08 15:11:45.733 +06:00 [ERR] [AssignmentManagement.Api.Middleware.ExceptionMiddleware] Unhandled exception occurred while processing request POST /api/auth/change-password
System.UnauthorizedAccessException: Current password is incorrect.
   at AssignmentManagement.Application.Services.AuthService.ChangePasswordAsync(ChangePasswordRequestDto request, CancellationToken cancellationToken) in C:\Users\Tarek\Desktop\assignment\src\AssignmentManagement.Application\Services\AuthService.cs:line 142
   at AssignmentManagement.Api.Controllers.AuthController.ChangePassword(ChangePasswordRequestDto request, CancellationToken cancellationToken) in C:\Users\Tarek\Desktop\assignment\src\AssignmentManagement.Api\Controllers\AuthController.cs:line 45
   at Microsoft.AspNetCore.Mvc.Infrastructure.ActionMethodExecutor.TaskOfIActionResultExecutor.Execute(ActionContext actionContext, IActionResultTypeMapper mapper, ObjectMethodExecutor executor, Object controller, Object[] arguments)
   at Microsoft.AspNetCore.Mvc.Infrastructure.ControllerActionInvoker.<InvokeActionMethodAsync>g__Awaited|12_0(ControllerActionInvoker invoker, ValueTask`1 actionResultValueTask)
   at Microsoft.AspNetCore.Mvc.Infrastructure.ControllerActionInvoker.<InvokeNextActionFilterAsync>g__Awaited|10_0(ControllerActionInvoker invoker, Task lastTask, State next, Scope scope, Object state, Boolean isCompleted)
   at Microsoft.AspNetCore.Mvc.Infrastructure.ControllerActionInvoker.Rethrow(ActionExecutedContextSealed context)
   at Microsoft.AspNetCore.Mvc.Infrastructure.ControllerActionInvoker.Next(State& next, Scope& scope, Object& state, Boolean& isCompleted)
   at Microsoft.AspNetCore.Mvc.Infrastructure.ControllerActionInvoker.<InvokeInnerFilterAsync>g__Awaited|13_0(ControllerActionInvoker invoker, Task lastTask, State next, Scope scope, Object state, Boolean isCompleted)
   at Microsoft.AspNetCore.Mvc.Infrastructure.ResourceInvoker.<InvokeFilterPipelineAsync>g__Awaited|20_0(ResourceInvoker invoker, Task lastTask, State next, Scope scope, Object state, Boolean isCompleted)
   at Microsoft.AspNetCore.Mvc.Infrastructure.ResourceInvoker.<InvokeAsync>g__Awaited|17_0(ResourceInvoker invoker, Task task, IDisposable scope)
   at Microsoft.AspNetCore.Mvc.Infrastructure.ResourceInvoker.<InvokeAsync>g__Awaited|17_0(ResourceInvoker invoker, Task task, IDisposable scope)
   at Microsoft.AspNetCore.Authorization.AuthorizationMiddleware.Invoke(HttpContext context)
   at Microsoft.AspNetCore.Authentication.AuthenticationMiddleware.Invoke(HttpContext context)
   at Swashbuckle.AspNetCore.SwaggerUI.SwaggerUIMiddleware.Invoke(HttpContext httpContext)
   at Swashbuckle.AspNetCore.Swagger.SwaggerMiddleware.Invoke(HttpContext httpContext, ISwaggerProvider swaggerProvider)
   at AssignmentManagement.Api.Middleware.ExceptionMiddleware.InvokeAsync(HttpContext context) in C:\Users\Tarek\Desktop\assignment\src\AssignmentManagement.Api\Middleware\ExceptionMiddleware.cs:line 23
2026-08-08 15:11:58.470 +06:00 [INF] [AssignmentManagement.Application.Services.AuthService] Password changed successfully for user 1 (admin@example.com). Rows affected: 1. New hash prefix: $2a$11$ZiwLqzti
2026-08-08 15:16:32.630 +06:00 [INF] [Microsoft.Hosting.Lifetime] Now listening on: http://localhost:5000
2026-08-08 15:16:32.655 +06:00 [INF] [Microsoft.Hosting.Lifetime] Application started. Press Ctrl+C to shut down.
2026-08-08 15:16:32.655 +06:00 [INF] [Microsoft.Hosting.Lifetime] Hosting environment: Production
2026-08-08 15:16:32.655 +06:00 [INF] [Microsoft.Hosting.Lifetime] Content root path: C:\Users\Tarek\Desktop\assignment\src\AssignmentManagement.Api
2026-08-08 15:16:38.821 +06:00 [WRN] [Microsoft.AspNetCore.HttpsPolicy.HttpsRedirectionMiddleware] Failed to determine the https port for redirect.
2026-08-08 15:16:38.896 +06:00 [INF] [AssignmentManagement.Application.Services.AuthService] User 1 (admin@example.com) logged out
2026-08-08 15:17:47.956 +06:00 [INF] [AssignmentManagement.Application.Services.AuthService] Login attempt received for email 'admin@example.com' (length 8)
2026-08-08 15:17:48.137 +06:00 [WRN] [AssignmentManagement.Application.Services.AuthService] Login failed: Password mismatch for user 1 (admin@example.com). Input Pwd Len: 8, Hash: $2a$11$ZiwLqzti
2026-08-08 15:17:48.140 +06:00 [ERR] [AssignmentManagement.Api.Middleware.ExceptionMiddleware] Unhandled exception occurred while processing request POST /api/auth/login
System.UnauthorizedAccessException: Invalid email or password.
   at AssignmentManagement.Application.Services.AuthService.LoginAsync(LoginRequestDto request, CancellationToken cancellationToken) in C:\Users\Tarek\Desktop\assignment\src\AssignmentManagement.Application\Services\AuthService.cs:line 55
   at AssignmentManagement.Api.Controllers.AuthController.Login(LoginRequestDto request, CancellationToken cancellationToken) in C:\Users\Tarek\Desktop\assignment\src\AssignmentManagement.Api\Controllers\AuthController.cs:line 21
   at lambda_method179(Closure, Object)
   at Microsoft.AspNetCore.Mvc.Infrastructure.ActionMethodExecutor.AwaitableObjectResultExecutor.Execute(ActionContext actionContext, IActionResultTypeMapper mapper, ObjectMethodExecutor executor, Object controller, Object[] arguments)
   at Microsoft.AspNetCore.Mvc.Infrastructure.ControllerActionInvoker.<InvokeActionMethodAsync>g__Awaited|12_0(ControllerActionInvoker invoker, ValueTask`1 actionResultValueTask)
   at Microsoft.AspNetCore.Mvc.Infrastructure.ControllerActionInvoker.<InvokeNextActionFilterAsync>g__Awaited|10_0(ControllerActionInvoker invoker, Task lastTask, State next, Scope scope, Object state, Boolean isCompleted)
   at Microsoft.AspNetCore.Mvc.Infrastructure.ControllerActionInvoker.Rethrow(ActionExecutedContextSealed context)
   at Microsoft.AspNetCore.Mvc.Infrastructure.ControllerActionInvoker.Next(State& next, Scope& scope, Object& state, Boolean& isCompleted)
   at Microsoft.AspNetCore.Mvc.Infrastructure.ControllerActionInvoker.<InvokeInnerFilterAsync>g__Awaited|13_0(ControllerActionInvoker invoker, Task lastTask, State next, Scope scope, Object state, Boolean isCompleted)
   at Microsoft.AspNetCore.Mvc.Infrastructure.ResourceInvoker.<InvokeFilterPipelineAsync>g__Awaited|20_0(ResourceInvoker invoker, Task lastTask, State next, Scope scope, Object state, Boolean isCompleted)
   at Microsoft.AspNetCore.Mvc.Infrastructure.ResourceInvoker.<InvokeAsync>g__Awaited|17_0(ResourceInvoker invoker, Task task, IDisposable scope)
   at Microsoft.AspNetCore.Mvc.Infrastructure.ResourceInvoker.<InvokeAsync>g__Awaited|17_0(ResourceInvoker invoker, Task task, IDisposable scope)
   at Microsoft.AspNetCore.Authorization.AuthorizationMiddleware.Invoke(HttpContext context)
   at Microsoft.AspNetCore.Authentication.AuthenticationMiddleware.Invoke(HttpContext context)
   at Swashbuckle.AspNetCore.SwaggerUI.SwaggerUIMiddleware.Invoke(HttpContext httpContext)
   at Swashbuckle.AspNetCore.Swagger.SwaggerMiddleware.Invoke(HttpContext httpContext, ISwaggerProvider swaggerProvider)
   at AssignmentManagement.Api.Middleware.ExceptionMiddleware.InvokeAsync(HttpContext context) in C:\Users\Tarek\Desktop\assignment\src\AssignmentManagement.Api\Middleware\ExceptionMiddleware.cs:line 23
2026-08-08 15:17:55.681 +06:00 [INF] [AssignmentManagement.Application.Services.AuthService] Login attempt received for email 'admin@example.com' (length 12)
2026-08-08 15:17:55.822 +06:00 [WRN] [AssignmentManagement.Application.Services.AuthService] Login failed: Password mismatch for user 1 (admin@example.com). Input Pwd Len: 12, Hash: $2a$11$ZiwLqzti
2026-08-08 15:17:55.823 +06:00 [ERR] [AssignmentManagement.Api.Middleware.ExceptionMiddleware] Unhandled exception occurred while processing request POST /api/auth/login
System.UnauthorizedAccessException: Invalid email or password.
   at AssignmentManagement.Application.Services.AuthService.LoginAsync(LoginRequestDto request, CancellationToken cancellationToken) in C:\Users\Tarek\Desktop\assignment\src\AssignmentManagement.Application\Services\AuthService.cs:line 55
   at AssignmentManagement.Api.Controllers.AuthController.Login(LoginRequestDto request, CancellationToken cancellationToken) in C:\Users\Tarek\Desktop\assignment\src\AssignmentManagement.Api\Controllers\AuthController.cs:line 21
   at lambda_method179(Closure, Object)
   at Microsoft.AspNetCore.Mvc.Infrastructure.ActionMethodExecutor.AwaitableObjectResultExecutor.Execute(ActionContext actionContext, IActionResultTypeMapper mapper, ObjectMethodExecutor executor, Object controller, Object[] arguments)
   at Microsoft.AspNetCore.Mvc.Infrastructure.ControllerActionInvoker.<InvokeActionMethodAsync>g__Awaited|12_0(ControllerActionInvoker invoker, ValueTask`1 actionResultValueTask)
   at Microsoft.AspNetCore.Mvc.Infrastructure.ControllerActionInvoker.<InvokeNextActionFilterAsync>g__Awaited|10_0(ControllerActionInvoker invoker, Task lastTask, State next, Scope scope, Object state, Boolean isCompleted)
   at Microsoft.AspNetCore.Mvc.Infrastructure.ControllerActionInvoker.Rethrow(ActionExecutedContextSealed context)
   at Microsoft.AspNetCore.Mvc.Infrastructure.ControllerActionInvoker.Next(State& next, Scope& scope, Object& state, Boolean& isCompleted)
   at Microsoft.AspNetCore.Mvc.Infrastructure.ControllerActionInvoker.<InvokeInnerFilterAsync>g__Awaited|13_0(ControllerActionInvoker invoker, Task lastTask, State next, Scope scope, Object state, Boolean isCompleted)
   at Microsoft.AspNetCore.Mvc.Infrastructure.ResourceInvoker.<InvokeFilterPipelineAsync>g__Awaited|20_0(ResourceInvoker invoker, Task lastTask, State next, Scope scope, Object state, Boolean isCompleted)
   at Microsoft.AspNetCore.Mvc.Infrastructure.ResourceInvoker.<InvokeAsync>g__Awaited|17_0(ResourceInvoker invoker, Task task, IDisposable scope)
   at Microsoft.AspNetCore.Mvc.Infrastructure.ResourceInvoker.<InvokeAsync>g__Awaited|17_0(ResourceInvoker invoker, Task task, IDisposable scope)
   at Microsoft.AspNetCore.Authorization.AuthorizationMiddleware.Invoke(HttpContext context)
   at Microsoft.AspNetCore.Authentication.AuthenticationMiddleware.Invoke(HttpContext context)
   at Swashbuckle.AspNetCore.SwaggerUI.SwaggerUIMiddleware.Invoke(HttpContext httpContext)
   at Swashbuckle.AspNetCore.Swagger.SwaggerMiddleware.Invoke(HttpContext httpContext, ISwaggerProvider swaggerProvider)
   at AssignmentManagement.Api.Middleware.ExceptionMiddleware.InvokeAsync(HttpContext context) in C:\Users\Tarek\Desktop\assignment\src\AssignmentManagement.Api\Middleware\ExceptionMiddleware.cs:line 23
2026-08-08 15:18:00.594 +06:00 [INF] [AssignmentManagement.Application.Services.AuthService] Login attempt received for email 'admin@example.com' (length 8)
2026-08-08 15:18:00.714 +06:00 [WRN] [AssignmentManagement.Application.Services.AuthService] Login failed: Password mismatch for user 1 (admin@example.com). Input Pwd Len: 8, Hash: $2a$11$ZiwLqzti
2026-08-08 15:18:00.714 +06:00 [ERR] [AssignmentManagement.Api.Middleware.ExceptionMiddleware] Unhandled exception occurred while processing request POST /api/auth/login
System.UnauthorizedAccessException: Invalid email or password.
   at AssignmentManagement.Application.Services.AuthService.LoginAsync(LoginRequestDto request, CancellationToken cancellationToken) in C:\Users\Tarek\Desktop\assignment\src\AssignmentManagement.Application\Services\AuthService.cs:line 55
   at AssignmentManagement.Api.Controllers.AuthController.Login(LoginRequestDto request, CancellationToken cancellationToken) in C:\Users\Tarek\Desktop\assignment\src\AssignmentManagement.Api\Controllers\AuthController.cs:line 21
   at lambda_method179(Closure, Object)
   at Microsoft.AspNetCore.Mvc.Infrastructure.ActionMethodExecutor.AwaitableObjectResultExecutor.Execute(ActionContext actionContext, IActionResultTypeMapper mapper, ObjectMethodExecutor executor, Object controller, Object[] arguments)
   at Microsoft.AspNetCore.Mvc.Infrastructure.ControllerActionInvoker.<InvokeActionMethodAsync>g__Awaited|12_0(ControllerActionInvoker invoker, ValueTask`1 actionResultValueTask)
   at Microsoft.AspNetCore.Mvc.Infrastructure.ControllerActionInvoker.<InvokeNextActionFilterAsync>g__Awaited|10_0(ControllerActionInvoker invoker, Task lastTask, State next, Scope scope, Object state, Boolean isCompleted)
   at Microsoft.AspNetCore.Mvc.Infrastructure.ControllerActionInvoker.Rethrow(ActionExecutedContextSealed context)
   at Microsoft.AspNetCore.Mvc.Infrastructure.ControllerActionInvoker.Next(State& next, Scope& scope, Object& state, Boolean& isCompleted)
   at Microsoft.AspNetCore.Mvc.Infrastructure.ControllerActionInvoker.<InvokeInnerFilterAsync>g__Awaited|13_0(ControllerActionInvoker invoker, Task lastTask, State next, Scope scope, Object state, Boolean isCompleted)
   at Microsoft.AspNetCore.Mvc.Infrastructure.ResourceInvoker.<InvokeFilterPipelineAsync>g__Awaited|20_0(ResourceInvoker invoker, Task lastTask, State next, Scope scope, Object state, Boolean isCompleted)
   at Microsoft.AspNetCore.Mvc.Infrastructure.ResourceInvoker.<InvokeAsync>g__Awaited|17_0(ResourceInvoker invoker, Task task, IDisposable scope)
   at Microsoft.AspNetCore.Mvc.Infrastructure.ResourceInvoker.<InvokeAsync>g__Awaited|17_0(ResourceInvoker invoker, Task task, IDisposable scope)
   at Microsoft.AspNetCore.Authorization.AuthorizationMiddleware.Invoke(HttpContext context)
   at Microsoft.AspNetCore.Authentication.AuthenticationMiddleware.Invoke(HttpContext context)
   at Swashbuckle.AspNetCore.SwaggerUI.SwaggerUIMiddleware.Invoke(HttpContext httpContext)
   at Swashbuckle.AspNetCore.Swagger.SwaggerMiddleware.Invoke(HttpContext httpContext, ISwaggerProvider swaggerProvider)
   at AssignmentManagement.Api.Middleware.ExceptionMiddleware.InvokeAsync(HttpContext context) in C:\Users\Tarek\Desktop\assignment\src\AssignmentManagement.Api\Middleware\ExceptionMiddleware.cs:line 23
2026-08-08 15:18:06.792 +06:00 [INF] [AssignmentManagement.Application.Services.AuthService] Login attempt received for email 'admin@example.com' (length 8)
2026-08-08 15:18:06.918 +06:00 [WRN] [AssignmentManagement.Application.Services.AuthService] Login failed: Password mismatch for user 1 (admin@example.com). Input Pwd Len: 8, Hash: $2a$11$ZiwLqzti
2026-08-08 15:18:06.918 +06:00 [ERR] [AssignmentManagement.Api.Middleware.ExceptionMiddleware] Unhandled exception occurred while processing request POST /api/auth/login
System.UnauthorizedAccessException: Invalid email or password.
   at AssignmentManagement.Application.Services.AuthService.LoginAsync(LoginRequestDto request, CancellationToken cancellationToken) in C:\Users\Tarek\Desktop\assignment\src\AssignmentManagement.Application\Services\AuthService.cs:line 55
   at AssignmentManagement.Api.Controllers.AuthController.Login(LoginRequestDto request, CancellationToken cancellationToken) in C:\Users\Tarek\Desktop\assignment\src\AssignmentManagement.Api\Controllers\AuthController.cs:line 21
   at lambda_method179(Closure, Object)
   at Microsoft.AspNetCore.Mvc.Infrastructure.ActionMethodExecutor.AwaitableObjectResultExecutor.Execute(ActionContext actionContext, IActionResultTypeMapper mapper, ObjectMethodExecutor executor, Object controller, Object[] arguments)
   at Microsoft.AspNetCore.Mvc.Infrastructure.ControllerActionInvoker.<InvokeActionMethodAsync>g__Awaited|12_0(ControllerActionInvoker invoker, ValueTask`1 actionResultValueTask)
   at Microsoft.AspNetCore.Mvc.Infrastructure.ControllerActionInvoker.<InvokeNextActionFilterAsync>g__Awaited|10_0(ControllerActionInvoker invoker, Task lastTask, State next, Scope scope, Object state, Boolean isCompleted)
   at Microsoft.AspNetCore.Mvc.Infrastructure.ControllerActionInvoker.Rethrow(ActionExecutedContextSealed context)
   at Microsoft.AspNetCore.Mvc.Infrastructure.ControllerActionInvoker.Next(State& next, Scope& scope, Object& state, Boolean& isCompleted)
   at Microsoft.AspNetCore.Mvc.Infrastructure.ControllerActionInvoker.<InvokeInnerFilterAsync>g__Awaited|13_0(ControllerActionInvoker invoker, Task lastTask, State next, Scope scope, Object state, Boolean isCompleted)
   at Microsoft.AspNetCore.Mvc.Infrastructure.ResourceInvoker.<InvokeFilterPipelineAsync>g__Awaited|20_0(ResourceInvoker invoker, Task lastTask, State next, Scope scope, Object state, Boolean isCompleted)
   at Microsoft.AspNetCore.Mvc.Infrastructure.ResourceInvoker.<InvokeAsync>g__Awaited|17_0(ResourceInvoker invoker, Task task, IDisposable scope)
   at Microsoft.AspNetCore.Mvc.Infrastructure.ResourceInvoker.<InvokeAsync>g__Awaited|17_0(ResourceInvoker invoker, Task task, IDisposable scope)
   at Microsoft.AspNetCore.Authorization.AuthorizationMiddleware.Invoke(HttpContext context)
   at Microsoft.AspNetCore.Authentication.AuthenticationMiddleware.Invoke(HttpContext context)
   at Swashbuckle.AspNetCore.SwaggerUI.SwaggerUIMiddleware.Invoke(HttpContext httpContext)
   at Swashbuckle.AspNetCore.Swagger.SwaggerMiddleware.Invoke(HttpContext httpContext, ISwaggerProvider swaggerProvider)
   at AssignmentManagement.Api.Middleware.ExceptionMiddleware.InvokeAsync(HttpContext context) in C:\Users\Tarek\Desktop\assignment\src\AssignmentManagement.Api\Middleware\ExceptionMiddleware.cs:line 23
2026-08-08 15:18:07.559 +06:00 [INF] [AssignmentManagement.Application.Services.AuthService] Login attempt received for email 'admin@example.com' (length 8)
2026-08-08 15:18:07.682 +06:00 [WRN] [AssignmentManagement.Application.Services.AuthService] Login failed: Password mismatch for user 1 (admin@example.com). Input Pwd Len: 8, Hash: $2a$11$ZiwLqzti
2026-08-08 15:18:07.682 +06:00 [ERR] [AssignmentManagement.Api.Middleware.ExceptionMiddleware] Unhandled exception occurred while processing request POST /api/auth/login
System.UnauthorizedAccessException: Invalid email or password.
   at AssignmentManagement.Application.Services.AuthService.LoginAsync(LoginRequestDto request, CancellationToken cancellationToken) in C:\Users\Tarek\Desktop\assignment\src\AssignmentManagement.Application\Services\AuthService.cs:line 55
   at AssignmentManagement.Api.Controllers.AuthController.Login(LoginRequestDto request, CancellationToken cancellationToken) in C:\Users\Tarek\Desktop\assignment\src\AssignmentManagement.Api\Controllers\AuthController.cs:line 21
   at lambda_method179(Closure, Object)
   at Microsoft.AspNetCore.Mvc.Infrastructure.ActionMethodExecutor.AwaitableObjectResultExecutor.Execute(ActionContext actionContext, IActionResultTypeMapper mapper, ObjectMethodExecutor executor, Object controller, Object[] arguments)
   at Microsoft.AspNetCore.Mvc.Infrastructure.ControllerActionInvoker.<InvokeActionMethodAsync>g__Awaited|12_0(ControllerActionInvoker invoker, ValueTask`1 actionResultValueTask)
   at Microsoft.AspNetCore.Mvc.Infrastructure.ControllerActionInvoker.<InvokeNextActionFilterAsync>g__Awaited|10_0(ControllerActionInvoker invoker, Task lastTask, State next, Scope scope, Object state, Boolean isCompleted)
   at Microsoft.AspNetCore.Mvc.Infrastructure.ControllerActionInvoker.Rethrow(ActionExecutedContextSealed context)
   at Microsoft.AspNetCore.Mvc.Infrastructure.ControllerActionInvoker.Next(State& next, Scope& scope, Object& state, Boolean& isCompleted)
   at Microsoft.AspNetCore.Mvc.Infrastructure.ControllerActionInvoker.<InvokeInnerFilterAsync>g__Awaited|13_0(ControllerActionInvoker invoker, Task lastTask, State next, Scope scope, Object state, Boolean isCompleted)
   at Microsoft.AspNetCore.Mvc.Infrastructure.ResourceInvoker.<InvokeFilterPipelineAsync>g__Awaited|20_0(ResourceInvoker invoker, Task lastTask, State next, Scope scope, Object state, Boolean isCompleted)
   at Microsoft.AspNetCore.Mvc.Infrastructure.ResourceInvoker.<InvokeAsync>g__Awaited|17_0(ResourceInvoker invoker, Task task, IDisposable scope)
   at Microsoft.AspNetCore.Mvc.Infrastructure.ResourceInvoker.<InvokeAsync>g__Awaited|17_0(ResourceInvoker invoker, Task task, IDisposable scope)
   at Microsoft.AspNetCore.Authorization.AuthorizationMiddleware.Invoke(HttpContext context)
   at Microsoft.AspNetCore.Authentication.AuthenticationMiddleware.Invoke(HttpContext context)
   at Swashbuckle.AspNetCore.SwaggerUI.SwaggerUIMiddleware.Invoke(HttpContext httpContext)
   at Swashbuckle.AspNetCore.Swagger.SwaggerMiddleware.Invoke(HttpContext httpContext, ISwaggerProvider swaggerProvider)
   at AssignmentManagement.Api.Middleware.ExceptionMiddleware.InvokeAsync(HttpContext context) in C:\Users\Tarek\Desktop\assignment\src\AssignmentManagement.Api\Middleware\ExceptionMiddleware.cs:line 23
2026-08-08 15:18:20.913 +06:00 [INF] [AssignmentManagement.Application.Services.AuthService] Login attempt received for email 'admin@school.edu.bd' (length 8)
2026-08-08 15:18:21.035 +06:00 [WRN] [AssignmentManagement.Application.Services.AuthService] Login failed: Password mismatch for user 117 (admin@school.edu.bd). Input Pwd Len: 8, Hash: $2a$11$Wz6YXQLf
2026-08-08 15:18:21.035 +06:00 [ERR] [AssignmentManagement.Api.Middleware.ExceptionMiddleware] Unhandled exception occurred while processing request POST /api/auth/login
System.UnauthorizedAccessException: Invalid email or password.
   at AssignmentManagement.Application.Services.AuthService.LoginAsync(LoginRequestDto request, CancellationToken cancellationToken) in C:\Users\Tarek\Desktop\assignment\src\AssignmentManagement.Application\Services\AuthService.cs:line 55
   at AssignmentManagement.Api.Controllers.AuthController.Login(LoginRequestDto request, CancellationToken cancellationToken) in C:\Users\Tarek\Desktop\assignment\src\AssignmentManagement.Api\Controllers\AuthController.cs:line 21
   at lambda_method179(Closure, Object)
   at Microsoft.AspNetCore.Mvc.Infrastructure.ActionMethodExecutor.AwaitableObjectResultExecutor.Execute(ActionContext actionContext, IActionResultTypeMapper mapper, ObjectMethodExecutor executor, Object controller, Object[] arguments)
   at Microsoft.AspNetCore.Mvc.Infrastructure.ControllerActionInvoker.<InvokeActionMethodAsync>g__Awaited|12_0(ControllerActionInvoker invoker, ValueTask`1 actionResultValueTask)
   at Microsoft.AspNetCore.Mvc.Infrastructure.ControllerActionInvoker.<InvokeNextActionFilterAsync>g__Awaited|10_0(ControllerActionInvoker invoker, Task lastTask, State next, Scope scope, Object state, Boolean isCompleted)
   at Microsoft.AspNetCore.Mvc.Infrastructure.ControllerActionInvoker.Rethrow(ActionExecutedContextSealed context)
   at Microsoft.AspNetCore.Mvc.Infrastructure.ControllerActionInvoker.Next(State& next, Scope& scope, Object& state, Boolean& isCompleted)
   at Microsoft.AspNetCore.Mvc.Infrastructure.ControllerActionInvoker.<InvokeInnerFilterAsync>g__Awaited|13_0(ControllerActionInvoker invoker, Task lastTask, State next, Scope scope, Object state, Boolean isCompleted)
   at Microsoft.AspNetCore.Mvc.Infrastructure.ResourceInvoker.<InvokeFilterPipelineAsync>g__Awaited|20_0(ResourceInvoker invoker, Task lastTask, State next, Scope scope, Object state, Boolean isCompleted)
   at Microsoft.AspNetCore.Mvc.Infrastructure.ResourceInvoker.<InvokeAsync>g__Awaited|17_0(ResourceInvoker invoker, Task task, IDisposable scope)
   at Microsoft.AspNetCore.Mvc.Infrastructure.ResourceInvoker.<InvokeAsync>g__Awaited|17_0(ResourceInvoker invoker, Task task, IDisposable scope)
   at Microsoft.AspNetCore.Authorization.AuthorizationMiddleware.Invoke(HttpContext context)
   at Microsoft.AspNetCore.Authentication.AuthenticationMiddleware.Invoke(HttpContext context)
   at Swashbuckle.AspNetCore.SwaggerUI.SwaggerUIMiddleware.Invoke(HttpContext httpContext)
   at Swashbuckle.AspNetCore.Swagger.SwaggerMiddleware.Invoke(HttpContext httpContext, ISwaggerProvider swaggerProvider)
   at AssignmentManagement.Api.Middleware.ExceptionMiddleware.InvokeAsync(HttpContext context) in C:\Users\Tarek\Desktop\assignment\src\AssignmentManagement.Api\Middleware\ExceptionMiddleware.cs:line 23
2026-08-08 15:18:46.601 +06:00 [INF] [AssignmentManagement.Application.Services.AuthService] Login attempt received for email 'admin@school.edu.bd' (length 12)
2026-08-08 15:18:46.737 +06:00 [INF] [AssignmentManagement.Application.Services.AuthService] User 117 (admin@school.edu.bd) logged in successfully with role "Admin"
2026-08-08 15:29:59.222 +06:00 [INF] [AssignmentManagement.Application.Services.AuthService] User 117 (admin@school.edu.bd) logged out
2026-08-08 15:31:15.528 +06:00 [INF] [AssignmentManagement.Application.Services.AuthService] Login attempt received for email 'admin@school.edu.bd' (length 12)
2026-08-08 15:31:15.649 +06:00 [INF] [AssignmentManagement.Application.Services.AuthService] User 117 (admin@school.edu.bd) logged in successfully with role "Admin"
2026-08-08 15:39:52.453 +06:00 [INF] [AssignmentManagement.Application.Services.AuthService] User 117 (admin@school.edu.bd) logged out
2026-08-08 15:40:35.255 +06:00 [INF] [AssignmentManagement.Application.Services.AuthService] Login attempt received for email 'admin@school.edu.bd' (length 12)
2026-08-08 15:40:35.375 +06:00 [INF] [AssignmentManagement.Application.Services.AuthService] User 117 (admin@school.edu.bd) logged in successfully with role "Admin"
2026-08-08 15:44:36.901 +06:00 [INF] [AssignmentManagement.Application.Services.AuthService] User 117 (admin@school.edu.bd) logged out
2026-08-08 15:44:45.847 +06:00 [INF] [AssignmentManagement.Application.Services.AuthService] Login attempt received for email 'student15@school.edu.bd' (length 12)
2026-08-08 15:44:45.968 +06:00 [INF] [AssignmentManagement.Application.Services.AuthService] User 31 (student15@school.edu.bd) logged in successfully with role "Student"
2026-08-08 15:48:05.901 +06:00 [INF] [AssignmentManagement.Application.Services.AuthService] User 31 (student15@school.edu.bd) logged out
2026-08-08 15:48:07.548 +06:00 [INF] [AssignmentManagement.Application.Services.AuthService] Login attempt received for email 'admin@school.edu.bd' (length 12)
2026-08-08 15:48:07.666 +06:00 [INF] [AssignmentManagement.Application.Services.AuthService] User 117 (admin@school.edu.bd) logged in successfully with role "Admin"
2026-08-08 15:49:06.253 +06:00 [INF] [AssignmentManagement.Application.Services.AuthService] User 117 (admin@school.edu.bd) logged out
2026-08-08 15:49:18.897 +06:00 [INF] [AssignmentManagement.Application.Services.AuthService] Login attempt received for email 'student20@school.edu.bd' (length 12)
2026-08-08 15:49:19.015 +06:00 [INF] [AssignmentManagement.Application.Services.AuthService] User 36 (student20@school.edu.bd) logged in successfully with role "Student"
2026-08-08 15:52:07.484 +06:00 [INF] [AssignmentManagement.Application.Services.AuthService] User 36 (student20@school.edu.bd) logged out
2026-08-08 15:52:20.438 +06:00 [INF] [AssignmentManagement.Application.Services.AuthService] Login attempt received for email 'student88@school.edu.bd' (length 12)
2026-08-08 15:52:20.569 +06:00 [INF] [AssignmentManagement.Application.Services.AuthService] User 104 (student88@school.edu.bd) logged in successfully with role "Student"
2026-08-08 15:53:57.036 +06:00 [INF] [AssignmentManagement.Application.Services.AuthService] User 104 (student88@school.edu.bd) logged out
2026-08-08 15:54:02.687 +06:00 [INF] [AssignmentManagement.Application.Services.AuthService] Login attempt received for email 'student33@school.edu.bd' (length 12)
2026-08-08 15:54:02.806 +06:00 [INF] [AssignmentManagement.Application.Services.AuthService] User 49 (student33@school.edu.bd) logged in successfully with role "Student"
2026-08-08 15:54:05.181 +06:00 [INF] [AssignmentManagement.Application.Services.AuthService] User 49 (student33@school.edu.bd) logged out
2026-08-08 15:54:07.167 +06:00 [INF] [AssignmentManagement.Application.Services.AuthService] Login attempt received for email 'admin@school.edu.bd' (length 12)
2026-08-08 15:54:07.310 +06:00 [INF] [AssignmentManagement.Application.Services.AuthService] User 117 (admin@school.edu.bd) logged in successfully with role "Admin"
2026-08-08 15:54:40.429 +06:00 [INF] [AssignmentManagement.Application.Services.AuthService] User 117 (admin@school.edu.bd) logged out
2026-08-08 15:58:48.423 +06:00 [INF] [AssignmentManagement.Application.Services.AuthService] Login attempt received for email 'admin@school.edu.bd' (length 12)
2026-08-08 15:58:48.543 +06:00 [INF] [AssignmentManagement.Application.Services.AuthService] User 117 (admin@school.edu.bd) logged in successfully with role "Admin"
2026-08-08 16:01:46.631 +06:00 [INF] [AssignmentManagement.Application.Services.AuthService] User 117 (admin@school.edu.bd) logged out
2026-08-08 16:01:50.472 +06:00 [INF] [AssignmentManagement.Application.Services.AuthService] Login attempt received for email 'teacher3@school.edu.bd' (length 12)
2026-08-08 16:01:50.593 +06:00 [INF] [AssignmentManagement.Application.Services.AuthService] User 4 (teacher3@school.edu.bd) logged in successfully with role "Teacher"
2026-08-08 16:01:54.758 +06:00 [ERR] [AssignmentManagement.Api.Middleware.ExceptionMiddleware] Unhandled exception occurred while processing request GET /api/submissions/824/preview
AssignmentManagement.Application.Common.NotFoundException: The specified submission file does not exist on disk.
   at AssignmentManagement.Infrastructure.Services.StorageService.GetFileAsync(String relativePath, Boolean isDownload, CancellationToken cancellationToken) in C:\Users\Tarek\Desktop\assignment\src\AssignmentManagement.Infrastructure\Services\StorageService.cs:line 139
   at AssignmentManagement.Application.Services.SubmissionService.GetSubmissionFileStreamAsync(Int32 submissionId, Boolean isPreview, CancellationToken cancellationToken) in C:\Users\Tarek\Desktop\assignment\src\AssignmentManagement.Application\Services\SubmissionService.cs:line 230
   at AssignmentManagement.Api.Controllers.SubmissionsController.Preview(Int32 id, CancellationToken cancellationToken) in C:\Users\Tarek\Desktop\assignment\src\AssignmentManagement.Api\Controllers\SubmissionsController.cs:line 88
   at Microsoft.AspNetCore.Mvc.Infrastructure.ActionMethodExecutor.TaskOfIActionResultExecutor.Execute(ActionContext actionContext, IActionResultTypeMapper mapper, ObjectMethodExecutor executor, Object controller, Object[] arguments)
   at Microsoft.AspNetCore.Mvc.Infrastructure.ControllerActionInvoker.<InvokeActionMethodAsync>g__Awaited|12_0(ControllerActionInvoker invoker, ValueTask`1 actionResultValueTask)
   at Microsoft.AspNetCore.Mvc.Infrastructure.ControllerActionInvoker.<InvokeNextActionFilterAsync>g__Awaited|10_0(ControllerActionInvoker invoker, Task lastTask, State next, Scope scope, Object state, Boolean isCompleted)
   at Microsoft.AspNetCore.Mvc.Infrastructure.ControllerActionInvoker.Rethrow(ActionExecutedContextSealed context)
   at Microsoft.AspNetCore.Mvc.Infrastructure.ControllerActionInvoker.Next(State& next, Scope& scope, Object& state, Boolean& isCompleted)
   at Microsoft.AspNetCore.Mvc.Infrastructure.ControllerActionInvoker.<InvokeInnerFilterAsync>g__Awaited|13_0(ControllerActionInvoker invoker, Task lastTask, State next, Scope scope, Object state, Boolean isCompleted)
   at Microsoft.AspNetCore.Mvc.Infrastructure.ResourceInvoker.<InvokeFilterPipelineAsync>g__Awaited|20_0(ResourceInvoker invoker, Task lastTask, State next, Scope scope, Object state, Boolean isCompleted)
   at Microsoft.AspNetCore.Mvc.Infrastructure.ResourceInvoker.<InvokeAsync>g__Awaited|17_0(ResourceInvoker invoker, Task task, IDisposable scope)
   at Microsoft.AspNetCore.Mvc.Infrastructure.ResourceInvoker.<InvokeAsync>g__Awaited|17_0(ResourceInvoker invoker, Task task, IDisposable scope)
   at Microsoft.AspNetCore.Authorization.AuthorizationMiddleware.Invoke(HttpContext context)
   at Microsoft.AspNetCore.Authentication.AuthenticationMiddleware.Invoke(HttpContext context)
   at Swashbuckle.AspNetCore.SwaggerUI.SwaggerUIMiddleware.Invoke(HttpContext httpContext)
   at Swashbuckle.AspNetCore.Swagger.SwaggerMiddleware.Invoke(HttpContext httpContext, ISwaggerProvider swaggerProvider)
   at AssignmentManagement.Api.Middleware.ExceptionMiddleware.InvokeAsync(HttpContext context) in C:\Users\Tarek\Desktop\assignment\src\AssignmentManagement.Api\Middleware\ExceptionMiddleware.cs:line 23
2026-08-08 16:01:58.513 +06:00 [ERR] [AssignmentManagement.Api.Middleware.ExceptionMiddleware] Unhandled exception occurred while processing request GET /api/submissions/824/preview
AssignmentManagement.Application.Common.NotFoundException: The specified submission file does not exist on disk.
   at AssignmentManagement.Infrastructure.Services.StorageService.GetFileAsync(String relativePath, Boolean isDownload, CancellationToken cancellationToken) in C:\Users\Tarek\Desktop\assignment\src\AssignmentManagement.Infrastructure\Services\StorageService.cs:line 139
   at AssignmentManagement.Application.Services.SubmissionService.GetSubmissionFileStreamAsync(Int32 submissionId, Boolean isPreview, CancellationToken cancellationToken) in C:\Users\Tarek\Desktop\assignment\src\AssignmentManagement.Application\Services\SubmissionService.cs:line 230
   at AssignmentManagement.Api.Controllers.SubmissionsController.Preview(Int32 id, CancellationToken cancellationToken) in C:\Users\Tarek\Desktop\assignment\src\AssignmentManagement.Api\Controllers\SubmissionsController.cs:line 88
   at Microsoft.AspNetCore.Mvc.Infrastructure.ActionMethodExecutor.TaskOfIActionResultExecutor.Execute(ActionContext actionContext, IActionResultTypeMapper mapper, ObjectMethodExecutor executor, Object controller, Object[] arguments)
   at Microsoft.AspNetCore.Mvc.Infrastructure.ControllerActionInvoker.<InvokeActionMethodAsync>g__Awaited|12_0(ControllerActionInvoker invoker, ValueTask`1 actionResultValueTask)
   at Microsoft.AspNetCore.Mvc.Infrastructure.ControllerActionInvoker.<InvokeNextActionFilterAsync>g__Awaited|10_0(ControllerActionInvoker invoker, Task lastTask, State next, Scope scope, Object state, Boolean isCompleted)
   at Microsoft.AspNetCore.Mvc.Infrastructure.ControllerActionInvoker.Rethrow(ActionExecutedContextSealed context)
   at Microsoft.AspNetCore.Mvc.Infrastructure.ControllerActionInvoker.Next(State& next, Scope& scope, Object& state, Boolean& isCompleted)
   at Microsoft.AspNetCore.Mvc.Infrastructure.ControllerActionInvoker.<InvokeInnerFilterAsync>g__Awaited|13_0(ControllerActionInvoker invoker, Task lastTask, State next, Scope scope, Object state, Boolean isCompleted)
   at Microsoft.AspNetCore.Mvc.Infrastructure.ResourceInvoker.<InvokeFilterPipelineAsync>g__Awaited|20_0(ResourceInvoker invoker, Task lastTask, State next, Scope scope, Object state, Boolean isCompleted)
   at Microsoft.AspNetCore.Mvc.Infrastructure.ResourceInvoker.<InvokeAsync>g__Awaited|17_0(ResourceInvoker invoker, Task task, IDisposable scope)
   at Microsoft.AspNetCore.Mvc.Infrastructure.ResourceInvoker.<InvokeAsync>g__Awaited|17_0(ResourceInvoker invoker, Task task, IDisposable scope)
   at Microsoft.AspNetCore.Authorization.AuthorizationMiddleware.Invoke(HttpContext context)
   at Microsoft.AspNetCore.Authentication.AuthenticationMiddleware.Invoke(HttpContext context)
   at Swashbuckle.AspNetCore.SwaggerUI.SwaggerUIMiddleware.Invoke(HttpContext httpContext)
   at Swashbuckle.AspNetCore.Swagger.SwaggerMiddleware.Invoke(HttpContext httpContext, ISwaggerProvider swaggerProvider)
   at AssignmentManagement.Api.Middleware.ExceptionMiddleware.InvokeAsync(HttpContext context) in C:\Users\Tarek\Desktop\assignment\src\AssignmentManagement.Api\Middleware\ExceptionMiddleware.cs:line 23
2026-08-08 16:02:01.013 +06:00 [ERR] [AssignmentManagement.Api.Middleware.ExceptionMiddleware] Unhandled exception occurred while processing request GET /api/submissions/824/download
AssignmentManagement.Application.Common.NotFoundException: The specified submission file does not exist on disk.
   at AssignmentManagement.Infrastructure.Services.StorageService.GetFileAsync(String relativePath, Boolean isDownload, CancellationToken cancellationToken) in C:\Users\Tarek\Desktop\assignment\src\AssignmentManagement.Infrastructure\Services\StorageService.cs:line 139
   at AssignmentManagement.Application.Services.SubmissionService.GetSubmissionFileStreamAsync(Int32 submissionId, Boolean isPreview, CancellationToken cancellationToken) in C:\Users\Tarek\Desktop\assignment\src\AssignmentManagement.Application\Services\SubmissionService.cs:line 230
   at AssignmentManagement.Api.Controllers.SubmissionsController.Download(Int32 id, CancellationToken cancellationToken) in C:\Users\Tarek\Desktop\assignment\src\AssignmentManagement.Api\Controllers\SubmissionsController.cs:line 101
   at Microsoft.AspNetCore.Mvc.Infrastructure.ActionMethodExecutor.TaskOfIActionResultExecutor.Execute(ActionContext actionContext, IActionResultTypeMapper mapper, ObjectMethodExecutor executor, Object controller, Object[] arguments)
   at Microsoft.AspNetCore.Mvc.Infrastructure.ControllerActionInvoker.<InvokeActionMethodAsync>g__Awaited|12_0(ControllerActionInvoker invoker, ValueTask`1 actionResultValueTask)
   at Microsoft.AspNetCore.Mvc.Infrastructure.ControllerActionInvoker.<InvokeNextActionFilterAsync>g__Awaited|10_0(ControllerActionInvoker invoker, Task lastTask, State next, Scope scope, Object state, Boolean isCompleted)
   at Microsoft.AspNetCore.Mvc.Infrastructure.ControllerActionInvoker.Rethrow(ActionExecutedContextSealed context)
   at Microsoft.AspNetCore.Mvc.Infrastructure.ControllerActionInvoker.Next(State& next, Scope& scope, Object& state, Boolean& isCompleted)
   at Microsoft.AspNetCore.Mvc.Infrastructure.ControllerActionInvoker.<InvokeInnerFilterAsync>g__Awaited|13_0(ControllerActionInvoker invoker, Task lastTask, State next, Scope scope, Object state, Boolean isCompleted)
   at Microsoft.AspNetCore.Mvc.Infrastructure.ResourceInvoker.<InvokeFilterPipelineAsync>g__Awaited|20_0(ResourceInvoker invoker, Task lastTask, State next, Scope scope, Object state, Boolean isCompleted)
   at Microsoft.AspNetCore.Mvc.Infrastructure.ResourceInvoker.<InvokeAsync>g__Awaited|17_0(ResourceInvoker invoker, Task task, IDisposable scope)
   at Microsoft.AspNetCore.Mvc.Infrastructure.ResourceInvoker.<InvokeAsync>g__Awaited|17_0(ResourceInvoker invoker, Task task, IDisposable scope)
   at Microsoft.AspNetCore.Authorization.AuthorizationMiddleware.Invoke(HttpContext context)
   at Microsoft.AspNetCore.Authentication.AuthenticationMiddleware.Invoke(HttpContext context)
   at Swashbuckle.AspNetCore.SwaggerUI.SwaggerUIMiddleware.Invoke(HttpContext httpContext)
   at Swashbuckle.AspNetCore.Swagger.SwaggerMiddleware.Invoke(HttpContext httpContext, ISwaggerProvider swaggerProvider)
   at AssignmentManagement.Api.Middleware.ExceptionMiddleware.InvokeAsync(HttpContext context) in C:\Users\Tarek\Desktop\assignment\src\AssignmentManagement.Api\Middleware\ExceptionMiddleware.cs:line 23
2026-08-08 16:03:30.682 +06:00 [INF] [Microsoft.Hosting.Lifetime] Now listening on: http://localhost:5000
2026-08-08 16:03:30.704 +06:00 [INF] [Microsoft.Hosting.Lifetime] Application started. Press Ctrl+C to shut down.
2026-08-08 16:03:30.704 +06:00 [INF] [Microsoft.Hosting.Lifetime] Hosting environment: Production
2026-08-08 16:03:30.704 +06:00 [INF] [Microsoft.Hosting.Lifetime] Content root path: C:\Users\Tarek\Desktop\assignment\src\AssignmentManagement.Api
2026-08-08 16:04:33.565 +06:00 [WRN] [Microsoft.AspNetCore.HttpsPolicy.HttpsRedirectionMiddleware] Failed to determine the https port for redirect.
2026-08-08 16:05:06.083 +06:00 [ERR] [AssignmentManagement.Api.Middleware.ExceptionMiddleware] Unhandled exception occurred while processing request GET /api/submissions/811/preview
AssignmentManagement.Application.Common.NotFoundException: The specified submission file does not exist on disk.
   at AssignmentManagement.Infrastructure.Services.StorageService.GetFileAsync(String relativePath, Boolean isDownload, CancellationToken cancellationToken) in C:\Users\Tarek\Desktop\assignment\src\AssignmentManagement.Infrastructure\Services\StorageService.cs:line 139
   at AssignmentManagement.Application.Services.SubmissionService.GetSubmissionFileStreamAsync(Int32 submissionId, Boolean isPreview, CancellationToken cancellationToken) in C:\Users\Tarek\Desktop\assignment\src\AssignmentManagement.Application\Services\SubmissionService.cs:line 230
   at AssignmentManagement.Api.Controllers.SubmissionsController.Preview(Int32 id, CancellationToken cancellationToken) in C:\Users\Tarek\Desktop\assignment\src\AssignmentManagement.Api\Controllers\SubmissionsController.cs:line 88
   at Microsoft.AspNetCore.Mvc.Infrastructure.ActionMethodExecutor.TaskOfIActionResultExecutor.Execute(ActionContext actionContext, IActionResultTypeMapper mapper, ObjectMethodExecutor executor, Object controller, Object[] arguments)
   at Microsoft.AspNetCore.Mvc.Infrastructure.ControllerActionInvoker.<InvokeActionMethodAsync>g__Awaited|12_0(ControllerActionInvoker invoker, ValueTask`1 actionResultValueTask)
   at Microsoft.AspNetCore.Mvc.Infrastructure.ControllerActionInvoker.<InvokeNextActionFilterAsync>g__Awaited|10_0(ControllerActionInvoker invoker, Task lastTask, State next, Scope scope, Object state, Boolean isCompleted)
   at Microsoft.AspNetCore.Mvc.Infrastructure.ControllerActionInvoker.Rethrow(ActionExecutedContextSealed context)
   at Microsoft.AspNetCore.Mvc.Infrastructure.ControllerActionInvoker.Next(State& next, Scope& scope, Object& state, Boolean& isCompleted)
   at Microsoft.AspNetCore.Mvc.Infrastructure.ControllerActionInvoker.<InvokeInnerFilterAsync>g__Awaited|13_0(ControllerActionInvoker invoker, Task lastTask, State next, Scope scope, Object state, Boolean isCompleted)
   at Microsoft.AspNetCore.Mvc.Infrastructure.ResourceInvoker.<InvokeFilterPipelineAsync>g__Awaited|20_0(ResourceInvoker invoker, Task lastTask, State next, Scope scope, Object state, Boolean isCompleted)
   at Microsoft.AspNetCore.Mvc.Infrastructure.ResourceInvoker.<InvokeAsync>g__Awaited|17_0(ResourceInvoker invoker, Task task, IDisposable scope)
   at Microsoft.AspNetCore.Mvc.Infrastructure.ResourceInvoker.<InvokeAsync>g__Awaited|17_0(ResourceInvoker invoker, Task task, IDisposable scope)
   at Microsoft.AspNetCore.Authorization.AuthorizationMiddleware.Invoke(HttpContext context)
   at Microsoft.AspNetCore.Authentication.AuthenticationMiddleware.Invoke(HttpContext context)
   at Swashbuckle.AspNetCore.SwaggerUI.SwaggerUIMiddleware.Invoke(HttpContext httpContext)
   at Swashbuckle.AspNetCore.Swagger.SwaggerMiddleware.Invoke(HttpContext httpContext, ISwaggerProvider swaggerProvider)
   at AssignmentManagement.Api.Middleware.ExceptionMiddleware.InvokeAsync(HttpContext context) in C:\Users\Tarek\Desktop\assignment\src\AssignmentManagement.Api\Middleware\ExceptionMiddleware.cs:line 23
2026-08-08 16:05:11.786 +06:00 [ERR] [AssignmentManagement.Api.Middleware.ExceptionMiddleware] Unhandled exception occurred while processing request GET /api/submissions/816/preview
AssignmentManagement.Application.Common.NotFoundException: The specified submission file does not exist on disk.
   at AssignmentManagement.Infrastructure.Services.StorageService.GetFileAsync(String relativePath, Boolean isDownload, CancellationToken cancellationToken) in C:\Users\Tarek\Desktop\assignment\src\AssignmentManagement.Infrastructure\Services\StorageService.cs:line 139
   at AssignmentManagement.Application.Services.SubmissionService.GetSubmissionFileStreamAsync(Int32 submissionId, Boolean isPreview, CancellationToken cancellationToken) in C:\Users\Tarek\Desktop\assignment\src\AssignmentManagement.Application\Services\SubmissionService.cs:line 230
   at AssignmentManagement.Api.Controllers.SubmissionsController.Preview(Int32 id, CancellationToken cancellationToken) in C:\Users\Tarek\Desktop\assignment\src\AssignmentManagement.Api\Controllers\SubmissionsController.cs:line 88
   at Microsoft.AspNetCore.Mvc.Infrastructure.ActionMethodExecutor.TaskOfIActionResultExecutor.Execute(ActionContext actionContext, IActionResultTypeMapper mapper, ObjectMethodExecutor executor, Object controller, Object[] arguments)
   at Microsoft.AspNetCore.Mvc.Infrastructure.ControllerActionInvoker.<InvokeActionMethodAsync>g__Awaited|12_0(ControllerActionInvoker invoker, ValueTask`1 actionResultValueTask)
   at Microsoft.AspNetCore.Mvc.Infrastructure.ControllerActionInvoker.<InvokeNextActionFilterAsync>g__Awaited|10_0(ControllerActionInvoker invoker, Task lastTask, State next, Scope scope, Object state, Boolean isCompleted)
   at Microsoft.AspNetCore.Mvc.Infrastructure.ControllerActionInvoker.Rethrow(ActionExecutedContextSealed context)
   at Microsoft.AspNetCore.Mvc.Infrastructure.ControllerActionInvoker.Next(State& next, Scope& scope, Object& state, Boolean& isCompleted)
   at Microsoft.AspNetCore.Mvc.Infrastructure.ControllerActionInvoker.<InvokeInnerFilterAsync>g__Awaited|13_0(ControllerActionInvoker invoker, Task lastTask, State next, Scope scope, Object state, Boolean isCompleted)
   at Microsoft.AspNetCore.Mvc.Infrastructure.ResourceInvoker.<InvokeFilterPipelineAsync>g__Awaited|20_0(ResourceInvoker invoker, Task lastTask, State next, Scope scope, Object state, Boolean isCompleted)
   at Microsoft.AspNetCore.Mvc.Infrastructure.ResourceInvoker.<InvokeAsync>g__Awaited|17_0(ResourceInvoker invoker, Task task, IDisposable scope)
   at Microsoft.AspNetCore.Mvc.Infrastructure.ResourceInvoker.<InvokeAsync>g__Awaited|17_0(ResourceInvoker invoker, Task task, IDisposable scope)
   at Microsoft.AspNetCore.Authorization.AuthorizationMiddleware.Invoke(HttpContext context)
   at Microsoft.AspNetCore.Authentication.AuthenticationMiddleware.Invoke(HttpContext context)
   at Swashbuckle.AspNetCore.SwaggerUI.SwaggerUIMiddleware.Invoke(HttpContext httpContext)
   at Swashbuckle.AspNetCore.Swagger.SwaggerMiddleware.Invoke(HttpContext httpContext, ISwaggerProvider swaggerProvider)
   at AssignmentManagement.Api.Middleware.ExceptionMiddleware.InvokeAsync(HttpContext context) in C:\Users\Tarek\Desktop\assignment\src\AssignmentManagement.Api\Middleware\ExceptionMiddleware.cs:line 23
2026-08-08 16:05:16.089 +06:00 [ERR] [AssignmentManagement.Api.Middleware.ExceptionMiddleware] Unhandled exception occurred while processing request GET /api/submissions/816/preview
AssignmentManagement.Application.Common.NotFoundException: The specified submission file does not exist on disk.
   at AssignmentManagement.Infrastructure.Services.StorageService.GetFileAsync(String relativePath, Boolean isDownload, CancellationToken cancellationToken) in C:\Users\Tarek\Desktop\assignment\src\AssignmentManagement.Infrastructure\Services\StorageService.cs:line 139
   at AssignmentManagement.Application.Services.SubmissionService.GetSubmissionFileStreamAsync(Int32 submissionId, Boolean isPreview, CancellationToken cancellationToken) in C:\Users\Tarek\Desktop\assignment\src\AssignmentManagement.Application\Services\SubmissionService.cs:line 230
   at AssignmentManagement.Api.Controllers.SubmissionsController.Preview(Int32 id, CancellationToken cancellationToken) in C:\Users\Tarek\Desktop\assignment\src\AssignmentManagement.Api\Controllers\SubmissionsController.cs:line 88
   at Microsoft.AspNetCore.Mvc.Infrastructure.ActionMethodExecutor.TaskOfIActionResultExecutor.Execute(ActionContext actionContext, IActionResultTypeMapper mapper, ObjectMethodExecutor executor, Object controller, Object[] arguments)
   at Microsoft.AspNetCore.Mvc.Infrastructure.ControllerActionInvoker.<InvokeActionMethodAsync>g__Awaited|12_0(ControllerActionInvoker invoker, ValueTask`1 actionResultValueTask)
   at Microsoft.AspNetCore.Mvc.Infrastructure.ControllerActionInvoker.<InvokeNextActionFilterAsync>g__Awaited|10_0(ControllerActionInvoker invoker, Task lastTask, State next, Scope scope, Object state, Boolean isCompleted)
   at Microsoft.AspNetCore.Mvc.Infrastructure.ControllerActionInvoker.Rethrow(ActionExecutedContextSealed context)
   at Microsoft.AspNetCore.Mvc.Infrastructure.ControllerActionInvoker.Next(State& next, Scope& scope, Object& state, Boolean& isCompleted)
   at Microsoft.AspNetCore.Mvc.Infrastructure.ControllerActionInvoker.<InvokeInnerFilterAsync>g__Awaited|13_0(ControllerActionInvoker invoker, Task lastTask, State next, Scope scope, Object state, Boolean isCompleted)
   at Microsoft.AspNetCore.Mvc.Infrastructure.ResourceInvoker.<InvokeFilterPipelineAsync>g__Awaited|20_0(ResourceInvoker invoker, Task lastTask, State next, Scope scope, Object state, Boolean isCompleted)
   at Microsoft.AspNetCore.Mvc.Infrastructure.ResourceInvoker.<InvokeAsync>g__Awaited|17_0(ResourceInvoker invoker, Task task, IDisposable scope)
   at Microsoft.AspNetCore.Mvc.Infrastructure.ResourceInvoker.<InvokeAsync>g__Awaited|17_0(ResourceInvoker invoker, Task task, IDisposable scope)
   at Microsoft.AspNetCore.Authorization.AuthorizationMiddleware.Invoke(HttpContext context)
   at Microsoft.AspNetCore.Authentication.AuthenticationMiddleware.Invoke(HttpContext context)
   at Swashbuckle.AspNetCore.SwaggerUI.SwaggerUIMiddleware.Invoke(HttpContext httpContext)
   at Swashbuckle.AspNetCore.Swagger.SwaggerMiddleware.Invoke(HttpContext httpContext, ISwaggerProvider swaggerProvider)
   at AssignmentManagement.Api.Middleware.ExceptionMiddleware.InvokeAsync(HttpContext context) in C:\Users\Tarek\Desktop\assignment\src\AssignmentManagement.Api\Middleware\ExceptionMiddleware.cs:line 23
2026-08-08 16:05:17.457 +06:00 [ERR] [AssignmentManagement.Api.Middleware.ExceptionMiddleware] Unhandled exception occurred while processing request GET /api/submissions/816/preview
AssignmentManagement.Application.Common.NotFoundException: The specified submission file does not exist on disk.
   at AssignmentManagement.Infrastructure.Services.StorageService.GetFileAsync(String relativePath, Boolean isDownload, CancellationToken cancellationToken) in C:\Users\Tarek\Desktop\assignment\src\AssignmentManagement.Infrastructure\Services\StorageService.cs:line 139
   at AssignmentManagement.Application.Services.SubmissionService.GetSubmissionFileStreamAsync(Int32 submissionId, Boolean isPreview, CancellationToken cancellationToken) in C:\Users\Tarek\Desktop\assignment\src\AssignmentManagement.Application\Services\SubmissionService.cs:line 230
   at AssignmentManagement.Api.Controllers.SubmissionsController.Preview(Int32 id, CancellationToken cancellationToken) in C:\Users\Tarek\Desktop\assignment\src\AssignmentManagement.Api\Controllers\SubmissionsController.cs:line 88
   at Microsoft.AspNetCore.Mvc.Infrastructure.ActionMethodExecutor.TaskOfIActionResultExecutor.Execute(ActionContext actionContext, IActionResultTypeMapper mapper, ObjectMethodExecutor executor, Object controller, Object[] arguments)
   at Microsoft.AspNetCore.Mvc.Infrastructure.ControllerActionInvoker.<InvokeActionMethodAsync>g__Awaited|12_0(ControllerActionInvoker invoker, ValueTask`1 actionResultValueTask)
   at Microsoft.AspNetCore.Mvc.Infrastructure.ControllerActionInvoker.<InvokeNextActionFilterAsync>g__Awaited|10_0(ControllerActionInvoker invoker, Task lastTask, State next, Scope scope, Object state, Boolean isCompleted)
   at Microsoft.AspNetCore.Mvc.Infrastructure.ControllerActionInvoker.Rethrow(ActionExecutedContextSealed context)
   at Microsoft.AspNetCore.Mvc.Infrastructure.ControllerActionInvoker.Next(State& next, Scope& scope, Object& state, Boolean& isCompleted)
   at Microsoft.AspNetCore.Mvc.Infrastructure.ControllerActionInvoker.<InvokeInnerFilterAsync>g__Awaited|13_0(ControllerActionInvoker invoker, Task lastTask, State next, Scope scope, Object state, Boolean isCompleted)
   at Microsoft.AspNetCore.Mvc.Infrastructure.ResourceInvoker.<InvokeFilterPipelineAsync>g__Awaited|20_0(ResourceInvoker invoker, Task lastTask, State next, Scope scope, Object state, Boolean isCompleted)
   at Microsoft.AspNetCore.Mvc.Infrastructure.ResourceInvoker.<InvokeAsync>g__Awaited|17_0(ResourceInvoker invoker, Task task, IDisposable scope)
   at Microsoft.AspNetCore.Mvc.Infrastructure.ResourceInvoker.<InvokeAsync>g__Awaited|17_0(ResourceInvoker invoker, Task task, IDisposable scope)
   at Microsoft.AspNetCore.Authorization.AuthorizationMiddleware.Invoke(HttpContext context)
   at Microsoft.AspNetCore.Authentication.AuthenticationMiddleware.Invoke(HttpContext context)
   at Swashbuckle.AspNetCore.SwaggerUI.SwaggerUIMiddleware.Invoke(HttpContext httpContext)
   at Swashbuckle.AspNetCore.Swagger.SwaggerMiddleware.Invoke(HttpContext httpContext, ISwaggerProvider swaggerProvider)
   at AssignmentManagement.Api.Middleware.ExceptionMiddleware.InvokeAsync(HttpContext context) in C:\Users\Tarek\Desktop\assignment\src\AssignmentManagement.Api\Middleware\ExceptionMiddleware.cs:line 23
2026-08-08 16:05:19.035 +06:00 [ERR] [AssignmentManagement.Api.Middleware.ExceptionMiddleware] Unhandled exception occurred while processing request GET /api/submissions/816/download
AssignmentManagement.Application.Common.NotFoundException: The specified submission file does not exist on disk.
   at AssignmentManagement.Infrastructure.Services.StorageService.GetFileAsync(String relativePath, Boolean isDownload, CancellationToken cancellationToken) in C:\Users\Tarek\Desktop\assignment\src\AssignmentManagement.Infrastructure\Services\StorageService.cs:line 139
   at AssignmentManagement.Application.Services.SubmissionService.GetSubmissionFileStreamAsync(Int32 submissionId, Boolean isPreview, CancellationToken cancellationToken) in C:\Users\Tarek\Desktop\assignment\src\AssignmentManagement.Application\Services\SubmissionService.cs:line 230
   at AssignmentManagement.Api.Controllers.SubmissionsController.Download(Int32 id, CancellationToken cancellationToken) in C:\Users\Tarek\Desktop\assignment\src\AssignmentManagement.Api\Controllers\SubmissionsController.cs:line 101
   at Microsoft.AspNetCore.Mvc.Infrastructure.ActionMethodExecutor.TaskOfIActionResultExecutor.Execute(ActionContext actionContext, IActionResultTypeMapper mapper, ObjectMethodExecutor executor, Object controller, Object[] arguments)
   at Microsoft.AspNetCore.Mvc.Infrastructure.ControllerActionInvoker.<InvokeActionMethodAsync>g__Awaited|12_0(ControllerActionInvoker invoker, ValueTask`1 actionResultValueTask)
   at Microsoft.AspNetCore.Mvc.Infrastructure.ControllerActionInvoker.<InvokeNextActionFilterAsync>g__Awaited|10_0(ControllerActionInvoker invoker, Task lastTask, State next, Scope scope, Object state, Boolean isCompleted)
   at Microsoft.AspNetCore.Mvc.Infrastructure.ControllerActionInvoker.Rethrow(ActionExecutedContextSealed context)
   at Microsoft.AspNetCore.Mvc.Infrastructure.ControllerActionInvoker.Next(State& next, Scope& scope, Object& state, Boolean& isCompleted)
   at Microsoft.AspNetCore.Mvc.Infrastructure.ControllerActionInvoker.<InvokeInnerFilterAsync>g__Awaited|13_0(ControllerActionInvoker invoker, Task lastTask, State next, Scope scope, Object state, Boolean isCompleted)
   at Microsoft.AspNetCore.Mvc.Infrastructure.ResourceInvoker.<InvokeFilterPipelineAsync>g__Awaited|20_0(ResourceInvoker invoker, Task lastTask, State next, Scope scope, Object state, Boolean isCompleted)
   at Microsoft.AspNetCore.Mvc.Infrastructure.ResourceInvoker.<InvokeAsync>g__Awaited|17_0(ResourceInvoker invoker, Task task, IDisposable scope)
   at Microsoft.AspNetCore.Mvc.Infrastructure.ResourceInvoker.<InvokeAsync>g__Awaited|17_0(ResourceInvoker invoker, Task task, IDisposable scope)
   at Microsoft.AspNetCore.Authorization.AuthorizationMiddleware.Invoke(HttpContext context)
   at Microsoft.AspNetCore.Authentication.AuthenticationMiddleware.Invoke(HttpContext context)
   at Swashbuckle.AspNetCore.SwaggerUI.SwaggerUIMiddleware.Invoke(HttpContext httpContext)
   at Swashbuckle.AspNetCore.Swagger.SwaggerMiddleware.Invoke(HttpContext httpContext, ISwaggerProvider swaggerProvider)
   at AssignmentManagement.Api.Middleware.ExceptionMiddleware.InvokeAsync(HttpContext context) in C:\Users\Tarek\Desktop\assignment\src\AssignmentManagement.Api\Middleware\ExceptionMiddleware.cs:line 23
2026-08-08 16:05:20.311 +06:00 [ERR] [AssignmentManagement.Api.Middleware.ExceptionMiddleware] Unhandled exception occurred while processing request GET /api/submissions/816/download
AssignmentManagement.Application.Common.NotFoundException: The specified submission file does not exist on disk.
   at AssignmentManagement.Infrastructure.Services.StorageService.GetFileAsync(String relativePath, Boolean isDownload, CancellationToken cancellationToken) in C:\Users\Tarek\Desktop\assignment\src\AssignmentManagement.Infrastructure\Services\StorageService.cs:line 139
   at AssignmentManagement.Application.Services.SubmissionService.GetSubmissionFileStreamAsync(Int32 submissionId, Boolean isPreview, CancellationToken cancellationToken) in C:\Users\Tarek\Desktop\assignment\src\AssignmentManagement.Application\Services\SubmissionService.cs:line 230
   at AssignmentManagement.Api.Controllers.SubmissionsController.Download(Int32 id, CancellationToken cancellationToken) in C:\Users\Tarek\Desktop\assignment\src\AssignmentManagement.Api\Controllers\SubmissionsController.cs:line 101
   at Microsoft.AspNetCore.Mvc.Infrastructure.ActionMethodExecutor.TaskOfIActionResultExecutor.Execute(ActionContext actionContext, IActionResultTypeMapper mapper, ObjectMethodExecutor executor, Object controller, Object[] arguments)
   at Microsoft.AspNetCore.Mvc.Infrastructure.ControllerActionInvoker.<InvokeActionMethodAsync>g__Awaited|12_0(ControllerActionInvoker invoker, ValueTask`1 actionResultValueTask)
   at Microsoft.AspNetCore.Mvc.Infrastructure.ControllerActionInvoker.<InvokeNextActionFilterAsync>g__Awaited|10_0(ControllerActionInvoker invoker, Task lastTask, State next, Scope scope, Object state, Boolean isCompleted)
   at Microsoft.AspNetCore.Mvc.Infrastructure.ControllerActionInvoker.Rethrow(ActionExecutedContextSealed context)
   at Microsoft.AspNetCore.Mvc.Infrastructure.ControllerActionInvoker.Next(State& next, Scope& scope, Object& state, Boolean& isCompleted)
   at Microsoft.AspNetCore.Mvc.Infrastructure.ControllerActionInvoker.<InvokeInnerFilterAsync>g__Awaited|13_0(ControllerActionInvoker invoker, Task lastTask, State next, Scope scope, Object state, Boolean isCompleted)
   at Microsoft.AspNetCore.Mvc.Infrastructure.ResourceInvoker.<InvokeFilterPipelineAsync>g__Awaited|20_0(ResourceInvoker invoker, Task lastTask, State next, Scope scope, Object state, Boolean isCompleted)
   at Microsoft.AspNetCore.Mvc.Infrastructure.ResourceInvoker.<InvokeAsync>g__Awaited|17_0(ResourceInvoker invoker, Task task, IDisposable scope)
   at Microsoft.AspNetCore.Mvc.Infrastructure.ResourceInvoker.<InvokeAsync>g__Awaited|17_0(ResourceInvoker invoker, Task task, IDisposable scope)
   at Microsoft.AspNetCore.Authorization.AuthorizationMiddleware.Invoke(HttpContext context)
   at Microsoft.AspNetCore.Authentication.AuthenticationMiddleware.Invoke(HttpContext context)
   at Swashbuckle.AspNetCore.SwaggerUI.SwaggerUIMiddleware.Invoke(HttpContext httpContext)
   at Swashbuckle.AspNetCore.Swagger.SwaggerMiddleware.Invoke(HttpContext httpContext, ISwaggerProvider swaggerProvider)
   at AssignmentManagement.Api.Middleware.ExceptionMiddleware.InvokeAsync(HttpContext context) in C:\Users\Tarek\Desktop\assignment\src\AssignmentManagement.Api\Middleware\ExceptionMiddleware.cs:line 23
2026-08-08 16:05:20.679 +06:00 [ERR] [AssignmentManagement.Api.Middleware.ExceptionMiddleware] Unhandled exception occurred while processing request GET /api/submissions/816/download
AssignmentManagement.Application.Common.NotFoundException: The specified submission file does not exist on disk.
   at AssignmentManagement.Infrastructure.Services.StorageService.GetFileAsync(String relativePath, Boolean isDownload, CancellationToken cancellationToken) in C:\Users\Tarek\Desktop\assignment\src\AssignmentManagement.Infrastructure\Services\StorageService.cs:line 139
   at AssignmentManagement.Application.Services.SubmissionService.GetSubmissionFileStreamAsync(Int32 submissionId, Boolean isPreview, CancellationToken cancellationToken) in C:\Users\Tarek\Desktop\assignment\src\AssignmentManagement.Application\Services\SubmissionService.cs:line 230
   at AssignmentManagement.Api.Controllers.SubmissionsController.Download(Int32 id, CancellationToken cancellationToken) in C:\Users\Tarek\Desktop\assignment\src\AssignmentManagement.Api\Controllers\SubmissionsController.cs:line 101
   at Microsoft.AspNetCore.Mvc.Infrastructure.ActionMethodExecutor.TaskOfIActionResultExecutor.Execute(ActionContext actionContext, IActionResultTypeMapper mapper, ObjectMethodExecutor executor, Object controller, Object[] arguments)
   at Microsoft.AspNetCore.Mvc.Infrastructure.ControllerActionInvoker.<InvokeActionMethodAsync>g__Awaited|12_0(ControllerActionInvoker invoker, ValueTask`1 actionResultValueTask)
   at Microsoft.AspNetCore.Mvc.Infrastructure.ControllerActionInvoker.<InvokeNextActionFilterAsync>g__Awaited|10_0(ControllerActionInvoker invoker, Task lastTask, State next, Scope scope, Object state, Boolean isCompleted)
   at Microsoft.AspNetCore.Mvc.Infrastructure.ControllerActionInvoker.Rethrow(ActionExecutedContextSealed context)
   at Microsoft.AspNetCore.Mvc.Infrastructure.ControllerActionInvoker.Next(State& next, Scope& scope, Object& state, Boolean& isCompleted)
   at Microsoft.AspNetCore.Mvc.Infrastructure.ControllerActionInvoker.<InvokeInnerFilterAsync>g__Awaited|13_0(ControllerActionInvoker invoker, Task lastTask, State next, Scope scope, Object state, Boolean isCompleted)
   at Microsoft.AspNetCore.Mvc.Infrastructure.ResourceInvoker.<InvokeFilterPipelineAsync>g__Awaited|20_0(ResourceInvoker invoker, Task lastTask, State next, Scope scope, Object state, Boolean isCompleted)
   at Microsoft.AspNetCore.Mvc.Infrastructure.ResourceInvoker.<InvokeAsync>g__Awaited|17_0(ResourceInvoker invoker, Task task, IDisposable scope)
   at Microsoft.AspNetCore.Mvc.Infrastructure.ResourceInvoker.<InvokeAsync>g__Awaited|17_0(ResourceInvoker invoker, Task task, IDisposable scope)
   at Microsoft.AspNetCore.Authorization.AuthorizationMiddleware.Invoke(HttpContext context)
   at Microsoft.AspNetCore.Authentication.AuthenticationMiddleware.Invoke(HttpContext context)
   at Swashbuckle.AspNetCore.SwaggerUI.SwaggerUIMiddleware.Invoke(HttpContext httpContext)
   at Swashbuckle.AspNetCore.Swagger.SwaggerMiddleware.Invoke(HttpContext httpContext, ISwaggerProvider swaggerProvider)
   at AssignmentManagement.Api.Middleware.ExceptionMiddleware.InvokeAsync(HttpContext context) in C:\Users\Tarek\Desktop\assignment\src\AssignmentManagement.Api\Middleware\ExceptionMiddleware.cs:line 23
2026-08-08 16:06:30.873 +06:00 [ERR] [AssignmentManagement.Api.Middleware.ExceptionMiddleware] Unhandled exception occurred while processing request GET /api/submissions/824/preview
AssignmentManagement.Application.Common.NotFoundException: The specified submission file does not exist on disk.
   at AssignmentManagement.Infrastructure.Services.StorageService.GetFileAsync(String relativePath, Boolean isDownload, CancellationToken cancellationToken) in C:\Users\Tarek\Desktop\assignment\src\AssignmentManagement.Infrastructure\Services\StorageService.cs:line 139
   at AssignmentManagement.Application.Services.SubmissionService.GetSubmissionFileStreamAsync(Int32 submissionId, Boolean isPreview, CancellationToken cancellationToken) in C:\Users\Tarek\Desktop\assignment\src\AssignmentManagement.Application\Services\SubmissionService.cs:line 230
   at AssignmentManagement.Api.Controllers.SubmissionsController.Preview(Int32 id, CancellationToken cancellationToken) in C:\Users\Tarek\Desktop\assignment\src\AssignmentManagement.Api\Controllers\SubmissionsController.cs:line 88
   at Microsoft.AspNetCore.Mvc.Infrastructure.ActionMethodExecutor.TaskOfIActionResultExecutor.Execute(ActionContext actionContext, IActionResultTypeMapper mapper, ObjectMethodExecutor executor, Object controller, Object[] arguments)
   at Microsoft.AspNetCore.Mvc.Infrastructure.ControllerActionInvoker.<InvokeActionMethodAsync>g__Awaited|12_0(ControllerActionInvoker invoker, ValueTask`1 actionResultValueTask)
   at Microsoft.AspNetCore.Mvc.Infrastructure.ControllerActionInvoker.<InvokeNextActionFilterAsync>g__Awaited|10_0(ControllerActionInvoker invoker, Task lastTask, State next, Scope scope, Object state, Boolean isCompleted)
   at Microsoft.AspNetCore.Mvc.Infrastructure.ControllerActionInvoker.Rethrow(ActionExecutedContextSealed context)
   at Microsoft.AspNetCore.Mvc.Infrastructure.ControllerActionInvoker.Next(State& next, Scope& scope, Object& state, Boolean& isCompleted)
   at Microsoft.AspNetCore.Mvc.Infrastructure.ControllerActionInvoker.<InvokeInnerFilterAsync>g__Awaited|13_0(ControllerActionInvoker invoker, Task lastTask, State next, Scope scope, Object state, Boolean isCompleted)
   at Microsoft.AspNetCore.Mvc.Infrastructure.ResourceInvoker.<InvokeFilterPipelineAsync>g__Awaited|20_0(ResourceInvoker invoker, Task lastTask, State next, Scope scope, Object state, Boolean isCompleted)
   at Microsoft.AspNetCore.Mvc.Infrastructure.ResourceInvoker.<InvokeAsync>g__Awaited|17_0(ResourceInvoker invoker, Task task, IDisposable scope)
   at Microsoft.AspNetCore.Mvc.Infrastructure.ResourceInvoker.<InvokeAsync>g__Awaited|17_0(ResourceInvoker invoker, Task task, IDisposable scope)
   at Microsoft.AspNetCore.Authorization.AuthorizationMiddleware.Invoke(HttpContext context)
   at Microsoft.AspNetCore.Authentication.AuthenticationMiddleware.Invoke(HttpContext context)
   at Swashbuckle.AspNetCore.SwaggerUI.SwaggerUIMiddleware.Invoke(HttpContext httpContext)
   at Swashbuckle.AspNetCore.Swagger.SwaggerMiddleware.Invoke(HttpContext httpContext, ISwaggerProvider swaggerProvider)
   at AssignmentManagement.Api.Middleware.ExceptionMiddleware.InvokeAsync(HttpContext context) in C:\Users\Tarek\Desktop\assignment\src\AssignmentManagement.Api\Middleware\ExceptionMiddleware.cs:line 23
2026-08-08 16:06:38.882 +06:00 [ERR] [AssignmentManagement.Api.Middleware.ExceptionMiddleware] Unhandled exception occurred while processing request GET /api/submissions/824/preview
AssignmentManagement.Application.Common.NotFoundException: The specified submission file does not exist on disk.
   at AssignmentManagement.Infrastructure.Services.StorageService.GetFileAsync(String relativePath, Boolean isDownload, CancellationToken cancellationToken) in C:\Users\Tarek\Desktop\assignment\src\AssignmentManagement.Infrastructure\Services\StorageService.cs:line 139
   at AssignmentManagement.Application.Services.SubmissionService.GetSubmissionFileStreamAsync(Int32 submissionId, Boolean isPreview, CancellationToken cancellationToken) in C:\Users\Tarek\Desktop\assignment\src\AssignmentManagement.Application\Services\SubmissionService.cs:line 230
   at AssignmentManagement.Api.Controllers.SubmissionsController.Preview(Int32 id, CancellationToken cancellationToken) in C:\Users\Tarek\Desktop\assignment\src\AssignmentManagement.Api\Controllers\SubmissionsController.cs:line 88
   at Microsoft.AspNetCore.Mvc.Infrastructure.ActionMethodExecutor.TaskOfIActionResultExecutor.Execute(ActionContext actionContext, IActionResultTypeMapper mapper, ObjectMethodExecutor executor, Object controller, Object[] arguments)
   at Microsoft.AspNetCore.Mvc.Infrastructure.ControllerActionInvoker.<InvokeActionMethodAsync>g__Awaited|12_0(ControllerActionInvoker invoker, ValueTask`1 actionResultValueTask)
   at Microsoft.AspNetCore.Mvc.Infrastructure.ControllerActionInvoker.<InvokeNextActionFilterAsync>g__Awaited|10_0(ControllerActionInvoker invoker, Task lastTask, State next, Scope scope, Object state, Boolean isCompleted)
   at Microsoft.AspNetCore.Mvc.Infrastructure.ControllerActionInvoker.Rethrow(ActionExecutedContextSealed context)
   at Microsoft.AspNetCore.Mvc.Infrastructure.ControllerActionInvoker.Next(State& next, Scope& scope, Object& state, Boolean& isCompleted)
   at Microsoft.AspNetCore.Mvc.Infrastructure.ControllerActionInvoker.<InvokeInnerFilterAsync>g__Awaited|13_0(ControllerActionInvoker invoker, Task lastTask, State next, Scope scope, Object state, Boolean isCompleted)
   at Microsoft.AspNetCore.Mvc.Infrastructure.ResourceInvoker.<InvokeFilterPipelineAsync>g__Awaited|20_0(ResourceInvoker invoker, Task lastTask, State next, Scope scope, Object state, Boolean isCompleted)
   at Microsoft.AspNetCore.Mvc.Infrastructure.ResourceInvoker.<InvokeAsync>g__Awaited|17_0(ResourceInvoker invoker, Task task, IDisposable scope)
   at Microsoft.AspNetCore.Mvc.Infrastructure.ResourceInvoker.<InvokeAsync>g__Awaited|17_0(ResourceInvoker invoker, Task task, IDisposable scope)
   at Microsoft.AspNetCore.Authorization.AuthorizationMiddleware.Invoke(HttpContext context)
   at Microsoft.AspNetCore.Authentication.AuthenticationMiddleware.Invoke(HttpContext context)
   at Swashbuckle.AspNetCore.SwaggerUI.SwaggerUIMiddleware.Invoke(HttpContext httpContext)
   at Swashbuckle.AspNetCore.Swagger.SwaggerMiddleware.Invoke(HttpContext httpContext, ISwaggerProvider swaggerProvider)
   at AssignmentManagement.Api.Middleware.ExceptionMiddleware.InvokeAsync(HttpContext context) in C:\Users\Tarek\Desktop\assignment\src\AssignmentManagement.Api\Middleware\ExceptionMiddleware.cs:line 23
2026-08-08 16:06:50.872 +06:00 [ERR] [AssignmentManagement.Api.Middleware.ExceptionMiddleware] Unhandled exception occurred while processing request GET /api/submissions/824/preview
AssignmentManagement.Application.Common.NotFoundException: The specified submission file does not exist on disk.
   at AssignmentManagement.Infrastructure.Services.StorageService.GetFileAsync(String relativePath, Boolean isDownload, CancellationToken cancellationToken) in C:\Users\Tarek\Desktop\assignment\src\AssignmentManagement.Infrastructure\Services\StorageService.cs:line 139
   at AssignmentManagement.Application.Services.SubmissionService.GetSubmissionFileStreamAsync(Int32 submissionId, Boolean isPreview, CancellationToken cancellationToken) in C:\Users\Tarek\Desktop\assignment\src\AssignmentManagement.Application\Services\SubmissionService.cs:line 230
   at AssignmentManagement.Api.Controllers.SubmissionsController.Preview(Int32 id, CancellationToken cancellationToken) in C:\Users\Tarek\Desktop\assignment\src\AssignmentManagement.Api\Controllers\SubmissionsController.cs:line 88
   at Microsoft.AspNetCore.Mvc.Infrastructure.ActionMethodExecutor.TaskOfIActionResultExecutor.Execute(ActionContext actionContext, IActionResultTypeMapper mapper, ObjectMethodExecutor executor, Object controller, Object[] arguments)
   at Microsoft.AspNetCore.Mvc.Infrastructure.ControllerActionInvoker.<InvokeActionMethodAsync>g__Awaited|12_0(ControllerActionInvoker invoker, ValueTask`1 actionResultValueTask)
   at Microsoft.AspNetCore.Mvc.Infrastructure.ControllerActionInvoker.<InvokeNextActionFilterAsync>g__Awaited|10_0(ControllerActionInvoker invoker, Task lastTask, State next, Scope scope, Object state, Boolean isCompleted)
   at Microsoft.AspNetCore.Mvc.Infrastructure.ControllerActionInvoker.Rethrow(ActionExecutedContextSealed context)
   at Microsoft.AspNetCore.Mvc.Infrastructure.ControllerActionInvoker.Next(State& next, Scope& scope, Object& state, Boolean& isCompleted)
   at Microsoft.AspNetCore.Mvc.Infrastructure.ControllerActionInvoker.<InvokeInnerFilterAsync>g__Awaited|13_0(ControllerActionInvoker invoker, Task lastTask, State next, Scope scope, Object state, Boolean isCompleted)
   at Microsoft.AspNetCore.Mvc.Infrastructure.ResourceInvoker.<InvokeFilterPipelineAsync>g__Awaited|20_0(ResourceInvoker invoker, Task lastTask, State next, Scope scope, Object state, Boolean isCompleted)
   at Microsoft.AspNetCore.Mvc.Infrastructure.ResourceInvoker.<InvokeAsync>g__Awaited|17_0(ResourceInvoker invoker, Task task, IDisposable scope)
   at Microsoft.AspNetCore.Mvc.Infrastructure.ResourceInvoker.<InvokeAsync>g__Awaited|17_0(ResourceInvoker invoker, Task task, IDisposable scope)
   at Microsoft.AspNetCore.Authorization.AuthorizationMiddleware.Invoke(HttpContext context)
   at Microsoft.AspNetCore.Authentication.AuthenticationMiddleware.Invoke(HttpContext context)
   at Swashbuckle.AspNetCore.SwaggerUI.SwaggerUIMiddleware.Invoke(HttpContext httpContext)
   at Swashbuckle.AspNetCore.Swagger.SwaggerMiddleware.Invoke(HttpContext httpContext, ISwaggerProvider swaggerProvider)
   at AssignmentManagement.Api.Middleware.ExceptionMiddleware.InvokeAsync(HttpContext context) in C:\Users\Tarek\Desktop\assignment\src\AssignmentManagement.Api\Middleware\ExceptionMiddleware.cs:line 23
2026-08-08 16:06:55.129 +06:00 [ERR] [AssignmentManagement.Api.Middleware.ExceptionMiddleware] Unhandled exception occurred while processing request GET /api/submissions/824/preview
AssignmentManagement.Application.Common.NotFoundException: The specified submission file does not exist on disk.
   at AssignmentManagement.Infrastructure.Services.StorageService.GetFileAsync(String relativePath, Boolean isDownload, CancellationToken cancellationToken) in C:\Users\Tarek\Desktop\assignment\src\AssignmentManagement.Infrastructure\Services\StorageService.cs:line 139
   at AssignmentManagement.Application.Services.SubmissionService.GetSubmissionFileStreamAsync(Int32 submissionId, Boolean isPreview, CancellationToken cancellationToken) in C:\Users\Tarek\Desktop\assignment\src\AssignmentManagement.Application\Services\SubmissionService.cs:line 230
   at AssignmentManagement.Api.Controllers.SubmissionsController.Preview(Int32 id, CancellationToken cancellationToken) in C:\Users\Tarek\Desktop\assignment\src\AssignmentManagement.Api\Controllers\SubmissionsController.cs:line 88
   at Microsoft.AspNetCore.Mvc.Infrastructure.ActionMethodExecutor.TaskOfIActionResultExecutor.Execute(ActionContext actionContext, IActionResultTypeMapper mapper, ObjectMethodExecutor executor, Object controller, Object[] arguments)
   at Microsoft.AspNetCore.Mvc.Infrastructure.ControllerActionInvoker.<InvokeActionMethodAsync>g__Awaited|12_0(ControllerActionInvoker invoker, ValueTask`1 actionResultValueTask)
   at Microsoft.AspNetCore.Mvc.Infrastructure.ControllerActionInvoker.<InvokeNextActionFilterAsync>g__Awaited|10_0(ControllerActionInvoker invoker, Task lastTask, State next, Scope scope, Object state, Boolean isCompleted)
   at Microsoft.AspNetCore.Mvc.Infrastructure.ControllerActionInvoker.Rethrow(ActionExecutedContextSealed context)
   at Microsoft.AspNetCore.Mvc.Infrastructure.ControllerActionInvoker.Next(State& next, Scope& scope, Object& state, Boolean& isCompleted)
   at Microsoft.AspNetCore.Mvc.Infrastructure.ControllerActionInvoker.<InvokeInnerFilterAsync>g__Awaited|13_0(ControllerActionInvoker invoker, Task lastTask, State next, Scope scope, Object state, Boolean isCompleted)
   at Microsoft.AspNetCore.Mvc.Infrastructure.ResourceInvoker.<InvokeFilterPipelineAsync>g__Awaited|20_0(ResourceInvoker invoker, Task lastTask, State next, Scope scope, Object state, Boolean isCompleted)
   at Microsoft.AspNetCore.Mvc.Infrastructure.ResourceInvoker.<InvokeAsync>g__Awaited|17_0(ResourceInvoker invoker, Task task, IDisposable scope)
   at Microsoft.AspNetCore.Mvc.Infrastructure.ResourceInvoker.<InvokeAsync>g__Awaited|17_0(ResourceInvoker invoker, Task task, IDisposable scope)
   at Microsoft.AspNetCore.Authorization.AuthorizationMiddleware.Invoke(HttpContext context)
   at Microsoft.AspNetCore.Authentication.AuthenticationMiddleware.Invoke(HttpContext context)
   at Swashbuckle.AspNetCore.SwaggerUI.SwaggerUIMiddleware.Invoke(HttpContext httpContext)
   at Swashbuckle.AspNetCore.Swagger.SwaggerMiddleware.Invoke(HttpContext httpContext, ISwaggerProvider swaggerProvider)
   at AssignmentManagement.Api.Middleware.ExceptionMiddleware.InvokeAsync(HttpContext context) in C:\Users\Tarek\Desktop\assignment\src\AssignmentManagement.Api\Middleware\ExceptionMiddleware.cs:line 23
2026-08-08 16:07:02.464 +06:00 [ERR] [AssignmentManagement.Api.Middleware.ExceptionMiddleware] Unhandled exception occurred while processing request GET /api/submissions/824/download
AssignmentManagement.Application.Common.NotFoundException: The specified submission file does not exist on disk.
   at AssignmentManagement.Infrastructure.Services.StorageService.GetFileAsync(String relativePath, Boolean isDownload, CancellationToken cancellationToken) in C:\Users\Tarek\Desktop\assignment\src\AssignmentManagement.Infrastructure\Services\StorageService.cs:line 139
   at AssignmentManagement.Application.Services.SubmissionService.GetSubmissionFileStreamAsync(Int32 submissionId, Boolean isPreview, CancellationToken cancellationToken) in C:\Users\Tarek\Desktop\assignment\src\AssignmentManagement.Application\Services\SubmissionService.cs:line 230
   at AssignmentManagement.Api.Controllers.SubmissionsController.Download(Int32 id, CancellationToken cancellationToken) in C:\Users\Tarek\Desktop\assignment\src\AssignmentManagement.Api\Controllers\SubmissionsController.cs:line 101
   at Microsoft.AspNetCore.Mvc.Infrastructure.ActionMethodExecutor.TaskOfIActionResultExecutor.Execute(ActionContext actionContext, IActionResultTypeMapper mapper, ObjectMethodExecutor executor, Object controller, Object[] arguments)
   at Microsoft.AspNetCore.Mvc.Infrastructure.ControllerActionInvoker.<InvokeActionMethodAsync>g__Awaited|12_0(ControllerActionInvoker invoker, ValueTask`1 actionResultValueTask)
   at Microsoft.AspNetCore.Mvc.Infrastructure.ControllerActionInvoker.<InvokeNextActionFilterAsync>g__Awaited|10_0(ControllerActionInvoker invoker, Task lastTask, State next, Scope scope, Object state, Boolean isCompleted)
   at Microsoft.AspNetCore.Mvc.Infrastructure.ControllerActionInvoker.Rethrow(ActionExecutedContextSealed context)
   at Microsoft.AspNetCore.Mvc.Infrastructure.ControllerActionInvoker.Next(State& next, Scope& scope, Object& state, Boolean& isCompleted)
   at Microsoft.AspNetCore.Mvc.Infrastructure.ControllerActionInvoker.<InvokeInnerFilterAsync>g__Awaited|13_0(ControllerActionInvoker invoker, Task lastTask, State next, Scope scope, Object state, Boolean isCompleted)
   at Microsoft.AspNetCore.Mvc.Infrastructure.ResourceInvoker.<InvokeFilterPipelineAsync>g__Awaited|20_0(ResourceInvoker invoker, Task lastTask, State next, Scope scope, Object state, Boolean isCompleted)
   at Microsoft.AspNetCore.Mvc.Infrastructure.ResourceInvoker.<InvokeAsync>g__Awaited|17_0(ResourceInvoker invoker, Task task, IDisposable scope)
   at Microsoft.AspNetCore.Mvc.Infrastructure.ResourceInvoker.<InvokeAsync>g__Awaited|17_0(ResourceInvoker invoker, Task task, IDisposable scope)
   at Microsoft.AspNetCore.Authorization.AuthorizationMiddleware.Invoke(HttpContext context)
   at Microsoft.AspNetCore.Authentication.AuthenticationMiddleware.Invoke(HttpContext context)
   at Swashbuckle.AspNetCore.SwaggerUI.SwaggerUIMiddleware.Invoke(HttpContext httpContext)
   at Swashbuckle.AspNetCore.Swagger.SwaggerMiddleware.Invoke(HttpContext httpContext, ISwaggerProvider swaggerProvider)
   at AssignmentManagement.Api.Middleware.ExceptionMiddleware.InvokeAsync(HttpContext context) in C:\Users\Tarek\Desktop\assignment\src\AssignmentManagement.Api\Middleware\ExceptionMiddleware.cs:line 23
2026-08-08 16:07:46.626 +06:00 [ERR] [AssignmentManagement.Api.Middleware.ExceptionMiddleware] Unhandled exception occurred while processing request GET /api/submissions/824/preview
AssignmentManagement.Application.Common.NotFoundException: The specified submission file does not exist on disk.
   at AssignmentManagement.Infrastructure.Services.StorageService.GetFileAsync(String relativePath, Boolean isDownload, CancellationToken cancellationToken) in C:\Users\Tarek\Desktop\assignment\src\AssignmentManagement.Infrastructure\Services\StorageService.cs:line 139
   at AssignmentManagement.Application.Services.SubmissionService.GetSubmissionFileStreamAsync(Int32 submissionId, Boolean isPreview, CancellationToken cancellationToken) in C:\Users\Tarek\Desktop\assignment\src\AssignmentManagement.Application\Services\SubmissionService.cs:line 230
   at AssignmentManagement.Api.Controllers.SubmissionsController.Preview(Int32 id, CancellationToken cancellationToken) in C:\Users\Tarek\Desktop\assignment\src\AssignmentManagement.Api\Controllers\SubmissionsController.cs:line 88
   at Microsoft.AspNetCore.Mvc.Infrastructure.ActionMethodExecutor.TaskOfIActionResultExecutor.Execute(ActionContext actionContext, IActionResultTypeMapper mapper, ObjectMethodExecutor executor, Object controller, Object[] arguments)
   at Microsoft.AspNetCore.Mvc.Infrastructure.ControllerActionInvoker.<InvokeActionMethodAsync>g__Awaited|12_0(ControllerActionInvoker invoker, ValueTask`1 actionResultValueTask)
   at Microsoft.AspNetCore.Mvc.Infrastructure.ControllerActionInvoker.<InvokeNextActionFilterAsync>g__Awaited|10_0(ControllerActionInvoker invoker, Task lastTask, State next, Scope scope, Object state, Boolean isCompleted)
   at Microsoft.AspNetCore.Mvc.Infrastructure.ControllerActionInvoker.Rethrow(ActionExecutedContextSealed context)
   at Microsoft.AspNetCore.Mvc.Infrastructure.ControllerActionInvoker.Next(State& next, Scope& scope, Object& state, Boolean& isCompleted)
   at Microsoft.AspNetCore.Mvc.Infrastructure.ControllerActionInvoker.<InvokeInnerFilterAsync>g__Awaited|13_0(ControllerActionInvoker invoker, Task lastTask, State next, Scope scope, Object state, Boolean isCompleted)
   at Microsoft.AspNetCore.Mvc.Infrastructure.ResourceInvoker.<InvokeFilterPipelineAsync>g__Awaited|20_0(ResourceInvoker invoker, Task lastTask, State next, Scope scope, Object state, Boolean isCompleted)
   at Microsoft.AspNetCore.Mvc.Infrastructure.ResourceInvoker.<InvokeAsync>g__Awaited|17_0(ResourceInvoker invoker, Task task, IDisposable scope)
   at Microsoft.AspNetCore.Mvc.Infrastructure.ResourceInvoker.<InvokeAsync>g__Awaited|17_0(ResourceInvoker invoker, Task task, IDisposable scope)
   at Microsoft.AspNetCore.Authorization.AuthorizationMiddleware.Invoke(HttpContext context)
   at Microsoft.AspNetCore.Authentication.AuthenticationMiddleware.Invoke(HttpContext context)
   at Swashbuckle.AspNetCore.SwaggerUI.SwaggerUIMiddleware.Invoke(HttpContext httpContext)
   at Swashbuckle.AspNetCore.Swagger.SwaggerMiddleware.Invoke(HttpContext httpContext, ISwaggerProvider swaggerProvider)
   at AssignmentManagement.Api.Middleware.ExceptionMiddleware.InvokeAsync(HttpContext context) in C:\Users\Tarek\Desktop\assignment\src\AssignmentManagement.Api\Middleware\ExceptionMiddleware.cs:line 23
2026-08-08 16:08:47.877 +06:00 [INF] [AssignmentManagement.Application.Services.AuthService] User 4 (teacher3@school.edu.bd) logged out
2026-08-08 16:15:47.308 +06:00 [INF] [AssignmentManagement.Application.Services.AuthService] Login attempt received for email 'admin@school.edu.bd' (length 12)
2026-08-08 16:15:47.431 +06:00 [INF] [AssignmentManagement.Application.Services.AuthService] User 117 (admin@school.edu.bd) logged in successfully with role "Admin"
2026-08-08 16:17:05.884 +06:00 [INF] [AssignmentManagement.Application.Services.AuthService] User 117 (admin@school.edu.bd) logged out
2026-08-08 16:17:10.952 +06:00 [INF] [AssignmentManagement.Application.Services.AuthService] Login attempt received for email 'student77@school.edu.bd' (length 12)
2026-08-08 16:17:11.068 +06:00 [INF] [AssignmentManagement.Application.Services.AuthService] User 93 (student77@school.edu.bd) logged in successfully with role "Student"
2026-08-08 16:19:55.213 +06:00 [INF] [AssignmentManagement.Application.Services.AuthService] User 93 (student77@school.edu.bd) logged out
2026-08-08 16:19:56.968 +06:00 [INF] [AssignmentManagement.Application.Services.AuthService] Login attempt received for email 'student77@school.edu.bd' (length 12)
2026-08-08 16:19:57.088 +06:00 [INF] [AssignmentManagement.Application.Services.AuthService] User 93 (student77@school.edu.bd) logged in successfully with role "Student"
2026-08-08 16:20:25.889 +06:00 [ERR] [AssignmentManagement.Api.Middleware.ExceptionMiddleware] Unhandled exception occurred while processing request GET /api/submissions/2081/preview
AssignmentManagement.Application.Common.NotFoundException: The specified submission file does not exist on disk.
   at AssignmentManagement.Infrastructure.Services.StorageService.GetFileAsync(String relativePath, Boolean isDownload, CancellationToken cancellationToken) in C:\Users\Tarek\Desktop\assignment\src\AssignmentManagement.Infrastructure\Services\StorageService.cs:line 139
   at AssignmentManagement.Application.Services.SubmissionService.GetSubmissionFileStreamAsync(Int32 submissionId, Boolean isPreview, CancellationToken cancellationToken) in C:\Users\Tarek\Desktop\assignment\src\AssignmentManagement.Application\Services\SubmissionService.cs:line 230
   at AssignmentManagement.Api.Controllers.SubmissionsController.Preview(Int32 id, CancellationToken cancellationToken) in C:\Users\Tarek\Desktop\assignment\src\AssignmentManagement.Api\Controllers\SubmissionsController.cs:line 88
   at Microsoft.AspNetCore.Mvc.Infrastructure.ActionMethodExecutor.TaskOfIActionResultExecutor.Execute(ActionContext actionContext, IActionResultTypeMapper mapper, ObjectMethodExecutor executor, Object controller, Object[] arguments)
   at Microsoft.AspNetCore.Mvc.Infrastructure.ControllerActionInvoker.<InvokeActionMethodAsync>g__Awaited|12_0(ControllerActionInvoker invoker, ValueTask`1 actionResultValueTask)
   at Microsoft.AspNetCore.Mvc.Infrastructure.ControllerActionInvoker.<InvokeNextActionFilterAsync>g__Awaited|10_0(ControllerActionInvoker invoker, Task lastTask, State next, Scope scope, Object state, Boolean isCompleted)
   at Microsoft.AspNetCore.Mvc.Infrastructure.ControllerActionInvoker.Rethrow(ActionExecutedContextSealed context)
   at Microsoft.AspNetCore.Mvc.Infrastructure.ControllerActionInvoker.Next(State& next, Scope& scope, Object& state, Boolean& isCompleted)
   at Microsoft.AspNetCore.Mvc.Infrastructure.ControllerActionInvoker.<InvokeInnerFilterAsync>g__Awaited|13_0(ControllerActionInvoker invoker, Task lastTask, State next, Scope scope, Object state, Boolean isCompleted)
   at Microsoft.AspNetCore.Mvc.Infrastructure.ResourceInvoker.<InvokeFilterPipelineAsync>g__Awaited|20_0(ResourceInvoker invoker, Task lastTask, State next, Scope scope, Object state, Boolean isCompleted)
   at Microsoft.AspNetCore.Mvc.Infrastructure.ResourceInvoker.<InvokeAsync>g__Awaited|17_0(ResourceInvoker invoker, Task task, IDisposable scope)
   at Microsoft.AspNetCore.Mvc.Infrastructure.ResourceInvoker.<InvokeAsync>g__Awaited|17_0(ResourceInvoker invoker, Task task, IDisposable scope)
   at Microsoft.AspNetCore.Authorization.AuthorizationMiddleware.Invoke(HttpContext context)
   at Microsoft.AspNetCore.Authentication.AuthenticationMiddleware.Invoke(HttpContext context)
   at Swashbuckle.AspNetCore.SwaggerUI.SwaggerUIMiddleware.Invoke(HttpContext httpContext)
   at Swashbuckle.AspNetCore.Swagger.SwaggerMiddleware.Invoke(HttpContext httpContext, ISwaggerProvider swaggerProvider)
   at AssignmentManagement.Api.Middleware.ExceptionMiddleware.InvokeAsync(HttpContext context) in C:\Users\Tarek\Desktop\assignment\src\AssignmentManagement.Api\Middleware\ExceptionMiddleware.cs:line 23
2026-08-08 16:21:14.428 +06:00 [INF] [AssignmentManagement.Application.Services.AuthService] User 93 (student77@school.edu.bd) logged out
2026-08-08 16:26:05.451 +06:00 [INF] [AssignmentManagement.Application.Services.AuthService] Login attempt received for email 'student77@school.edu.bd' (length 12)
2026-08-08 16:26:05.592 +06:00 [INF] [AssignmentManagement.Application.Services.AuthService] User 93 (student77@school.edu.bd) logged in successfully with role "Student"
2026-08-08 16:26:27.129 +06:00 [INF] [AssignmentManagement.Application.Services.SubmissionService] Submission 2915 uploaded for Assignment 174 by Student 77 (User 93)
2026-08-08 16:26:33.380 +06:00 [INF] [AssignmentManagement.Application.Services.AuthService] User 93 (student77@school.edu.bd) logged out
2026-08-08 16:26:36.584 +06:00 [INF] [AssignmentManagement.Application.Services.AuthService] Login attempt received for email 'admin@school.edu.bd' (length 12)
2026-08-08 16:26:36.700 +06:00 [INF] [AssignmentManagement.Application.Services.AuthService] User 117 (admin@school.edu.bd) logged in successfully with role "Admin"
2026-08-08 16:27:06.276 +06:00 [INF] [AssignmentManagement.Application.Services.AuthService] User 117 (admin@school.edu.bd) logged out
2026-08-08 16:27:07.887 +06:00 [INF] [AssignmentManagement.Application.Services.AuthService] Login attempt received for email 'teacher15@school.edu.bd' (length 12)
2026-08-08 16:27:08.004 +06:00 [INF] [AssignmentManagement.Application.Services.AuthService] User 16 (teacher15@school.edu.bd) logged in successfully with role "Teacher"
2026-08-08 16:28:06.052 +06:00 [INF] [AssignmentManagement.Application.Services.SubmissionService] Submission 2915 graded with 95/100 marks by User 16
2026-08-08 16:28:38.836 +06:00 [INF] [AssignmentManagement.Application.Services.AuthService] User 16 (teacher15@school.edu.bd) logged out
2026-08-08 16:28:42.087 +06:00 [INF] [AssignmentManagement.Application.Services.AuthService] Login attempt received for email 'student100@school.edu.bd' (length 12)
2026-08-08 16:28:42.203 +06:00 [INF] [AssignmentManagement.Application.Services.AuthService] User 116 (student100@school.edu.bd) logged in successfully with role "Student"
2026-08-08 16:30:06.892 +06:00 [INF] [AssignmentManagement.Application.Services.AuthService] User 116 (student100@school.edu.bd) logged out
2026-08-08 16:30:34.607 +06:00 [INF] [AssignmentManagement.Application.Services.AuthService] Login attempt received for email 'teacher10@school.edu.bd' (length 12)
2026-08-08 16:30:34.725 +06:00 [INF] [AssignmentManagement.Application.Services.AuthService] User 11 (teacher10@school.edu.bd) logged in successfully with role "Teacher"
2026-08-08 16:34:42.460 +06:00 [INF] [AssignmentManagement.Application.Services.AuthService] User 11 (teacher10@school.edu.bd) logged out
2026-08-08 16:34:43.778 +06:00 [INF] [AssignmentManagement.Application.Services.AuthService] Login attempt received for email 'student100@school.edu.bd' (length 12)
2026-08-08 16:34:43.895 +06:00 [INF] [AssignmentManagement.Application.Services.AuthService] User 116 (student100@school.edu.bd) logged in successfully with role "Student"
2026-08-08 16:34:45.291 +06:00 [INF] [AssignmentManagement.Application.Services.AuthService] User 116 (student100@school.edu.bd) logged out
2026-08-08 16:35:02.735 +06:00 [INF] [AssignmentManagement.Application.Services.AuthService] Login attempt received for email 'teacher23@school.edu.bd' (length 12)
2026-08-08 16:35:02.737 +06:00 [WRN] [AssignmentManagement.Application.Services.AuthService] Login failed: No user found for email 'teacher23@school.edu.bd'
2026-08-08 16:35:02.737 +06:00 [ERR] [AssignmentManagement.Api.Middleware.ExceptionMiddleware] Unhandled exception occurred while processing request POST /api/auth/login
System.UnauthorizedAccessException: Invalid email or password.
   at AssignmentManagement.Application.Services.AuthService.LoginAsync(LoginRequestDto request, CancellationToken cancellationToken) in C:\Users\Tarek\Desktop\assignment\src\AssignmentManagement.Application\Services\AuthService.cs:line 42
   at AssignmentManagement.Api.Controllers.AuthController.Login(LoginRequestDto request, CancellationToken cancellationToken) in C:\Users\Tarek\Desktop\assignment\src\AssignmentManagement.Api\Controllers\AuthController.cs:line 21
   at lambda_method721(Closure, Object)
   at Microsoft.AspNetCore.Mvc.Infrastructure.ActionMethodExecutor.AwaitableObjectResultExecutor.Execute(ActionContext actionContext, IActionResultTypeMapper mapper, ObjectMethodExecutor executor, Object controller, Object[] arguments)
   at Microsoft.AspNetCore.Mvc.Infrastructure.ControllerActionInvoker.<InvokeActionMethodAsync>g__Awaited|12_0(ControllerActionInvoker invoker, ValueTask`1 actionResultValueTask)
   at Microsoft.AspNetCore.Mvc.Infrastructure.ControllerActionInvoker.<InvokeNextActionFilterAsync>g__Awaited|10_0(ControllerActionInvoker invoker, Task lastTask, State next, Scope scope, Object state, Boolean isCompleted)
   at Microsoft.AspNetCore.Mvc.Infrastructure.ControllerActionInvoker.Rethrow(ActionExecutedContextSealed context)
   at Microsoft.AspNetCore.Mvc.Infrastructure.ControllerActionInvoker.Next(State& next, Scope& scope, Object& state, Boolean& isCompleted)
   at Microsoft.AspNetCore.Mvc.Infrastructure.ControllerActionInvoker.<InvokeInnerFilterAsync>g__Awaited|13_0(ControllerActionInvoker invoker, Task lastTask, State next, Scope scope, Object state, Boolean isCompleted)
   at Microsoft.AspNetCore.Mvc.Infrastructure.ResourceInvoker.<InvokeFilterPipelineAsync>g__Awaited|20_0(ResourceInvoker invoker, Task lastTask, State next, Scope scope, Object state, Boolean isCompleted)
   at Microsoft.AspNetCore.Mvc.Infrastructure.ResourceInvoker.<InvokeAsync>g__Awaited|17_0(ResourceInvoker invoker, Task task, IDisposable scope)
   at Microsoft.AspNetCore.Mvc.Infrastructure.ResourceInvoker.<InvokeAsync>g__Awaited|17_0(ResourceInvoker invoker, Task task, IDisposable scope)
   at Microsoft.AspNetCore.Authorization.AuthorizationMiddleware.Invoke(HttpContext context)
   at Microsoft.AspNetCore.Authentication.AuthenticationMiddleware.Invoke(HttpContext context)
   at Swashbuckle.AspNetCore.SwaggerUI.SwaggerUIMiddleware.Invoke(HttpContext httpContext)
   at Swashbuckle.AspNetCore.Swagger.SwaggerMiddleware.Invoke(HttpContext httpContext, ISwaggerProvider swaggerProvider)
   at AssignmentManagement.Api.Middleware.ExceptionMiddleware.InvokeAsync(HttpContext context) in C:\Users\Tarek\Desktop\assignment\src\AssignmentManagement.Api\Middleware\ExceptionMiddleware.cs:line 23
2026-08-08 16:35:03.325 +06:00 [INF] [AssignmentManagement.Application.Services.AuthService] Login attempt received for email 'teacher23@school.edu.bd' (length 12)
2026-08-08 16:35:03.327 +06:00 [WRN] [AssignmentManagement.Application.Services.AuthService] Login failed: No user found for email 'teacher23@school.edu.bd'
2026-08-08 16:35:03.327 +06:00 [ERR] [AssignmentManagement.Api.Middleware.ExceptionMiddleware] Unhandled exception occurred while processing request POST /api/auth/login
System.UnauthorizedAccessException: Invalid email or password.
   at AssignmentManagement.Application.Services.AuthService.LoginAsync(LoginRequestDto request, CancellationToken cancellationToken) in C:\Users\Tarek\Desktop\assignment\src\AssignmentManagement.Application\Services\AuthService.cs:line 42
   at AssignmentManagement.Api.Controllers.AuthController.Login(LoginRequestDto request, CancellationToken cancellationToken) in C:\Users\Tarek\Desktop\assignment\src\AssignmentManagement.Api\Controllers\AuthController.cs:line 21
   at lambda_method721(Closure, Object)
   at Microsoft.AspNetCore.Mvc.Infrastructure.ActionMethodExecutor.AwaitableObjectResultExecutor.Execute(ActionContext actionContext, IActionResultTypeMapper mapper, ObjectMethodExecutor executor, Object controller, Object[] arguments)
   at Microsoft.AspNetCore.Mvc.Infrastructure.ControllerActionInvoker.<InvokeActionMethodAsync>g__Awaited|12_0(ControllerActionInvoker invoker, ValueTask`1 actionResultValueTask)
   at Microsoft.AspNetCore.Mvc.Infrastructure.ControllerActionInvoker.<InvokeNextActionFilterAsync>g__Awaited|10_0(ControllerActionInvoker invoker, Task lastTask, State next, Scope scope, Object state, Boolean isCompleted)
   at Microsoft.AspNetCore.Mvc.Infrastructure.ControllerActionInvoker.Rethrow(ActionExecutedContextSealed context)
   at Microsoft.AspNetCore.Mvc.Infrastructure.ControllerActionInvoker.Next(State& next, Scope& scope, Object& state, Boolean& isCompleted)
   at Microsoft.AspNetCore.Mvc.Infrastructure.ControllerActionInvoker.<InvokeInnerFilterAsync>g__Awaited|13_0(ControllerActionInvoker invoker, Task lastTask, State next, Scope scope, Object state, Boolean isCompleted)
   at Microsoft.AspNetCore.Mvc.Infrastructure.ResourceInvoker.<InvokeFilterPipelineAsync>g__Awaited|20_0(ResourceInvoker invoker, Task lastTask, State next, Scope scope, Object state, Boolean isCompleted)
   at Microsoft.AspNetCore.Mvc.Infrastructure.ResourceInvoker.<InvokeAsync>g__Awaited|17_0(ResourceInvoker invoker, Task task, IDisposable scope)
   at Microsoft.AspNetCore.Mvc.Infrastructure.ResourceInvoker.<InvokeAsync>g__Awaited|17_0(ResourceInvoker invoker, Task task, IDisposable scope)
   at Microsoft.AspNetCore.Authorization.AuthorizationMiddleware.Invoke(HttpContext context)
   at Microsoft.AspNetCore.Authentication.AuthenticationMiddleware.Invoke(HttpContext context)
   at Swashbuckle.AspNetCore.SwaggerUI.SwaggerUIMiddleware.Invoke(HttpContext httpContext)
   at Swashbuckle.AspNetCore.Swagger.SwaggerMiddleware.Invoke(HttpContext httpContext, ISwaggerProvider swaggerProvider)
   at AssignmentManagement.Api.Middleware.ExceptionMiddleware.InvokeAsync(HttpContext context) in C:\Users\Tarek\Desktop\assignment\src\AssignmentManagement.Api\Middleware\ExceptionMiddleware.cs:line 23
2026-08-08 16:35:07.589 +06:00 [INF] [AssignmentManagement.Application.Services.AuthService] Login attempt received for email 'teacher33@school.edu.bd' (length 12)
2026-08-08 16:35:07.591 +06:00 [WRN] [AssignmentManagement.Application.Services.AuthService] Login failed: No user found for email 'teacher33@school.edu.bd'
2026-08-08 16:35:07.592 +06:00 [ERR] [AssignmentManagement.Api.Middleware.ExceptionMiddleware] Unhandled exception occurred while processing request POST /api/auth/login
System.UnauthorizedAccessException: Invalid email or password.
   at AssignmentManagement.Application.Services.AuthService.LoginAsync(LoginRequestDto request, CancellationToken cancellationToken) in C:\Users\Tarek\Desktop\assignment\src\AssignmentManagement.Application\Services\AuthService.cs:line 42
   at AssignmentManagement.Api.Controllers.AuthController.Login(LoginRequestDto request, CancellationToken cancellationToken) in C:\Users\Tarek\Desktop\assignment\src\AssignmentManagement.Api\Controllers\AuthController.cs:line 21
   at lambda_method721(Closure, Object)
   at Microsoft.AspNetCore.Mvc.Infrastructure.ActionMethodExecutor.AwaitableObjectResultExecutor.Execute(ActionContext actionContext, IActionResultTypeMapper mapper, ObjectMethodExecutor executor, Object controller, Object[] arguments)
   at Microsoft.AspNetCore.Mvc.Infrastructure.ControllerActionInvoker.<InvokeActionMethodAsync>g__Awaited|12_0(ControllerActionInvoker invoker, ValueTask`1 actionResultValueTask)
   at Microsoft.AspNetCore.Mvc.Infrastructure.ControllerActionInvoker.<InvokeNextActionFilterAsync>g__Awaited|10_0(ControllerActionInvoker invoker, Task lastTask, State next, Scope scope, Object state, Boolean isCompleted)
   at Microsoft.AspNetCore.Mvc.Infrastructure.ControllerActionInvoker.Rethrow(ActionExecutedContextSealed context)
   at Microsoft.AspNetCore.Mvc.Infrastructure.ControllerActionInvoker.Next(State& next, Scope& scope, Object& state, Boolean& isCompleted)
   at Microsoft.AspNetCore.Mvc.Infrastructure.ControllerActionInvoker.<InvokeInnerFilterAsync>g__Awaited|13_0(ControllerActionInvoker invoker, Task lastTask, State next, Scope scope, Object state, Boolean isCompleted)
   at Microsoft.AspNetCore.Mvc.Infrastructure.ResourceInvoker.<InvokeFilterPipelineAsync>g__Awaited|20_0(ResourceInvoker invoker, Task lastTask, State next, Scope scope, Object state, Boolean isCompleted)
   at Microsoft.AspNetCore.Mvc.Infrastructure.ResourceInvoker.<InvokeAsync>g__Awaited|17_0(ResourceInvoker invoker, Task task, IDisposable scope)
   at Microsoft.AspNetCore.Mvc.Infrastructure.ResourceInvoker.<InvokeAsync>g__Awaited|17_0(ResourceInvoker invoker, Task task, IDisposable scope)
   at Microsoft.AspNetCore.Authorization.AuthorizationMiddleware.Invoke(HttpContext context)
   at Microsoft.AspNetCore.Authentication.AuthenticationMiddleware.Invoke(HttpContext context)
   at Swashbuckle.AspNetCore.SwaggerUI.SwaggerUIMiddleware.Invoke(HttpContext httpContext)
   at Swashbuckle.AspNetCore.Swagger.SwaggerMiddleware.Invoke(HttpContext httpContext, ISwaggerProvider swaggerProvider)
   at AssignmentManagement.Api.Middleware.ExceptionMiddleware.InvokeAsync(HttpContext context) in C:\Users\Tarek\Desktop\assignment\src\AssignmentManagement.Api\Middleware\ExceptionMiddleware.cs:line 23
2026-08-08 16:35:10.231 +06:00 [INF] [AssignmentManagement.Application.Services.AuthService] Login attempt received for email 'teacher30@school.edu.bd' (length 12)
2026-08-08 16:35:10.232 +06:00 [WRN] [AssignmentManagement.Application.Services.AuthService] Login failed: No user found for email 'teacher30@school.edu.bd'
2026-08-08 16:35:10.232 +06:00 [ERR] [AssignmentManagement.Api.Middleware.ExceptionMiddleware] Unhandled exception occurred while processing request POST /api/auth/login
System.UnauthorizedAccessException: Invalid email or password.
   at AssignmentManagement.Application.Services.AuthService.LoginAsync(LoginRequestDto request, CancellationToken cancellationToken) in C:\Users\Tarek\Desktop\assignment\src\AssignmentManagement.Application\Services\AuthService.cs:line 42
   at AssignmentManagement.Api.Controllers.AuthController.Login(LoginRequestDto request, CancellationToken cancellationToken) in C:\Users\Tarek\Desktop\assignment\src\AssignmentManagement.Api\Controllers\AuthController.cs:line 21
   at lambda_method721(Closure, Object)
   at Microsoft.AspNetCore.Mvc.Infrastructure.ActionMethodExecutor.AwaitableObjectResultExecutor.Execute(ActionContext actionContext, IActionResultTypeMapper mapper, ObjectMethodExecutor executor, Object controller, Object[] arguments)
   at Microsoft.AspNetCore.Mvc.Infrastructure.ControllerActionInvoker.<InvokeActionMethodAsync>g__Awaited|12_0(ControllerActionInvoker invoker, ValueTask`1 actionResultValueTask)
   at Microsoft.AspNetCore.Mvc.Infrastructure.ControllerActionInvoker.<InvokeNextActionFilterAsync>g__Awaited|10_0(ControllerActionInvoker invoker, Task lastTask, State next, Scope scope, Object state, Boolean isCompleted)
   at Microsoft.AspNetCore.Mvc.Infrastructure.ControllerActionInvoker.Rethrow(ActionExecutedContextSealed context)
   at Microsoft.AspNetCore.Mvc.Infrastructure.ControllerActionInvoker.Next(State& next, Scope& scope, Object& state, Boolean& isCompleted)
   at Microsoft.AspNetCore.Mvc.Infrastructure.ControllerActionInvoker.<InvokeInnerFilterAsync>g__Awaited|13_0(ControllerActionInvoker invoker, Task lastTask, State next, Scope scope, Object state, Boolean isCompleted)
   at Microsoft.AspNetCore.Mvc.Infrastructure.ResourceInvoker.<InvokeFilterPipelineAsync>g__Awaited|20_0(ResourceInvoker invoker, Task lastTask, State next, Scope scope, Object state, Boolean isCompleted)
   at Microsoft.AspNetCore.Mvc.Infrastructure.ResourceInvoker.<InvokeAsync>g__Awaited|17_0(ResourceInvoker invoker, Task task, IDisposable scope)
   at Microsoft.AspNetCore.Mvc.Infrastructure.ResourceInvoker.<InvokeAsync>g__Awaited|17_0(ResourceInvoker invoker, Task task, IDisposable scope)
   at Microsoft.AspNetCore.Authorization.AuthorizationMiddleware.Invoke(HttpContext context)
   at Microsoft.AspNetCore.Authentication.AuthenticationMiddleware.Invoke(HttpContext context)
   at Swashbuckle.AspNetCore.SwaggerUI.SwaggerUIMiddleware.Invoke(HttpContext httpContext)
   at Swashbuckle.AspNetCore.Swagger.SwaggerMiddleware.Invoke(HttpContext httpContext, ISwaggerProvider swaggerProvider)
   at AssignmentManagement.Api.Middleware.ExceptionMiddleware.InvokeAsync(HttpContext context) in C:\Users\Tarek\Desktop\assignment\src\AssignmentManagement.Api\Middleware\ExceptionMiddleware.cs:line 23
2026-08-08 16:35:23.298 +06:00 [INF] [AssignmentManagement.Application.Services.AuthService] Login attempt received for email 'student100@school.edu.bd' (length 12)
2026-08-08 16:35:23.415 +06:00 [INF] [AssignmentManagement.Application.Services.AuthService] User 116 (student100@school.edu.bd) logged in successfully with role "Student"
2026-08-08 16:35:25.899 +06:00 [INF] [AssignmentManagement.Application.Services.AuthService] User 116 (student100@school.edu.bd) logged out
2026-08-08 16:35:40.078 +06:00 [INF] [AssignmentManagement.Application.Services.AuthService] Login attempt received for email 'teacher3@school.edu.bd' (length 12)
2026-08-08 16:35:40.199 +06:00 [INF] [AssignmentManagement.Application.Services.AuthService] User 4 (teacher3@school.edu.bd) logged in successfully with role "Teacher"
2026-08-08 16:35:40.982 +06:00 [INF] [AssignmentManagement.Application.Services.AuthService] Login attempt received for email 'teacher3@school.edu.bd' (length 12)
2026-08-08 16:35:41.102 +06:00 [INF] [AssignmentManagement.Application.Services.AuthService] User 4 (teacher3@school.edu.bd) logged in successfully with role "Teacher"
2026-08-08 16:35:52.822 +06:00 [INF] [AssignmentManagement.Application.Services.AuthService] Login attempt received for email 'teacher3@school.edu.bd' (length 12)
2026-08-08 16:35:52.943 +06:00 [INF] [AssignmentManagement.Application.Services.AuthService] User 4 (teacher3@school.edu.bd) logged in successfully with role "Teacher"
2026-08-08 16:36:06.655 +06:00 [INF] [AssignmentManagement.Application.Services.AuthService] Login attempt received for email 'teacher3@school.edu.bd' (length 12)
2026-08-08 16:36:06.776 +06:00 [INF] [AssignmentManagement.Application.Services.AuthService] User 4 (teacher3@school.edu.bd) logged in successfully with role "Teacher"
2026-08-08 16:36:18.789 +06:00 [INF] [AssignmentManagement.Application.Services.AuthService] Login attempt received for email 'teacher3@school.edu.bd' (length 12)
2026-08-08 16:36:18.930 +06:00 [INF] [AssignmentManagement.Application.Services.AuthService] User 4 (teacher3@school.edu.bd) logged in successfully with role "Teacher"
2026-08-08 16:38:00.778 +06:00 [ERR] [AssignmentManagement.Api.Middleware.ExceptionMiddleware] Unhandled exception occurred while processing request GET /api/submissions/87/preview
AssignmentManagement.Application.Common.NotFoundException: The specified submission file does not exist on disk.
   at AssignmentManagement.Infrastructure.Services.StorageService.GetFileAsync(String relativePath, Boolean isDownload, CancellationToken cancellationToken) in C:\Users\Tarek\Desktop\assignment\src\AssignmentManagement.Infrastructure\Services\StorageService.cs:line 139
   at AssignmentManagement.Application.Services.SubmissionService.GetSubmissionFileStreamAsync(Int32 submissionId, Boolean isPreview, CancellationToken cancellationToken) in C:\Users\Tarek\Desktop\assignment\src\AssignmentManagement.Application\Services\SubmissionService.cs:line 230
   at AssignmentManagement.Api.Controllers.SubmissionsController.Preview(Int32 id, CancellationToken cancellationToken) in C:\Users\Tarek\Desktop\assignment\src\AssignmentManagement.Api\Controllers\SubmissionsController.cs:line 88
   at Microsoft.AspNetCore.Mvc.Infrastructure.ActionMethodExecutor.TaskOfIActionResultExecutor.Execute(ActionContext actionContext, IActionResultTypeMapper mapper, ObjectMethodExecutor executor, Object controller, Object[] arguments)
   at Microsoft.AspNetCore.Mvc.Infrastructure.ControllerActionInvoker.<InvokeActionMethodAsync>g__Awaited|12_0(ControllerActionInvoker invoker, ValueTask`1 actionResultValueTask)
   at Microsoft.AspNetCore.Mvc.Infrastructure.ControllerActionInvoker.<InvokeNextActionFilterAsync>g__Awaited|10_0(ControllerActionInvoker invoker, Task lastTask, State next, Scope scope, Object state, Boolean isCompleted)
   at Microsoft.AspNetCore.Mvc.Infrastructure.ControllerActionInvoker.Rethrow(ActionExecutedContextSealed context)
   at Microsoft.AspNetCore.Mvc.Infrastructure.ControllerActionInvoker.Next(State& next, Scope& scope, Object& state, Boolean& isCompleted)
   at Microsoft.AspNetCore.Mvc.Infrastructure.ControllerActionInvoker.<InvokeInnerFilterAsync>g__Awaited|13_0(ControllerActionInvoker invoker, Task lastTask, State next, Scope scope, Object state, Boolean isCompleted)
   at Microsoft.AspNetCore.Mvc.Infrastructure.ResourceInvoker.<InvokeFilterPipelineAsync>g__Awaited|20_0(ResourceInvoker invoker, Task lastTask, State next, Scope scope, Object state, Boolean isCompleted)
   at Microsoft.AspNetCore.Mvc.Infrastructure.ResourceInvoker.<InvokeAsync>g__Awaited|17_0(ResourceInvoker invoker, Task task, IDisposable scope)
   at Microsoft.AspNetCore.Mvc.Infrastructure.ResourceInvoker.<InvokeAsync>g__Awaited|17_0(ResourceInvoker invoker, Task task, IDisposable scope)
   at Microsoft.AspNetCore.Authorization.AuthorizationMiddleware.Invoke(HttpContext context)
   at Microsoft.AspNetCore.Authentication.AuthenticationMiddleware.Invoke(HttpContext context)
   at Swashbuckle.AspNetCore.SwaggerUI.SwaggerUIMiddleware.Invoke(HttpContext httpContext)
   at Swashbuckle.AspNetCore.Swagger.SwaggerMiddleware.Invoke(HttpContext httpContext, ISwaggerProvider swaggerProvider)
   at AssignmentManagement.Api.Middleware.ExceptionMiddleware.InvokeAsync(HttpContext context) in C:\Users\Tarek\Desktop\assignment\src\AssignmentManagement.Api\Middleware\ExceptionMiddleware.cs:line 23
2026-08-08 16:38:00.783 +06:00 [ERR] [AssignmentManagement.Api.Middleware.ExceptionMiddleware] Unhandled exception occurred while processing request GET /api/submissions/87/preview
AssignmentManagement.Application.Common.NotFoundException: The specified submission file does not exist on disk.
   at AssignmentManagement.Infrastructure.Services.StorageService.GetFileAsync(String relativePath, Boolean isDownload, CancellationToken cancellationToken) in C:\Users\Tarek\Desktop\assignment\src\AssignmentManagement.Infrastructure\Services\StorageService.cs:line 139
   at AssignmentManagement.Application.Services.SubmissionService.GetSubmissionFileStreamAsync(Int32 submissionId, Boolean isPreview, CancellationToken cancellationToken) in C:\Users\Tarek\Desktop\assignment\src\AssignmentManagement.Application\Services\SubmissionService.cs:line 230
   at AssignmentManagement.Api.Controllers.SubmissionsController.Preview(Int32 id, CancellationToken cancellationToken) in C:\Users\Tarek\Desktop\assignment\src\AssignmentManagement.Api\Controllers\SubmissionsController.cs:line 88
   at Microsoft.AspNetCore.Mvc.Infrastructure.ActionMethodExecutor.TaskOfIActionResultExecutor.Execute(ActionContext actionContext, IActionResultTypeMapper mapper, ObjectMethodExecutor executor, Object controller, Object[] arguments)
   at Microsoft.AspNetCore.Mvc.Infrastructure.ControllerActionInvoker.<InvokeActionMethodAsync>g__Awaited|12_0(ControllerActionInvoker invoker, ValueTask`1 actionResultValueTask)
   at Microsoft.AspNetCore.Mvc.Infrastructure.ControllerActionInvoker.<InvokeNextActionFilterAsync>g__Awaited|10_0(ControllerActionInvoker invoker, Task lastTask, State next, Scope scope, Object state, Boolean isCompleted)
   at Microsoft.AspNetCore.Mvc.Infrastructure.ControllerActionInvoker.Rethrow(ActionExecutedContextSealed context)
   at Microsoft.AspNetCore.Mvc.Infrastructure.ControllerActionInvoker.Next(State& next, Scope& scope, Object& state, Boolean& isCompleted)
   at Microsoft.AspNetCore.Mvc.Infrastructure.ControllerActionInvoker.<InvokeInnerFilterAsync>g__Awaited|13_0(ControllerActionInvoker invoker, Task lastTask, State next, Scope scope, Object state, Boolean isCompleted)
   at Microsoft.AspNetCore.Mvc.Infrastructure.ResourceInvoker.<InvokeFilterPipelineAsync>g__Awaited|20_0(ResourceInvoker invoker, Task lastTask, State next, Scope scope, Object state, Boolean isCompleted)
   at Microsoft.AspNetCore.Mvc.Infrastructure.ResourceInvoker.<InvokeAsync>g__Awaited|17_0(ResourceInvoker invoker, Task task, IDisposable scope)
   at Microsoft.AspNetCore.Mvc.Infrastructure.ResourceInvoker.<InvokeAsync>g__Awaited|17_0(ResourceInvoker invoker, Task task, IDisposable scope)
   at Microsoft.AspNetCore.Authorization.AuthorizationMiddleware.Invoke(HttpContext context)
   at Microsoft.AspNetCore.Authentication.AuthenticationMiddleware.Invoke(HttpContext context)
   at Swashbuckle.AspNetCore.SwaggerUI.SwaggerUIMiddleware.Invoke(HttpContext httpContext)
   at Swashbuckle.AspNetCore.Swagger.SwaggerMiddleware.Invoke(HttpContext httpContext, ISwaggerProvider swaggerProvider)
   at AssignmentManagement.Api.Middleware.ExceptionMiddleware.InvokeAsync(HttpContext context) in C:\Users\Tarek\Desktop\assignment\src\AssignmentManagement.Api\Middleware\ExceptionMiddleware.cs:line 23
2026-08-08 16:41:26.708 +06:00 [INF] [AssignmentManagement.Application.Services.AuthService] User 4 (teacher3@school.edu.bd) logged out
2026-08-08 16:43:46.426 +06:00 [INF] [AssignmentManagement.Application.Services.AuthService] Login attempt received for email 'teacher3@school.edu.bd' (length 12)
2026-08-08 16:43:46.545 +06:00 [INF] [AssignmentManagement.Application.Services.AuthService] User 4 (teacher3@school.edu.bd) logged in successfully with role "Teacher"
2026-08-08 16:43:50.803 +06:00 [INF] [AssignmentManagement.Application.Services.AuthService] User 4 (teacher3@school.edu.bd) logged out
2026-08-08 16:43:59.086 +06:00 [INF] [AssignmentManagement.Application.Services.AuthService] Login attempt received for email 'admin@school.edu.bd' (length 12)
2026-08-08 16:43:59.205 +06:00 [INF] [AssignmentManagement.Application.Services.AuthService] User 117 (admin@school.edu.bd) logged in successfully with role "Admin"
2026-08-08 16:50:25.044 +06:00 [INF] [AssignmentManagement.Application.Services.AuthService] User 117 (admin@school.edu.bd) logged out
2026-08-08 16:50:30.288 +06:00 [INF] [AssignmentManagement.Application.Services.AuthService] Login attempt received for email 'admin@school.edu.bd' (length 12)
2026-08-08 16:50:30.405 +06:00 [INF] [AssignmentManagement.Application.Services.AuthService] User 117 (admin@school.edu.bd) logged in successfully with role "Admin"
2026-08-08 16:51:00.963 +06:00 [INF] [AssignmentManagement.Application.Services.AuthService] User 117 (admin@school.edu.bd) logged out
2026-08-08 16:51:04.686 +06:00 [INF] [AssignmentManagement.Application.Services.AuthService] Login attempt received for email 'teacher3@school.edu.bd' (length 12)
2026-08-08 16:51:04.801 +06:00 [INF] [AssignmentManagement.Application.Services.AuthService] User 4 (teacher3@school.edu.bd) logged in successfully with role "Teacher"
2026-08-08 16:51:52.870 +06:00 [ERR] [AssignmentManagement.Api.Middleware.ExceptionMiddleware] Unhandled exception occurred while processing request GET /api/submissions/807/preview
AssignmentManagement.Application.Common.NotFoundException: The specified submission file does not exist on disk.
   at AssignmentManagement.Infrastructure.Services.StorageService.GetFileAsync(String relativePath, Boolean isDownload, CancellationToken cancellationToken) in C:\Users\Tarek\Desktop\assignment\src\AssignmentManagement.Infrastructure\Services\StorageService.cs:line 139
   at AssignmentManagement.Application.Services.SubmissionService.GetSubmissionFileStreamAsync(Int32 submissionId, Boolean isPreview, CancellationToken cancellationToken) in C:\Users\Tarek\Desktop\assignment\src\AssignmentManagement.Application\Services\SubmissionService.cs:line 230
   at AssignmentManagement.Api.Controllers.SubmissionsController.Preview(Int32 id, CancellationToken cancellationToken) in C:\Users\Tarek\Desktop\assignment\src\AssignmentManagement.Api\Controllers\SubmissionsController.cs:line 88
   at Microsoft.AspNetCore.Mvc.Infrastructure.ActionMethodExecutor.TaskOfIActionResultExecutor.Execute(ActionContext actionContext, IActionResultTypeMapper mapper, ObjectMethodExecutor executor, Object controller, Object[] arguments)
   at Microsoft.AspNetCore.Mvc.Infrastructure.ControllerActionInvoker.<InvokeActionMethodAsync>g__Awaited|12_0(ControllerActionInvoker invoker, ValueTask`1 actionResultValueTask)
   at Microsoft.AspNetCore.Mvc.Infrastructure.ControllerActionInvoker.<InvokeNextActionFilterAsync>g__Awaited|10_0(ControllerActionInvoker invoker, Task lastTask, State next, Scope scope, Object state, Boolean isCompleted)
   at Microsoft.AspNetCore.Mvc.Infrastructure.ControllerActionInvoker.Rethrow(ActionExecutedContextSealed context)
   at Microsoft.AspNetCore.Mvc.Infrastructure.ControllerActionInvoker.Next(State& next, Scope& scope, Object& state, Boolean& isCompleted)
   at Microsoft.AspNetCore.Mvc.Infrastructure.ControllerActionInvoker.<InvokeInnerFilterAsync>g__Awaited|13_0(ControllerActionInvoker invoker, Task lastTask, State next, Scope scope, Object state, Boolean isCompleted)
   at Microsoft.AspNetCore.Mvc.Infrastructure.ResourceInvoker.<InvokeFilterPipelineAsync>g__Awaited|20_0(ResourceInvoker invoker, Task lastTask, State next, Scope scope, Object state, Boolean isCompleted)
   at Microsoft.AspNetCore.Mvc.Infrastructure.ResourceInvoker.<InvokeAsync>g__Awaited|17_0(ResourceInvoker invoker, Task task, IDisposable scope)
   at Microsoft.AspNetCore.Mvc.Infrastructure.ResourceInvoker.<InvokeAsync>g__Awaited|17_0(ResourceInvoker invoker, Task task, IDisposable scope)
   at Microsoft.AspNetCore.Authorization.AuthorizationMiddleware.Invoke(HttpContext context)
   at Microsoft.AspNetCore.Authentication.AuthenticationMiddleware.Invoke(HttpContext context)
   at Swashbuckle.AspNetCore.SwaggerUI.SwaggerUIMiddleware.Invoke(HttpContext httpContext)
   at Swashbuckle.AspNetCore.Swagger.SwaggerMiddleware.Invoke(HttpContext httpContext, ISwaggerProvider swaggerProvider)
   at AssignmentManagement.Api.Middleware.ExceptionMiddleware.InvokeAsync(HttpContext context) in C:\Users\Tarek\Desktop\assignment\src\AssignmentManagement.Api\Middleware\ExceptionMiddleware.cs:line 23
2026-08-08 16:51:58.329 +06:00 [ERR] [AssignmentManagement.Api.Middleware.ExceptionMiddleware] Unhandled exception occurred while processing request GET /api/submissions/807/preview
AssignmentManagement.Application.Common.NotFoundException: The specified submission file does not exist on disk.
   at AssignmentManagement.Infrastructure.Services.StorageService.GetFileAsync(String relativePath, Boolean isDownload, CancellationToken cancellationToken) in C:\Users\Tarek\Desktop\assignment\src\AssignmentManagement.Infrastructure\Services\StorageService.cs:line 139
   at AssignmentManagement.Application.Services.SubmissionService.GetSubmissionFileStreamAsync(Int32 submissionId, Boolean isPreview, CancellationToken cancellationToken) in C:\Users\Tarek\Desktop\assignment\src\AssignmentManagement.Application\Services\SubmissionService.cs:line 230
   at AssignmentManagement.Api.Controllers.SubmissionsController.Preview(Int32 id, CancellationToken cancellationToken) in C:\Users\Tarek\Desktop\assignment\src\AssignmentManagement.Api\Controllers\SubmissionsController.cs:line 88
   at Microsoft.AspNetCore.Mvc.Infrastructure.ActionMethodExecutor.TaskOfIActionResultExecutor.Execute(ActionContext actionContext, IActionResultTypeMapper mapper, ObjectMethodExecutor executor, Object controller, Object[] arguments)
   at Microsoft.AspNetCore.Mvc.Infrastructure.ControllerActionInvoker.<InvokeActionMethodAsync>g__Awaited|12_0(ControllerActionInvoker invoker, ValueTask`1 actionResultValueTask)
   at Microsoft.AspNetCore.Mvc.Infrastructure.ControllerActionInvoker.<InvokeNextActionFilterAsync>g__Awaited|10_0(ControllerActionInvoker invoker, Task lastTask, State next, Scope scope, Object state, Boolean isCompleted)
   at Microsoft.AspNetCore.Mvc.Infrastructure.ControllerActionInvoker.Rethrow(ActionExecutedContextSealed context)
   at Microsoft.AspNetCore.Mvc.Infrastructure.ControllerActionInvoker.Next(State& next, Scope& scope, Object& state, Boolean& isCompleted)
   at Microsoft.AspNetCore.Mvc.Infrastructure.ControllerActionInvoker.<InvokeInnerFilterAsync>g__Awaited|13_0(ControllerActionInvoker invoker, Task lastTask, State next, Scope scope, Object state, Boolean isCompleted)
   at Microsoft.AspNetCore.Mvc.Infrastructure.ResourceInvoker.<InvokeFilterPipelineAsync>g__Awaited|20_0(ResourceInvoker invoker, Task lastTask, State next, Scope scope, Object state, Boolean isCompleted)
   at Microsoft.AspNetCore.Mvc.Infrastructure.ResourceInvoker.<InvokeAsync>g__Awaited|17_0(ResourceInvoker invoker, Task task, IDisposable scope)
   at Microsoft.AspNetCore.Mvc.Infrastructure.ResourceInvoker.<InvokeAsync>g__Awaited|17_0(ResourceInvoker invoker, Task task, IDisposable scope)
   at Microsoft.AspNetCore.Authorization.AuthorizationMiddleware.Invoke(HttpContext context)
   at Microsoft.AspNetCore.Authentication.AuthenticationMiddleware.Invoke(HttpContext context)
   at Swashbuckle.AspNetCore.SwaggerUI.SwaggerUIMiddleware.Invoke(HttpContext httpContext)
   at Swashbuckle.AspNetCore.Swagger.SwaggerMiddleware.Invoke(HttpContext httpContext, ISwaggerProvider swaggerProvider)
   at AssignmentManagement.Api.Middleware.ExceptionMiddleware.InvokeAsync(HttpContext context) in C:\Users\Tarek\Desktop\assignment\src\AssignmentManagement.Api\Middleware\ExceptionMiddleware.cs:line 23
2026-08-08 16:52:01.799 +06:00 [ERR] [AssignmentManagement.Api.Middleware.ExceptionMiddleware] Unhandled exception occurred while processing request GET /api/submissions/807/preview
AssignmentManagement.Application.Common.NotFoundException: The specified submission file does not exist on disk.
   at AssignmentManagement.Infrastructure.Services.StorageService.GetFileAsync(String relativePath, Boolean isDownload, CancellationToken cancellationToken) in C:\Users\Tarek\Desktop\assignment\src\AssignmentManagement.Infrastructure\Services\StorageService.cs:line 139
   at AssignmentManagement.Application.Services.SubmissionService.GetSubmissionFileStreamAsync(Int32 submissionId, Boolean isPreview, CancellationToken cancellationToken) in C:\Users\Tarek\Desktop\assignment\src\AssignmentManagement.Application\Services\SubmissionService.cs:line 230
   at AssignmentManagement.Api.Controllers.SubmissionsController.Preview(Int32 id, CancellationToken cancellationToken) in C:\Users\Tarek\Desktop\assignment\src\AssignmentManagement.Api\Controllers\SubmissionsController.cs:line 88
   at Microsoft.AspNetCore.Mvc.Infrastructure.ActionMethodExecutor.TaskOfIActionResultExecutor.Execute(ActionContext actionContext, IActionResultTypeMapper mapper, ObjectMethodExecutor executor, Object controller, Object[] arguments)
   at Microsoft.AspNetCore.Mvc.Infrastructure.ControllerActionInvoker.<InvokeActionMethodAsync>g__Awaited|12_0(ControllerActionInvoker invoker, ValueTask`1 actionResultValueTask)
   at Microsoft.AspNetCore.Mvc.Infrastructure.ControllerActionInvoker.<InvokeNextActionFilterAsync>g__Awaited|10_0(ControllerActionInvoker invoker, Task lastTask, State next, Scope scope, Object state, Boolean isCompleted)
   at Microsoft.AspNetCore.Mvc.Infrastructure.ControllerActionInvoker.Rethrow(ActionExecutedContextSealed context)
   at Microsoft.AspNetCore.Mvc.Infrastructure.ControllerActionInvoker.Next(State& next, Scope& scope, Object& state, Boolean& isCompleted)
   at Microsoft.AspNetCore.Mvc.Infrastructure.ControllerActionInvoker.<InvokeInnerFilterAsync>g__Awaited|13_0(ControllerActionInvoker invoker, Task lastTask, State next, Scope scope, Object state, Boolean isCompleted)
   at Microsoft.AspNetCore.Mvc.Infrastructure.ResourceInvoker.<InvokeFilterPipelineAsync>g__Awaited|20_0(ResourceInvoker invoker, Task lastTask, State next, Scope scope, Object state, Boolean isCompleted)
   at Microsoft.AspNetCore.Mvc.Infrastructure.ResourceInvoker.<InvokeAsync>g__Awaited|17_0(ResourceInvoker invoker, Task task, IDisposable scope)
   at Microsoft.AspNetCore.Mvc.Infrastructure.ResourceInvoker.<InvokeAsync>g__Awaited|17_0(ResourceInvoker invoker, Task task, IDisposable scope)
   at Microsoft.AspNetCore.Authorization.AuthorizationMiddleware.Invoke(HttpContext context)
   at Microsoft.AspNetCore.Authentication.AuthenticationMiddleware.Invoke(HttpContext context)
   at Swashbuckle.AspNetCore.SwaggerUI.SwaggerUIMiddleware.Invoke(HttpContext httpContext)
   at Swashbuckle.AspNetCore.Swagger.SwaggerMiddleware.Invoke(HttpContext httpContext, ISwaggerProvider swaggerProvider)
   at AssignmentManagement.Api.Middleware.ExceptionMiddleware.InvokeAsync(HttpContext context) in C:\Users\Tarek\Desktop\assignment\src\AssignmentManagement.Api\Middleware\ExceptionMiddleware.cs:line 23
2026-08-08 16:52:40.619 +06:00 [INF] [AssignmentManagement.Application.Services.AuthService] User 4 (teacher3@school.edu.bd) logged out
2026-08-08 16:52:41.679 +06:00 [INF] [AssignmentManagement.Application.Services.AuthService] Login attempt received for email 'teacher3@school.edu.bd' (length 12)
2026-08-08 16:52:41.795 +06:00 [INF] [AssignmentManagement.Application.Services.AuthService] User 4 (teacher3@school.edu.bd) logged in successfully with role "Teacher"
2026-08-08 16:55:43.243 +06:00 [INF] [AssignmentManagement.Application.Services.AuthService] User 4 (teacher3@school.edu.bd) logged out
